orderId,customerId,productId,quantity,unitPrice,country,orderDate
T0000000,C00404,P0075,5,368.16,Germany,2024-12-31
T0000001,C01856,P0152,4,398.19,Germany,2024-03-19
T0000002,C00989,P0049,5,310.72,Israel,2024-09-02
T0000003,C00515,P0184,3,425.55,USA,2024-12-06
T0000004,C00582,P0084,2,257.98,Japan,2024-01-08
T0000005,C00812,P0021,2,158.37,Italy,2024-03-29
T0000006,C01998,P0156,5,254.4,Brazil,2024-10-01
T0000007,C01153,P0156,5,273.44,USA,2024-11-26
T0000008,C01789,P0103,1,396.06,Brazil,2024-01-18
T0000009,C01971,P0185,2,375.53,Spain,2024-10-27
T0000010,C01798,P0190,3,384.84,UK,2024-01-25
T0000011,C00379,P0090,3,166.35,France,2024-04-16
T0000012,C01027,P0048,4,334.16,Japan,2024-04-09
T0000013,C01180,P0125,5,136.89,UK,2024-10-26
T0000014,C01376,P0114,1,460.67,USA,2024-05-27
T0000015,C00924,P0070,2,22.37,USA,2024-05-09
T0000016,C00867,P0131,2,114.76,Israel,2024-08-10
T0000017,C00915,P0084,1,251.88,Canada,2024-06-12
T0000018,C00688,P0045,4,64.06,Israel,2024-03-01
T0000019,C00628,P0057,1,105.44,Spain,2024-07-06
T0000020,C00618,P0134,1,214.53,Spain,2024-12-16
T0000021,C01411,P0175,2,213.62,Israel,2024-08-22
T0000022,C00993,P0101,4,442.7,Canada,2024-09-18
T0000023,C01903,P0019,4,211.3,Japan,2024-12-23
T0000024,C01344,P0057,5,114.05,France,2024-04-20
T0000025,C01624,P0119,4,145.24,USA,2024-07-06
T0000026,C01809,P0019,4,233.44,Spain,2024-02-25
T0000027,C01401,P0134,4,212.57,Spain,2024-07-16
T0000028,C01366,P0084,2,227.51,Brazil,2024-09-14
T0000029,C01668,P0109,5,49.06,UK,2024-09-26
T0000030,C00539,P0125,2,140.83,Japan,2024-03-26
T0000031,C00064,P0132,2,247.29,Germany,2024-03-29
T0000032,C00306,P0102,5,104.02,Germany,2024-09-20
T0000033,C01312,P0125,5,135.37,Germany,2024-08-31
T0000034,C01348,P0115,2,361.7,USA,2024-07-15
T0000035,C00552,P0176,1,193.99,Japan,2024-04-19
T0000036,C01896,P0148,2,314.22,Brazil,2024-03-12
T0000037,C00406,P0187,2,356.99,UK,2024-12-26
T0000038,C00281,P0025,2,321.35,Germany,2024-03-30
T0000039,C01621,P0103,3,389.38,Canada,2024-08-05
T0000040,C01050,P0017,3,246.84,Spain,2024-04-25
T0000041,C01501,P0111,5,435.04,Israel,2024-01-06
T0000042,C01016,P0002,3,379.5,Brazil,2024-11-13
T0000043,C00548,P0134,1,195.43,Italy,2024-09-07
T0000044,C01187,P0162,4,452.23,Japan,2024-12-07
T0000045,C01700,P0136,4,158.23,Brazil,2024-12-18
T0000046,C01821,P0109,1,43.47,Japan,2024-12-26
T0000047,C01020,P0084,4,244.26,Spain,2024-08-10
T0000048,C01200,P0134,4,193.75,UK,2024-06-24
T0000049,C00659,P0174,5,312.62,USA,2024-11-04
T0000050,C01024,P0190,5,363.67,Spain,2024-01-30
T0000051,C00948,P0180,1,408.79,France,2024-01-27
T0000052,C00335,P0165,2,448.31,Brazil,2024-08-11
T0000053,C00047,P0042,2,116.51,USA,2024-09-09
T0000054,C01628,P0134,1,206.39,Brazil,2024-01-03
T0000055,C00820,P0075,2,390.85,UK,2024-12-16
T0000056,C00412,P0071,2,73.33,Japan,2024-09-12
T0000057,C01932,P0119,2,144.21,France,2024-07-17
T0000058,C01378,P0099,4,195.08,Israel,2024-09-17
T0000059,C01025,P0068,3,90.6,Brazil,2024-05-03
T0000060,C01272,P0076,3,248.28,UK,2024-06-08
T0000061,C01016,P0165,1,482.27,Japan,2024-03-07
T0000062,C01775,P0175,3,239.59,Israel,2024-06-16
T0000063,C00819,P0190,3,375.56,Canada,2024-07-15
T0000064,C00876,P0048,2,299.39,France,2024-11-12
T0000065,C00870,P0165,3,457.29,Israel,2024-12-17
T0000066,C00970,P0109,3,53.47,Israel,2024-05-18
T0000067,C00057,P0089,3,158.61,France,2024-06-24
T0000068,C01742,P0054,3,247.25,Israel,2024-04-20
T0000069,C01256,P0159,5,188.54,Canada,2024-01-03
T0000070,C00450,P0156,2,257.09,Japan,2024-10-16
T0000071,C01713,P0002,1,403.47,USA,2024-01-06
T0000072,C00099,P0013,3,125.41,USA,2024-07-22
T0000073,C01681,P0130,4,244.01,UK,2024-11-15
T0000074,C01702,P0129,4,33.58,USA,2024-10-13
T0000075,C01073,P0177,2,136.65,Spain,2024-01-04
T0000076,C01125,P0101,3,472.75,Italy,2024-11-15
T0000077,C00827,P0113,3,358.44,USA,2024-11-21
T0000078,C01894,P0057,2,102.24,Brazil,2024-12-27
T0000079,C00521,P0046,5,386.92,Canada,2024-05-03
T0000080,C00486,P0161,1,226.87,Brazil,2024-08-27
T0000081,C00852,P0187,2,386.89,UK,2024-06-17
T0000082,C00282,P0045,1,61.75,Israel,2024-04-20
T0000083,C00860,P0115,4,355.2,UK,2024-11-07
T0000084,C01541,P0190,1,380.46,Canada,2024-09-03
T0000085,C01774,P0103,1,397.96,Japan,2024-10-01
T0000086,C01041,P0036,3,188.21,Spain,2024-11-09
T0000087,C01933,P0084,2,273.61,Israel,2024-05-10
T0000088,C00383,P0013,3,119.49,Germany,2024-09-27
T0000089,C01304,P0114,3,397.05,UK,2024-05-10
T0000090,C01884,P0070,1,20.85,Spain,2024-04-27
T0000091,C00743,P0136,4,135.3,France,2024-05-09
T0000092,C01432,P0179,5,217.49,Spain,2024-02-24
T0000093,C00695,P0113,5,335.12,Germany,2024-07-21
T0000094,C01179,P0187,5,398.98,Israel,2024-08-25
T0000095,C01664,P0170,5,394.88,USA,2024-11-08
T0000096,C01835,P0175,5,236.96,Brazil,2024-06-01
T0000097,C01529,P0010,4,457.68,Japan,2024-01-03
T0000098,C00375,P0113,5,383.54,Israel,2024-10-08
T0000099,C01728,P0051,4,229.88,Germany,2024-06-27
T0000100,C00817,P0187,5,382.86,UK,2024-07-25
T0000101,C01787,P0177,3,120.83,UK,2024-10-23
T0000102,C01520,P0159,3,182.59,Canada,2024-02-07
T0000103,C00828,P0141,2,206.48,Canada,2024-11-24
T0000104,C00638,P0101,5,475.9,Canada,2024-01-14
T0000105,C00954,P0086,4,51.55,Germany,2024-10-30
T0000106,C00041,P0002,1,378.99,Brazil,2024-02-02
T0000107,C00248,P0190,4,384.9,Brazil,2024-03-15
T0000108,C01185,P0190,1,400.39,Israel,2024-12-15
T0000109,C00568,P0156,2,254.89,Israel,2024-04-24
T0000110,C00259,P0112,3,363.12,Japan,2024-03-16
T0000111,C01772,P0070,1,18.08,Canada,2024-01-24
T0000112,C01069,P0054,3,240.65,Germany,2024-07-21
T0000113,C01391,P0077,5,79.01,UK,2024-05-10
T0000114,C00951,P0187,1,365.67,UK,2024-05-12
T0000115,C00054,P0083,4,262.2,USA,2024-01-03
T0000116,C01442,P0060,5,380.71,France,2024-01-10
T0000117,C00139,P0119,4,121.18,USA,2024-01-24
T0000118,C01495,P0013,3,122.21,Brazil,2024-05-17
T0000119,C01761,P0019,2,215.1,France,2024-11-30
T0000120,C00464,P0073,2,158.06,Canada,2024-06-06
T0000121,C01474,P0091,4,56.2,France,2024-07-27
T0000122,C00598,P0113,3,329.64,Brazil,2024-09-06
T0000123,C00693,P0077,5,81.57,Spain,2024-02-11
T0000124,C00703,P0017,3,231.61,Canada,2024-07-28
T0000125,C00088,P0136,2,161.27,Brazil,2024-06-28
T0000126,C01590,P0057,1,102.09,Germany,2024-06-17
T0000127,C00271,P0158,3,290.02,France,2024-09-03
T0000128,C00520,P0185,2,380.66,Japan,2024-07-11
T0000129,C01649,P0088,2,79.55,France,2024-08-25
T0000130,C00354,P0062,2,158.68,Canada,2024-12-16
T0000131,C00899,P0045,1,57.47,Germany,2024-06-29
T0000132,C01399,P0057,3,103.85,USA,2024-12-14
T0000133,C00615,P0046,4,370.38,Canada,2024-03-05
T0000134,C00188,P0187,5,360.89,Canada,2024-01-26
T0000135,C01183,P0184,1,476.03,Japan,2024-06-13
T0000136,C01957,P0180,1,403.97,Japan,2024-09-20
T0000137,C01869,P0076,1,259.02,Canada,2024-03-27
T0000138,C01017,P0000,2,214.56,Israel,2024-05-06
T0000139,C01426,P0045,3,56.42,Spain,2024-05-29
T0000140,C01360,P0057,4,100.94,Brazil,2024-09-09
T0000141,C00995,P0101,4,483.21,USA,2024-07-26
T0000142,C00331,P0129,2,34.52,Germany,2024-12-14
T0000143,C01837,P0088,2,80.89,Japan,2024-09-28
T0000144,C00444,P0084,1,232.14,Germany,2024-07-19
T0000145,C00795,P0042,1,123.34,Germany,2024-04-04
T0000146,C00942,P0017,2,277.11,Israel,2024-03-11
T0000147,C01657,P0025,2,329.08,Spain,2024-08-13
T0000148,C00208,P0193,1,172.53,Canada,2024-03-04
T0000149,C00795,P0185,1,365.86,Israel,2024-06-26
T0000150,C00231,P0077,5,75.92,Italy,2024-04-29
T0000151,C01033,P0000,3,196.05,Italy,2024-01-26
T0000152,C01529,P0077,4,78.46,USA,2024-12-26
T0000153,C01988,P0175,1,230.55,UK,2024-12-29
T0000154,C00777,P0087,1,129.6,Israel,2024-09-13
T0000155,C01649,P0156,5,241.68,Brazil,2024-11-27
T0000156,C01971,P0162,4,415.23,Canada,2024-04-06
T0000157,C00787,P0046,1,342.82,USA,2024-07-16
T0000158,C00825,P0142,1,58.35,France,2024-04-24
T0000159,C00536,P0113,3,326.19,Italy,2024-06-06
T0000160,C00777,P0071,5,73.85,Israel,2024-09-02
T0000161,C01015,P0152,3,383.3,Canada,2024-08-03
T0000162,C01603,P0180,4,389.79,Germany,2024-02-21
T0000163,C00139,P0015,5,117.31,USA,2024-06-28
T0000164,C00490,P0119,2,144.41,Italy,2024-12-04
T0000165,C00066,P0084,3,263.08,France,2024-02-08
T0000166,C01149,P0132,2,247.09,UK,2024-01-27
T0000167,C00387,P0134,1,197.49,Israel,2024-07-29
T0000168,C01982,P0095,4,190.55,Germany,2024-05-25
T0000169,C00164,P0146,1,213.26,Israel,2024-07-17
T0000170,C01565,P0128,2,392.39,UK,2024-03-10
T0000171,C00311,P0159,3,203.78,Canada,2024-07-31
T0000172,C01080,P0045,4,60.68,Israel,2024-02-26
T0000173,C00196,P0013,4,139.12,Canada,2024-11-20
T0000174,C01350,P0046,1,372.07,Germany,2024-04-15
T0000175,C01572,P0185,2,322.77,Spain,2024-02-09
T0000176,C01118,P0057,2,104.87,USA,2024-10-31
T0000177,C01440,P0054,4,213.43,Spain,2024-05-27
T0000178,C01496,P0019,3,214.04,France,2024-12-22
T0000179,C00988,P0075,1,357.79,Japan,2024-04-27
T0000180,C01317,P0077,3,69.64,Canada,2024-02-01
T0000181,C00200,P0193,5,204.1,Canada,2024-06-16
T0000182,C00088,P0158,5,284.4,UK,2024-02-18
T0000183,C01166,P0019,5,235.37,Germany,2024-05-01
T0000184,C01554,P0160,5,296.83,Spain,2024-11-07
T0000185,C00134,P0078,1,407.27,Spain,2024-02-03
T0000186,C00748,P0113,3,393.27,France,2024-03-15
T0000187,C00165,P0130,4,249.82,USA,2024-12-31
T0000188,C01261,P0042,3,113.22,UK,2024-08-11
T0000189,C00865,P0134,5,231.18,Italy,2024-09-06
T0000190,C00875,P0089,2,171.19,UK,2024-04-12
T0000191,C00003,P0074,2,115.8,Japan,2024-01-12
T0000192,C01624,P0084,4,271.16,Canada,2024-01-04
T0000193,C00898,P0175,5,232.81,Spain,2024-06-19
T0000194,C01556,P0136,4,156.88,Canada,2024-03-14
T0000195,C00655,P0184,2,448.21,Israel,2024-01-18
T0000196,C00752,P0120,1,140.6,Italy,2024-04-09
T0000197,C00742,P0048,5,345.48,UK,2024-01-14
T0000198,C00140,P0103,5,348.25,Israel,2024-06-10
T0000199,C01037,P0129,1,37.91,Brazil,2024-10-25
T0000200,C01651,P0046,3,329.2,Japan,2024-04-25
T0000201,C01702,P0101,5,444.83,USA,2024-05-25
T0000202,C00606,P0013,3,116.41,Canada,2024-12-14
T0000203,C01086,P0059,3,299.88,Japan,2024-04-25
T0000204,C01490,P0054,3,209.18,Japan,2024-07-18
T0000205,C00804,P0042,5,112.87,Germany,2024-12-13
T0000206,C00365,P0195,2,116.44,Japan,2024-08-22
T0000207,C00265,P0031,4,403.9,USA,2024-07-18
T0000208,C00280,P0096,3,320.74,Italy,2024-07-09
T0000209,C00263,P0017,2,281.43,USA,2024-04-03
T0000210,C01069,P0076,3,297.69,Spain,2024-06-30
T0000211,C00312,P0116,2,67.96,Israel,2024-08-02
T0000212,C01291,P0120,2,135.12,Germany,2024-07-14
T0000213,C01001,P0085,2,121.94,UK,2024-07-31
T0000214,C01859,P0119,1,147.02,USA,2024-02-05
T0000215,C01285,P0013,1,121.79,France,2024-11-28
T0000216,C00241,P0045,4,61.78,Germany,2024-01-17
T0000217,C01615,P0046,1,320.02,Italy,2024-06-03
T0000218,C00456,P0184,2,414.77,Germany,2024-10-11
T0000219,C01319,P0088,2,80.21,Japan,2024-04-07
T0000220,C01222,P0117,2,196.03,Brazil,2024-10-31
T0000221,C00984,P0036,1,175.87,Israel,2024-08-13
T0000222,C00661,P0026,1,311.29,Israel,2024-07-04
T0000223,C00696,P0131,2,101.77,France,2024-05-16
T0000224,C00780,P0059,3,371.61,Canada,2024-05-13
T0000225,C01914,P0190,1,386.34,Japan,2024-09-28
T0000226,C01898,P0134,3,191.85,Brazil,2024-08-17
T0000227,C01881,P0119,5,136.61,Israel,2024-04-24
T0000228,C00979,P0101,2,421.27,France,2024-02-23
T0000229,C00314,P0147,5,429.68,Italy,2024-04-24
T0000230,C01041,P0159,2,189.17,Germany,2024-06-20
T0000231,C00344,P0119,5,125.85,Spain,2024-09-23
T0000232,C00506,P0084,5,228.49,Spain,2024-09-20
T0000233,C00971,P0185,3,389.27,USA,2024-06-06
T0000234,C01059,P0157,4,61.66,Japan,2024-08-27
T0000235,C01809,P0134,5,231.28,Spain,2024-04-21
T0000236,C01207,P0088,1,87.46,France,2024-10-28
T0000237,C00858,P0069,5,203.46,Spain,2024-05-02
T0000238,C01608,P0077,5,73.23,Japan,2024-09-11
T0000239,C01123,P0112,4,353.29,Canada,2024-05-02
T0000240,C01235,P0023,2,427.51,USA,2024-03-23
T0000241,C01191,P0127,1,448.14,Japan,2024-05-21
T0000242,C01508,P0061,2,378.31,France,2024-03-01
T0000243,C01957,P0101,2,408.46,Italy,2024-07-01
T0000244,C01401,P0152,3,404.73,Israel,2024-05-27
T0000245,C00150,P0125,4,119.32,Japan,2024-07-11
T0000246,C01519,P0028,1,462.51,Italy,2024-05-11
T0000247,C00905,P0157,4,67.63,UK,2024-11-05
T0000248,C00591,P0075,4,319.72,Canada,2024-03-16
T0000249,C00743,P0190,4,383.37,Canada,2024-09-11
T0000250,C01749,P0177,4,127.79,France,2024-06-22
T0000251,C01247,P0070,1,18.63,UK,2024-06-29
T0000252,C01764,P0070,3,18.67,Japan,2024-01-02
T0000253,C01059,P0134,3,213.55,Italy,2024-11-20
T0000254,C01870,P0190,3,380.34,USA,2024-01-10
T0000255,C00782,P0085,2,132.91,Brazil,2024-11-17
T0000256,C01660,P0065,5,292.02,UK,2024-12-05
T0000257,C01192,P0173,2,125.09,Canada,2024-05-24
T0000258,C00960,P0075,1,358.61,France,2024-04-23
T0000259,C01183,P0136,1,159.97,Israel,2024-07-09
T0000260,C00298,P0056,3,323.03,USA,2024-01-18
T0000261,C00279,P0125,2,125.05,Canada,2024-10-09
T0000262,C00947,P0198,2,373.82,Italy,2024-03-28
T0000263,C01067,P0013,5,119.53,Japan,2024-06-14
T0000264,C01709,P0025,5,274.31,Germany,2024-12-27
T0000265,C01660,P0015,3,116.49,Italy,2024-03-29
T0000266,C01029,P0054,3,245.14,Israel,2024-04-25
T0000267,C01942,P0057,1,104.61,Brazil,2024-11-26
T0000268,C01229,P0155,2,29.16,UK,2024-10-07
T0000269,C00254,P0054,4,249.49,Italy,2024-04-15
T0000270,C01566,P0148,5,266.43,Italy,2024-03-20
T0000271,C01275,P0019,5,197.18,France,2024-09-15
T0000272,C00151,P0065,2,245.92,France,2024-01-11
T0000273,C00088,P0192,5,254.5,USA,2024-01-13
T0000274,C01749,P0151,1,386.48,France,2024-10-31
T0000275,C01018,P0059,1,342.94,Canada,2024-02-20
T0000276,C01558,P0068,5,81.86,Israel,2024-06-13
T0000277,C01016,P0136,1,143.96,Brazil,2024-11-09
T0000278,C01397,P0013,4,117.91,UK,2024-11-30
T0000279,C00241,P0172,2,131.06,Germany,2024-02-10
T0000280,C00020,P0031,3,406.25,Brazil,2024-03-09
T0000281,C01622,P0088,2,79.17,Israel,2024-02-23
T0000282,C00282,P0050,3,246.71,Germany,2024-05-20
T0000283,C00983,P0109,5,48.8,Israel,2024-03-22
T0000284,C01921,P0193,2,210.49,USA,2024-05-30
T0000285,C01351,P0188,4,397.19,Canada,2024-02-07
T0000286,C00303,P0185,4,384.91,Canada,2024-11-29
T0000287,C00478,P0010,3,450.63,Brazil,2024-12-22
T0000288,C00082,P0169,5,68.71,USA,2024-09-20
T0000289,C01235,P0044,4,304.98,Brazil,2024-10-09
T0000290,C00444,P0088,2,90.07,France,2024-02-24
T0000291,C01018,P0065,1,258.48,USA,2024-08-08
T0000292,C01277,P0065,1,284.72,Israel,2024-07-02
T0000293,C01364,P0194,3,368.1,UK,2024-04-03
T0000294,C01739,P0094,4,247.4,Israel,2024-10-03
T0000295,C01469,P0101,1,483.05,Canada,2024-04-13
T0000296,C01875,P0079,4,277.99,UK,2024-02-07
T0000297,C00352,P0078,3,416.74,UK,2024-11-14
T0000298,C01259,P0117,5,188.38,Canada,2024-10-19
T0000299,C00710,P0134,4,199.54,Brazil,2024-01-23
T0000300,C01758,P0138,3,49.22,Italy,2024-03-05
T0000301,C01369,P0166,5,301.65,Canada,2024-10-28
T0000302,C00952,P0057,1,111.32,France,2024-04-06
T0000303,C01242,P0075,1,359.86,Italy,2024-03-24
T0000304,C00652,P0134,3,227.22,Canada,2024-01-31
T0000305,C01059,P0113,5,371.93,Israel,2024-10-15
T0000306,C01290,P0057,4,101.13,Italy,2024-12-10
T0000307,C00161,P0027,2,214.59,USA,2024-09-15
T0000308,C01660,P0101,1,406.13,Germany,2024-10-28
T0000309,C00166,P0134,2,194.85,Brazil,2024-01-27
T0000310,C01596,P0185,4,324.59,Italy,2024-06-28
T0000311,C00020,P0054,1,222.79,Italy,2024-03-08
T0000312,C00968,P0180,1,332.05,France,2024-01-31
T0000313,C01061,P0188,2,352.83,Israel,2024-07-07
T0000314,C01375,P0185,1,399.43,USA,2024-11-08
T0000315,C00437,P0185,4,354.13,Japan,2024-02-22
T0000316,C01155,P0185,3,396.89,UK,2024-10-14
T0000317,C00494,P0019,4,223.3,Germany,2024-01-19
T0000318,C01520,P0005,2,108.25,UK,2024-08-13
T0000319,C01760,P0140,3,246.46,Spain,2024-03-08
T0000320,C01733,P0069,2,172.22,France,2024-07-12
T0000321,C00755,P0198,5,339.57,Israel,2024-08-24
T0000322,C01190,P0084,3,268.37,UK,2024-09-23
T0000323,C00018,P0109,1,50.08,Italy,2024-05-01
T0000324,C01732,P0156,1,253.21,Spain,2024-07-13
T0000325,C00425,P0185,3,383.1,UK,2024-01-12
T0000326,C00688,P0167,5,317.36,USA,2024-02-09
T0000327,C00199,P0197,3,231.44,France,2024-07-28
T0000328,C01364,P0185,5,320.73,France,2024-12-14
T0000329,C01759,P0013,1,138.99,USA,2024-12-29
T0000330,C00078,P0171,4,402.94,Spain,2024-11-16
T0000331,C00121,P0022,1,168.29,UK,2024-10-15
T0000332,C01409,P0165,4,392.05,Spain,2024-04-04
T0000333,C00210,P0161,3,215.27,France,2024-09-02
T0000334,C01518,P0054,2,213.64,Germany,2024-04-20
T0000335,C01493,P0062,4,164.82,Japan,2024-05-06
T0000336,C01755,P0194,2,391.54,Spain,2024-08-06
T0000337,C00047,P0190,5,412.06,Israel,2024-05-02
T0000338,C00728,P0057,3,95.59,Brazil,2024-08-09
T0000339,C01168,P0152,3,382.32,Israel,2024-04-07
T0000340,C01490,P0198,4,335.81,Israel,2024-08-04
T0000341,C00008,P0017,5,238.37,Germany,2024-02-20
T0000342,C00605,P0185,4,380.06,Japan,2024-12-31
T0000343,C00267,P0048,2,297.74,USA,2024-07-26
T0000344,C00676,P0028,1,473.49,UK,2024-03-24
T0000345,C01723,P0129,3,36.6,Spain,2024-10-17
T0000346,C00701,P0088,2,79.67,UK,2024-11-17
T0000347,C01827,P0155,1,31.3,France,2024-12-17
T0000348,C00820,P0045,2,64.8,Canada,2024-05-05
T0000349,C01263,P0086,1,56.1,USA,2024-03-25
T0000350,C01432,P0088,4,85.16,Israel,2024-02-10
T0000351,C00428,P0163,5,66.75,USA,2024-05-13
T0000352,C00077,P0129,4,31.55,Israel,2024-09-24
T0000353,C01345,P0084,5,256.6,Germany,2024-06-13
T0000354,C01895,P0042,1,109.29,UK,2024-04-08
T0000355,C00143,P0070,1,18.19,USA,2024-10-24
T0000356,C00231,P0103,1,397.71,Brazil,2024-03-31
T0000357,C01150,P0180,5,393.42,USA,2024-04-27
T0000358,C01211,P0054,4,218.22,Italy,2024-10-04
T0000359,C00225,P0180,1,357.79,Brazil,2024-07-28
T0000360,C00552,P0129,3,36.03,UK,2024-10-13
T0000361,C00722,P0101,3,418.84,Germany,2024-08-15
T0000362,C01141,P0134,4,212.51,Israel,2024-08-24
T0000363,C00678,P0061,1,413.25,Italy,2024-02-21
T0000364,C00461,P0090,3,184.08,Israel,2024-07-05
T0000365,C00721,P0125,1,129.45,Italy,2024-03-07
T0000366,C01031,P0028,3,465.68,Japan,2024-04-22
T0000367,C00759,P0111,3,401.08,Spain,2024-03-30
T0000368,C01082,P0074,4,119.49,Israel,2024-03-21
T0000369,C00628,P0075,5,382.21,USA,2024-08-13
T0000370,C00202,P0140,4,225.8,Japan,2024-07-27
T0000371,C01136,P0023,5,409.34,Canada,2024-09-10
T0000372,C00432,P0149,4,395.53,Canada,2024-12-14
T0000373,C00535,P0152,5,374.47,Spain,2024-01-21
T0000374,C01648,P0185,3,339.29,UK,2024-03-24
T0000375,C00654,P0078,5,393.41,Spain,2024-06-21
T0000376,C01598,P0132,5,254.73,USA,2024-02-08
T0000377,C00256,P0041,4,204.16,Israel,2024-04-05
T0000378,C00364,P0057,5,107.33,Brazil,2024-04-29
T0000379,C00791,P0155,4,30.22,Spain,2024-08-21
T0000380,C01483,P0142,4,68.01,Canada,2024-10-05
T0000381,C01266,P0088,5,77.43,Germany,2024-05-10
T0000382,C00384,P0125,1,136.93,France,2024-04-16
T0000383,C00250,P0024,2,405.99,Brazil,2024-05-25
T0000384,C01922,P0017,3,275.23,Japan,2024-12-19
T0000385,C01588,P0185,1,351.37,Japan,2024-03-08
T0000386,C01287,P0142,3,69.38,Germany,2024-01-09
T0000387,C00136,P0099,3,203.4,France,2024-11-28
T0000388,C01326,P0084,1,275.0,Spain,2024-06-09
T0000389,C00572,P0090,4,174.03,Italy,2024-04-20
T0000390,C01123,P0185,3,365.19,Japan,2024-02-08
T0000391,C01091,P0077,2,68.75,USA,2024-10-12
T0000392,C00438,P0152,5,397.66,Brazil,2024-01-14
T0000393,C01104,P0057,3,96.39,Germany,2024-12-20
T0000394,C00361,P0177,1,147.47,Brazil,2024-02-17
T0000395,C01447,P0136,4,162.49,Spain,2024-02-25
T0000396,C01484,P0019,5,215.89,Canada,2024-05-29
T0000397,C01151,P0125,4,118.2,Canada,2024-11-30
T0000398,C01243,P0170,4,391.12,Japan,2024-01-16
T0000399,C01623,P0046,1,320.33,Canada,2024-09-19
T0000400,C01650,P0175,3,250.42,Brazil,2024-10-21
T0000401,C01627,P0125,3,119.7,Israel,2024-12-09
T0000402,C01078,P0004,2,160.33,Japan,2024-09-11
T0000403,C00857,P0011,5,367.88,France,2024-06-23
T0000404,C00526,P0175,4,236.95,France,2024-07-18
T0000405,C00889,P0019,2,218.75,Canada,2024-12-26
T0000406,C01164,P0170,3,406.48,Japan,2024-05-04
T0000407,C00533,P0087,2,122.27,Japan,2024-06-14
T0000408,C01008,P0146,1,220.84,Germany,2024-07-17
T0000409,C00461,P0117,2,178.69,Canada,2024-09-16
T0000410,C01555,P0088,4,78.96,Germany,2024-04-17
T0000411,C00442,P0032,5,444.39,UK,2024-06-13
T0000412,C01424,P0046,5,375.87,Brazil,2024-05-04
T0000413,C01632,P0077,3,78.53,Italy,2024-09-12
T0000414,C01695,P0103,2,369.64,Brazil,2024-09-19
T0000415,C01041,P0048,3,310.39,Brazil,2024-01-20
T0000416,C01116,P0062,3,174.4,UK,2024-06-14
T0000417,C00612,P0090,4,166.73,Japan,2024-06-07
T0000418,C01565,P0101,3,488.71,Brazil,2024-09-26
T0000419,C01591,P0084,4,237.4,Japan,2024-09-04
T0000420,C00257,P0190,5,361.74,Japan,2024-07-01
T0000421,C01866,P0000,4,191.66,UK,2024-04-05
T0000422,C01745,P0015,2,139.51,Germany,2024-11-17
T0000423,C00901,P0125,1,120.8,Israel,2024-10-23
T0000424,C01256,P0136,2,162.48,Israel,2024-04-09
T0000425,C00401,P0048,4,338.43,Brazil,2024-05-28
T0000426,C00370,P0054,2,218.18,Japan,2024-02-07
T0000427,C01058,P0106,4,86.3,Israel,2024-04-04
T0000428,C00645,P0057,5,95.92,Italy,2024-11-14
T0000429,C00402,P0075,2,381.83,Italy,2024-10-26
T0000430,C01043,P0046,5,324.96,Japan,2024-10-24
T0000431,C01228,P0059,5,302.2,Italy,2024-07-31
T0000432,C01900,P0180,2,381.22,Spain,2024-05-28
T0000433,C00299,P0134,3,189.01,France,2024-09-13
T0000434,C00244,P0156,2,249.59,UK,2024-08-30
T0000435,C00771,P0109,5,45.19,Germany,2024-12-15
T0000436,C01908,P0106,4,86.69,Italy,2024-08-07
T0000437,C00953,P0134,2,193.16,Italy,2024-04-30
T0000438,C01322,P0046,4,375.43,UK,2024-07-20
T0000439,C01543,P0046,5,373.28,UK,2024-01-05
T0000440,C00864,P0095,3,209.35,France,2024-01-30
T0000441,C01657,P0076,3,264.64,Israel,2024-04-10
T0000442,C01707,P0034,4,152.54,UK,2024-08-09
T0000443,C01043,P0095,3,177.05,Japan,2024-09-23
T0000444,C00187,P0134,2,231.08,Japan,2024-04-03
T0000445,C00736,P0031,5,363.52,Israel,2024-11-17
T0000446,C01694,P0100,1,127.81,Spain,2024-06-02
T0000447,C00394,P0094,2,262.38,Brazil,2024-10-12
T0000448,C00547,P0084,1,225.28,Spain,2024-06-07
T0000449,C01241,P0075,4,326.43,Canada,2024-03-18
T0000450,C01282,P0066,1,337.46,France,2024-01-17
T0000451,C00242,P0019,4,208.2,UK,2024-11-26
T0000452,C01848,P0013,1,120.51,Canada,2024-02-08
T0000453,C01312,P0183,4,110.97,Germany,2024-12-14
T0000454,C00861,P0025,3,309.62,Italy,2024-04-08
T0000455,C00526,P0088,2,84.89,France,2024-05-24
T0000456,C00054,P0184,4,420.64,Canada,2024-08-04
T0000457,C01198,P0193,5,186.95,Brazil,2024-07-10
T0000458,C00807,P0138,4,50.82,UK,2024-04-28
T0000459,C01840,P0062,5,167.68,Italy,2024-02-21
T0000460,C01760,P0049,3,307.4,Italy,2024-04-09
T0000461,C01205,P0141,2,189.92,Italy,2024-03-31
T0000462,C01895,P0013,4,133.82,France,2024-07-12
T0000463,C01183,P0120,3,139.26,UK,2024-06-26
T0000464,C00911,P0117,5,174.76,USA,2024-10-22
T0000465,C00332,P0147,2,361.68,France,2024-05-22
T0000466,C00589,P0048,1,341.77,USA,2024-09-21
T0000467,C00726,P0084,1,244.46,USA,2024-04-28
T0000468,C01866,P0103,2,366.63,Canada,2024-08-08
T0000469,C01244,P0099,4,167.01,France,2024-01-01
T0000470,C00481,P0175,5,241.44,Spain,2024-12-05
T0000471,C01421,P0119,1,118.45,France,2024-07-22
T0000472,C00264,P0060,4,415.43,France,2024-09-06
T0000473,C01260,P0175,4,243.72,USA,2024-11-11
T0000474,C01868,P0197,5,233.81,Japan,2024-07-21
T0000475,C01900,P0077,4,81.4,Brazil,2024-01-03
T0000476,C01172,P0146,4,212.53,Israel,2024-07-30
T0000477,C01067,P0103,5,366.44,Italy,2024-04-14
T0000478,C01780,P0194,5,406.77,Japan,2024-11-06
T0000479,C00829,P0140,4,239.24,Spain,2024-04-25
T0000480,C00415,P0158,1,255.61,Spain,2024-08-22
T0000481,C01084,P0019,4,217.89,Germany,2024-06-21
T0000482,C01613,P0013,5,114.05,Canada,2024-08-24
T0000483,C00994,P0198,3,370.15,Spain,2024-01-14
T0000484,C01355,P0132,1,282.27,Italy,2024-09-03
T0000485,C00791,P0109,4,48.37,Spain,2024-05-15
T0000486,C00638,P0128,4,366.9,Germany,2024-10-08
T0000487,C00552,P0098,3,384.9,USA,2024-10-29
T0000488,C01286,P0185,3,387.68,USA,2024-01-25
T0000489,C01294,P0015,1,130.34,Germany,2024-08-13
T0000490,C01521,P0077,5,82.11,Italy,2024-07-04
T0000491,C00969,P0047,3,265.34,Israel,2024-06-29
T0000492,C00149,P0011,3,335.35,France,2024-05-28
T0000493,C01389,P0058,2,246.68,Italy,2024-04-28
T0000494,C00398,P0140,3,255.89,Japan,2024-01-19
T0000495,C01480,P0190,2,349.51,USA,2024-01-15
T0000496,C00930,P0194,1,419.18,USA,2024-01-20
T0000497,C00454,P0045,3,59.65,Israel,2024-05-08
T0000498,C00841,P0164,5,274.54,USA,2024-09-22
T0000499,C01737,P0134,3,217.35,Israel,2024-09-21
T0000500,C01337,P0142,3,61.53,France,2024-06-01
T0000501,C00636,P0047,1,259.77,USA,2024-06-15
T0000502,C01066,P0047,2,273.28,Canada,2024-10-17
T0000503,C00848,P0017,2,258.12,Germany,2024-01-02
T0000504,C00830,P0097,4,239.7,Canada,2024-08-21
T0000505,C00287,P0100,2,108.64,Israel,2024-08-08
T0000506,C01565,P0028,3,404.46,Italy,2024-11-09
T0000507,C01659,P0129,2,38.34,Japan,2024-11-02
T0000508,C01202,P0045,2,54.19,Italy,2024-05-22
T0000509,C00887,P0190,3,395.87,Japan,2024-02-09
T0000510,C01914,P0012,2,261.58,Japan,2024-03-09
T0000511,C01554,P0059,3,362.17,USA,2024-08-09
T0000512,C01032,P0194,2,393.53,Brazil,2024-09-22
T0000513,C00228,P0119,3,118.09,Brazil,2024-06-05
T0000514,C01639,P0184,1,409.66,Germany,2024-10-25
T0000515,C01790,P0177,5,126.12,Brazil,2024-04-01
T0000516,C01122,P0126,2,379.37,Japan,2024-03-11
T0000517,C00758,P0109,3,53.13,UK,2024-12-04
T0000518,C00236,P0194,2,435.11,Brazil,2024-08-09
T0000519,C01705,P0023,5,403.17,France,2024-09-07
T0000520,C01873,P0142,5,59.51,Canada,2024-10-22
T0000521,C01977,P0088,5,89.96,Spain,2024-03-24
T0000522,C01703,P0075,5,315.64,Canada,2024-09-25
T0000523,C01125,P0192,1,236.88,Spain,2024-11-25
T0000524,C00348,P0094,1,287.77,Brazil,2024-03-23
T0000525,C01764,P0177,3,121.73,Brazil,2024-04-24
T0000526,C00993,P0048,2,335.92,UK,2024-05-19
T0000527,C00591,P0048,3,336.61,Canada,2024-08-21
T0000528,C01999,P0045,1,62.75,Spain,2024-02-08
T0000529,C01410,P0048,5,286.24,Israel,2024-10-19
T0000530,C00319,P0103,5,342.64,Italy,2024-07-01
T0000531,C00229,P0096,5,331.13,Spain,2024-05-17
T0000532,C00183,P0129,2,38.19,Israel,2024-12-15
T0000533,C01968,P0100,4,125.31,Japan,2024-04-04
T0000534,C01868,P0193,2,211.34,USA,2024-10-20
T0000535,C01238,P0136,1,159.37,Canada,2024-02-08
T0000536,C01980,P0184,2,433.81,Israel,2024-10-31
T0000537,C01289,P0099,5,198.94,Italy,2024-05-25
T0000538,C01878,P0054,2,246.3,USA,2024-11-23
T0000539,C00969,P0163,5,60.79,Japan,2024-10-17
T0000540,C01008,P0046,1,327.73,Japan,2024-07-03
T0000541,C01566,P0048,3,343.87,Italy,2024-03-08
T0000542,C01256,P0146,2,242.81,France,2024-07-04
T0000543,C01921,P0125,2,133.18,Italy,2024-07-15
T0000544,C01670,P0119,1,136.87,Canada,2024-05-25
T0000545,C01386,P0009,3,20.73,UK,2024-12-07
T0000546,C00647,P0104,5,43.6,Israel,2024-08-24
T0000547,C00192,P0042,2,122.69,France,2024-02-24
T0000548,C00246,P0119,5,145.91,Canada,2024-07-02
T0000549,C00085,P0084,3,229.01,Spain,2024-09-28
T0000550,C01329,P0156,2,235.85,Spain,2024-02-15
T0000551,C00809,P0048,5,288.02,Germany,2024-06-09
T0000552,C01759,P0194,1,438.77,Brazil,2024-09-09
T0000553,C01096,P0101,3,496.01,Italy,2024-02-22
T0000554,C01650,P0084,5,220.98,France,2024-06-15
T0000555,C01420,P0096,5,345.77,UK,2024-09-18
T0000556,C01869,P0084,2,261.37,Spain,2024-04-16
T0000557,C01585,P0093,5,36.42,Italy,2024-11-20
T0000558,C01383,P0136,5,147.42,USA,2024-10-28
T0000559,C00891,P0022,4,159.43,Canada,2024-11-14
T0000560,C01261,P0082,3,116.14,Spain,2024-10-03
T0000561,C00407,P0065,2,239.53,Japan,2024-08-28
T0000562,C00504,P0190,3,399.72,Spain,2024-04-28
T0000563,C00210,P0023,4,484.11,Canada,2024-10-04
T0000564,C00413,P0062,4,179.66,Israel,2024-09-30
T0000565,C00993,P0099,3,200.19,Israel,2024-01-21
T0000566,C00128,P0125,4,119.7,Germany,2024-07-01
T0000567,C00279,P0184,1,397.19,Canada,2024-02-26
T0000568,C01097,P0113,5,384.48,Israel,2024-01-31
T0000569,C01234,P0190,4,404.97,UK,2024-10-20
T0000570,C01600,P0042,4,110.07,France,2024-03-26
T0000571,C01646,P0046,5,347.12,Italy,2024-08-13
T0000572,C00899,P0101,2,449.51,France,2024-12-15
T0000573,C01816,P0101,1,479.71,Japan,2024-07-18
T0000574,C00229,P0054,5,223.77,Germany,2024-11-18
T0000575,C00993,P0180,2,338.38,France,2024-02-29
T0000576,C01378,P0156,1,256.29,Germany,2024-11-02
T0000577,C01781,P0136,1,160.65,Japan,2024-06-14
T0000578,C00166,P0013,2,133.34,UK,2024-04-29
T0000579,C00254,P0136,3,163.69,Italy,2024-11-28
T0000580,C00349,P0129,1,37.28,Germany,2024-01-01
T0000581,C00861,P0049,5,283.86,Spain,2024-05-14
T0000582,C00402,P0086,5,61.62,Israel,2024-06-04
T0000583,C00562,P0124,2,325.07,Canada,2024-05-23
T0000584,C01896,P0054,1,212.11,Italy,2024-12-31
T0000585,C00978,P0167,5,282.01,France,2024-05-13
T0000586,C01193,P0046,1,344.9,Israel,2024-02-15
T0000587,C01429,P0088,2,94.21,Brazil,2024-07-29
T0000588,C01760,P0054,5,250.06,Israel,2024-03-19
T0000589,C01021,P0185,3,351.93,Italy,2024-11-23
T0000590,C00297,P0178,4,275.33,Italy,2024-04-15
T0000591,C00742,P0194,3,408.28,Canada,2024-09-03
T0000592,C00772,P0054,5,213.91,Israel,2024-11-09
T0000593,C01918,P0156,5,245.81,UK,2024-10-26
T0000594,C01755,P0188,4,399.39,Germany,2024-02-18
T0000595,C00904,P0180,1,374.58,Germany,2024-08-19
T0000596,C00404,P0059,4,349.85,Italy,2024-02-17
T0000597,C00485,P0129,1,33.56,Israel,2024-09-29
T0000598,C01534,P0136,5,155.94,Israel,2024-04-03
T0000599,C00877,P0179,5,230.2,USA,2024-11-20
T0000600,C01869,P0142,5,72.28,Italy,2024-08-24
T0000601,C01314,P0129,5,38.74,Germany,2024-06-30
T0000602,C01395,P0180,3,387.72,Brazil,2024-09-16
T0000603,C01074,P0117,2,162.27,Spain,2024-03-15
T0000604,C01268,P0048,1,319.76,Germany,2024-11-02
T0000605,C00987,P0109,3,51.18,Brazil,2024-06-24
T0000606,C00122,P0078,4,430.52,Brazil,2024-03-16
T0000607,C01020,P0160,2,277.88,Japan,2024-10-07
T0000608,C01154,P0064,4,119.6,Italy,2024-02-24
T0000609,C01581,P0113,5,338.11,Japan,2024-03-05
T0000610,C01660,P0195,4,115.23,USA,2024-05-17
T0000611,C01202,P0025,2,290.15,USA,2024-03-09
T0000612,C01376,P0013,2,116.91,France,2024-04-25
T0000613,C01205,P0030,3,124.73,Israel,2024-07-26
T0000614,C00554,P0058,2,253.94,Israel,2024-08-31
T0000615,C01611,P0131,5,105.05,Spain,2024-05-05
T0000616,C01845,P0108,1,452.34,Italy,2024-01-02
T0000617,C01167,P0077,2,79.42,Japan,2024-03-05
T0000618,C01429,P0062,5,148.39,Brazil,2024-08-11
T0000619,C01625,P0175,3,220.52,Japan,2024-02-06
T0000620,C00477,P0009,4,19.85,Israel,2024-11-19
T0000621,C00366,P0187,3,349.47,Israel,2024-10-21
T0000622,C00766,P0187,5,368.08,Germany,2024-09-29
T0000623,C01702,P0079,1,289.6,Israel,2024-12-03
T0000624,C00716,P0096,3,320.93,Spain,2024-05-25
T0000625,C01917,P0113,5,383.95,France,2024-01-05
T0000626,C00049,P0023,2,466.6,USA,2024-11-13
T0000627,C01167,P0147,2,405.88,Japan,2024-02-19
T0000628,C01282,P0065,1,293.69,USA,2024-12-25
T0000629,C01031,P0013,2,130.5,Canada,2024-10-07
T0000630,C00509,P0019,3,209.67,UK,2024-04-25
T0000631,C00686,P0077,5,79.24,Israel,2024-05-11
T0000632,C01424,P0059,5,349.36,USA,2024-07-17
T0000633,C00034,P0008,2,336.98,Germany,2024-03-14
T0000634,C00310,P0125,5,140.46,Germany,2024-09-29
T0000635,C00685,P0136,4,151.45,Japan,2024-04-14
T0000636,C00459,P0047,5,254.32,Israel,2024-01-22
T0000637,C00833,P0048,2,345.22,Italy,2024-04-03
T0000638,C01022,P0142,4,71.33,Germany,2024-11-21
T0000639,C00136,P0086,4,54.45,Italy,2024-08-25
T0000640,C01279,P0057,2,99.95,Japan,2024-01-24
T0000641,C01898,P0069,4,202.03,Israel,2024-06-12
T0000642,C00224,P0092,4,241.21,Brazil,2024-01-11
T0000643,C01602,P0156,2,245.1,Japan,2024-12-24
T0000644,C01704,P0180,2,331.72,Canada,2024-11-13
T0000645,C00373,P0140,3,235.46,Japan,2024-08-04
T0000646,C01390,P0105,2,177.1,Spain,2024-09-23
T0000647,C01931,P0148,5,279.91,UK,2024-10-19
T0000648,C00636,P0054,2,234.3,Germany,2024-09-25
T0000649,C01367,P0113,2,337.43,France,2024-01-06
T0000650,C00637,P0103,3,341.52,France,2024-03-26
T0000651,C00288,P0099,5,201.65,Israel,2024-11-06
T0000652,C01292,P0103,1,335.57,UK,2024-11-01
T0000653,C00622,P0046,5,384.02,UK,2024-06-30
T0000654,C01583,P0177,2,144.16,Israel,2024-03-10
T0000655,C01924,P0065,3,294.03,Italy,2024-11-17
T0000656,C00684,P0084,1,246.28,Israel,2024-05-26
T0000657,C01582,P0099,4,168.56,Canada,2024-06-18
T0000658,C01121,P0164,3,278.93,UK,2024-12-20
T0000659,C01886,P0199,5,353.36,Japan,2024-02-01
T0000660,C00721,P0076,4,302.1,USA,2024-10-21
T0000661,C01820,P0109,4,52.39,France,2024-08-22
T0000662,C00789,P0177,2,132.49,France,2024-03-20
T0000663,C01156,P0023,2,420.19,Italy,2024-05-15
T0000664,C01322,P0125,1,132.24,Spain,2024-12-08
T0000665,C00649,P0156,3,258.33,Spain,2024-04-13
T0000666,C01458,P0101,2,418.78,USA,2024-01-03
T0000667,C01350,P0046,5,322.05,Spain,2024-02-18
T0000668,C00400,P0071,4,90.22,Brazil,2024-08-05
T0000669,C00081,P0169,5,78.47,Israel,2024-10-02
T0000670,C00250,P0002,3,407.76,Germany,2024-09-01
T0000671,C00270,P0117,2,171.57,Israel,2024-08-27
T0000672,C01074,P0156,5,268.93,Spain,2024-11-14
T0000673,C00917,P0102,3,113.63,USA,2024-10-11
T0000674,C01531,P0185,2,398.49,Japan,2024-06-04
T0000675,C01063,P0084,2,257.96,UK,2024-07-16
T0000676,C00571,P0013,1,127.01,Israel,2024-09-19
T0000677,C01862,P0091,4,58.4,UK,2024-11-23
T0000678,C00153,P0180,1,336.73,France,2024-06-03
T0000679,C01659,P0048,4,322.96,Israel,2024-10-10
T0000680,C00759,P0194,4,427.33,Spain,2024-11-13
T0000681,C01923,P0193,5,184.46,Spain,2024-01-22
T0000682,C00122,P0185,4,389.92,Germany,2024-02-06
T0000683,C00210,P0134,2,200.1,Canada,2024-12-04
T0000684,C00774,P0108,1,397.09,Spain,2024-12-04
T0000685,C01301,P0167,4,299.28,Germany,2024-07-30
T0000686,C00148,P0136,3,135.38,Italy,2024-04-01
T0000687,C01912,P0186,2,320.49,Italy,2024-06-16
T0000688,C01999,P0103,4,352.99,France,2024-02-17
T0000689,C00281,P0059,5,372.21,Italy,2024-06-11
T0000690,C00676,P0159,5,188.3,UK,2024-08-09
T0000691,C00958,P0177,4,135.83,Canada,2024-04-24
T0000692,C00583,P0125,3,116.82,Spain,2024-09-08
T0000693,C00478,P0086,5,53.73,France,2024-08-04
T0000694,C00976,P0113,1,327.31,France,2024-07-14
T0000695,C00181,P0159,1,202.06,Japan,2024-07-17
T0000696,C00835,P0099,2,174.99,Israel,2024-11-14
T0000697,C01200,P0119,4,140.67,USA,2024-12-06
T0000698,C01694,P0177,5,141.07,UK,2024-06-04
T0000699,C01046,P0148,3,322.87,USA,2024-01-12
T0000700,C01084,P0032,4,404.32,Israel,2024-02-19
T0000701,C00372,P0187,5,411.32,Israel,2024-10-02
T0000702,C01541,P0086,4,58.83,Germany,2024-11-23
T0000703,C00070,P0106,1,75.39,UK,2024-08-20
T0000704,C01889,P0180,1,378.01,USA,2024-12-28
T0000705,C01605,P0062,4,181.81,USA,2024-10-21
T0000706,C00100,P0005,3,119.49,Canada,2024-09-30
T0000707,C00696,P0013,4,123.5,Israel,2024-08-31
T0000708,C01571,P0057,3,114.09,Brazil,2024-01-09
T0000709,C01903,P0125,5,117.42,Spain,2024-05-09
T0000710,C01569,P0013,5,127.41,Spain,2024-07-27
T0000711,C00643,P0161,5,235.89,Italy,2024-06-15
T0000712,C00220,P0181,5,313.15,USA,2024-03-13
T0000713,C00362,P0156,1,240.66,Germany,2024-08-07
T0000714,C01620,P0049,2,295.04,Spain,2024-01-25
T0000715,C00870,P0103,4,347.0,Israel,2024-12-19
T0000716,C01985,P0029,2,280.69,Italy,2024-11-10
T0000717,C01706,P0070,2,20.4,Brazil,2024-07-27
T0000718,C00388,P0156,3,238.04,Israel,2024-06-11
T0000719,C01898,P0131,3,114.46,Italy,2024-01-03
T0000720,C00954,P0185,3,341.91,USA,2024-05-20
T0000721,C00868,P0101,5,465.21,France,2024-06-27
T0000722,C00738,P0013,2,120.47,Israel,2024-11-13
T0000723,C01735,P0136,2,163.59,Brazil,2024-09-23
T0000724,C00126,P0062,4,164.94,Spain,2024-03-29
T0000725,C01060,P0084,5,258.46,Brazil,2024-03-01
T0000726,C00499,P0161,2,222.11,Spain,2024-04-17
T0000727,C01738,P0180,4,403.74,Spain,2024-11-24
T0000728,C00307,P0150,2,225.11,Canada,2024-03-05
T0000729,C01965,P0171,3,373.34,Italy,2024-04-18
T0000730,C00003,P0101,2,439.89,UK,2024-11-02
T0000731,C01349,P0062,3,172.49,Japan,2024-07-09
T0000732,C00501,P0062,4,171.65,Brazil,2024-02-11
T0000733,C01201,P0187,5,344.4,France,2024-06-30
T0000734,C01080,P0017,1,272.85,Italy,2024-02-13
T0000735,C01175,P0013,4,119.33,Germany,2024-01-13
T0000736,C00646,P0013,4,136.09,Canada,2024-03-30
T0000737,C01154,P0034,3,154.3,Spain,2024-05-04
T0000738,C00820,P0045,3,56.57,France,2024-03-29
T0000739,C01775,P0004,5,187.97,Brazil,2024-04-04
T0000740,C00839,P0185,2,335.54,UK,2024-06-30
T0000741,C01464,P0049,3,318.53,France,2024-11-25
T0000742,C01902,P0129,4,31.95,Brazil,2024-11-09
T0000743,C01195,P0021,5,171.32,Japan,2024-10-04
T0000744,C01413,P0067,4,258.16,Germany,2024-10-15
T0000745,C00933,P0140,3,240.26,Germany,2024-12-29
T0000746,C00514,P0020,5,351.91,Japan,2024-08-27
T0000747,C01526,P0160,5,279.69,USA,2024-06-04
T0000748,C00199,P0190,3,364.69,USA,2024-05-31
T0000749,C00469,P0156,2,258.93,France,2024-01-11
T0000750,C00424,P0016,2,343.51,Japan,2024-03-26
T0000751,C01745,P0187,5,395.05,Brazil,2024-05-20
T0000752,C00678,P0163,3,59.44,Japan,2024-02-11
T0000753,C01209,P0125,2,134.34,USA,2024-06-12
T0000754,C01362,P0084,5,259.06,Italy,2024-08-08
T0000755,C00033,P0106,1,72.57,Canada,2024-07-12
T0000756,C00477,P0125,1,115.1,Brazil,2024-05-11
T0000757,C01526,P0196,3,100.46,Spain,2024-09-22
T0000758,C01401,P0190,1,396.49,UK,2024-12-30
T0000759,C00330,P0046,4,354.96,France,2024-01-16
T0000760,C00370,P0076,4,270.64,France,2024-04-04
T0000761,C01834,P0134,4,196.89,Israel,2024-08-27
T0000762,C00201,P0124,2,348.57,Italy,2024-04-14
T0000763,C01083,P0084,3,230.15,Israel,2024-10-07
T0000764,C01797,P0057,4,104.81,Israel,2024-02-23
T0000765,C00624,P0160,1,275.84,Italy,2024-08-22
T0000766,C01354,P0185,4,335.23,Canada,2024-01-03
T0000767,C00506,P0142,1,67.86,Italy,2024-04-24
T0000768,C01208,P0075,1,367.85,France,2024-02-24
T0000769,C00933,P0125,4,125.39,Israel,2024-09-09
T0000770,C01330,P0184,1,475.82,Brazil,2024-02-22
T0000771,C01330,P0084,4,224.27,Spain,2024-11-07
T0000772,C01599,P0100,3,127.69,Brazil,2024-06-16
T0000773,C00873,P0017,2,262.57,Canada,2024-08-12
T0000774,C01498,P0145,3,298.85,Spain,2024-04-24
T0000775,C00618,P0128,4,350.26,Japan,2024-12-31
T0000776,C01721,P0122,3,235.94,Israel,2024-01-22
T0000777,C01338,P0048,3,300.03,Japan,2024-09-23
T0000778,C00029,P0084,4,257.14,Brazil,2024-03-13
T0000779,C00600,P0103,1,396.27,UK,2024-11-18
T0000780,C01022,P0077,2,74.2,USA,2024-08-09
T0000781,C00014,P0077,3,71.5,Israel,2024-10-23
T0000782,C01255,P0059,4,307.12,Spain,2024-12-13
T0000783,C00886,P0045,3,62.07,Germany,2024-08-23
T0000784,C00987,P0019,5,233.87,USA,2024-09-01
T0000785,C01376,P0134,2,196.73,USA,2024-10-02
T0000786,C00060,P0096,1,382.68,France,2024-05-17
T0000787,C00404,P0075,3,338.74,Spain,2024-10-23
T0000788,C01579,P0180,3,383.89,UK,2024-07-08
T0000789,C00637,P0046,4,360.26,Israel,2024-10-03
T0000790,C00776,P0143,3,268.55,UK,2024-04-18
T0000791,C00927,P0047,2,243.81,Japan,2024-01-11
T0000792,C01800,P0031,2,414.18,Japan,2024-03-03
T0000793,C01343,P0057,1,114.24,UK,2024-07-04
T0000794,C01655,P0059,5,345.84,Germany,2024-04-24
T0000795,C01360,P0180,3,365.05,Brazil,2024-03-23
T0000796,C01506,P0142,4,59.8,UK,2024-01-19
T0000797,C00521,P0175,3,237.97,Germany,2024-11-07
T0000798,C00389,P0194,5,388.96,Israel,2024-04-09
T0000799,C00792,P0086,2,50.97,Japan,2024-07-02
T0000800,C00638,P0110,4,52.99,Brazil,2024-04-27
T0000801,C01125,P0122,2,203.89,USA,2024-08-31
T0000802,C00535,P0175,5,211.71,Japan,2024-11-26
T0000803,C00442,P0030,3,129.69,Israel,2024-08-10
T0000804,C00338,P0084,3,261.04,Brazil,2024-07-09
T0000805,C01403,P0125,4,114.22,France,2024-01-27
T0000806,C01866,P0113,2,389.37,Japan,2024-01-15
T0000807,C01306,P0103,5,345.98,Germany,2024-09-07
T0000808,C00752,P0197,3,225.49,Brazil,2024-10-13
T0000809,C00435,P0117,3,190.11,UK,2024-08-03
T0000810,C00860,P0097,4,264.24,Canada,2024-04-03
T0000811,C00213,P0134,4,221.64,USA,2024-11-27
T0000812,C01632,P0192,1,253.38,France,2024-01-09
T0000813,C00686,P0079,5,244.58,France,2024-09-27
T0000814,C00458,P0019,3,230.2,UK,2024-10-20
T0000815,C00625,P0145,2,280.52,Israel,2024-05-11
T0000816,C00945,P0156,2,229.5,Israel,2024-01-24
T0000817,C01791,P0077,4,79.93,Italy,2024-04-12
T0000818,C00537,P0122,2,228.45,Japan,2024-02-12
T0000819,C01175,P0161,5,225.24,Brazil,2024-05-23
T0000820,C00754,P0084,5,235.57,Italy,2024-02-03
T0000821,C00720,P0096,5,363.22,Japan,2024-04-07
T0000822,C00888,P0100,1,117.53,Spain,2024-04-08
T0000823,C00207,P0013,2,119.56,USA,2024-02-12
T0000824,C00718,P0144,1,142.39,UK,2024-07-30
T0000825,C00019,P0025,2,324.62,Brazil,2024-01-16
T0000826,C01029,P0180,2,393.56,Israel,2024-02-07
T0000827,C01595,P0175,2,242.91,UK,2024-06-27
T0000828,C00342,P0177,5,129.6,Brazil,2024-02-09
T0000829,C00405,P0036,5,210.79,Israel,2024-10-14
T0000830,C00494,P0054,3,231.26,Israel,2024-12-16
T0000831,C00023,P0054,2,226.77,Spain,2024-01-25
T0000832,C00178,P0180,3,390.48,Germany,2024-08-16
T0000833,C00346,P0045,1,58.72,Brazil,2024-02-20
T0000834,C01323,P0019,4,211.25,Japan,2024-12-27
T0000835,C00015,P0136,5,157.27,France,2024-08-15
T0000836,C01290,P0077,1,79.48,Germany,2024-08-09
T0000837,C00677,P0019,4,208.57,Israel,2024-07-02
T0000838,C00233,P0006,2,40.94,Germany,2024-02-02
T0000839,C01553,P0017,4,261.06,Brazil,2024-09-28
T0000840,C00513,P0012,1,252.41,France,2024-10-08
T0000841,C00392,P0131,2,100.57,Brazil,2024-02-20
T0000842,C01192,P0180,2,360.15,Canada,2024-08-19
T0000843,C00181,P0015,4,115.19,Japan,2024-10-17
T0000844,C01091,P0129,4,34.34,France,2024-10-15
T0000845,C00603,P0124,5,329.39,UK,2024-08-16
T0000846,C00072,P0013,1,118.74,Italy,2024-01-03
T0000847,C00522,P0057,4,108.43,Japan,2024-03-01
T0000848,C00513,P0194,4,367.0,Israel,2024-01-29
T0000849,C00864,P0119,3,142.63,UK,2024-09-14
T0000850,C01809,P0086,3,56.67,Brazil,2024-07-20
T0000851,C00100,P0054,1,214.02,Brazil,2024-11-23
T0000852,C00377,P0177,5,123.82,Spain,2024-05-31
T0000853,C01159,P0162,4,383.6,Canada,2024-01-12
T0000854,C00402,P0076,5,277.13,UK,2024-11-11
T0000855,C01379,P0086,1,60.9,Canada,2024-07-22
T0000856,C00826,P0054,2,214.14,Canada,2024-05-13
T0000857,C01886,P0180,1,335.09,UK,2024-04-28
T0000858,C01260,P0136,3,161.94,France,2024-06-12
T0000859,C01525,P0175,3,233.61,Spain,2024-06-01
T0000860,C00008,P0076,2,288.75,Italy,2024-08-28
T0000861,C01547,P0084,5,237.74,Israel,2024-04-10
T0000862,C01759,P0012,2,264.61,USA,2024-07-17
T0000863,C00735,P0054,1,247.4,Germany,2024-01-13
T0000864,C00011,P0020,4,362.49,UK,2024-08-11
T0000865,C01773,P0049,3,331.36,France,2024-05-07
T0000866,C00645,P0096,1,352.18,Italy,2024-02-29
T0000867,C00665,P0046,5,329.73,Japan,2024-03-08
T0000868,C00110,P0129,4,33.97,Brazil,2024-12-02
T0000869,C00048,P0084,1,233.0,UK,2024-03-29
T0000870,C01404,P0128,3,405.56,Brazil,2024-02-17
T0000871,C00024,P0195,2,116.45,Japan,2024-05-28
T0000872,C01718,P0088,5,88.62,UK,2024-12-03
T0000873,C00415,P0178,3,304.6,Italy,2024-08-22
T0000874,C01305,P0180,1,348.15,Germany,2024-08-23
T0000875,C00448,P0119,4,122.78,Germany,2024-12-25
T0000876,C00305,P0125,3,124.3,Germany,2024-02-24
T0000877,C00448,P0125,3,121.66,Spain,2024-08-22
T0000878,C01210,P0045,5,59.79,France,2024-10-16
T0000879,C00169,P0057,2,110.8,Israel,2024-06-04
T0000880,C00497,P0103,4,402.72,Germany,2024-06-28
T0000881,C00859,P0192,5,229.16,Italy,2024-02-12
T0000882,C00028,P0162,3,396.9,Brazil,2024-11-24
T0000883,C00081,P0190,1,383.8,Italy,2024-05-06
T0000884,C01736,P0054,2,237.44,Japan,2024-12-14
T0000885,C00075,P0019,5,219.17,Italy,2024-03-16
T0000886,C01406,P0013,5,136.48,Canada,2024-05-26
T0000887,C00387,P0078,4,425.52,Italy,2024-04-11
T0000888,C01717,P0103,5,374.43,Canada,2024-07-10
T0000889,C00952,P0190,1,339.21,USA,2024-08-24
T0000890,C01364,P0008,1,375.22,Japan,2024-04-24
T0000891,C00023,P0117,3,177.11,Germany,2024-01-13
T0000892,C00063,P0042,1,122.61,Canada,2024-05-30
T0000893,C01972,P0154,4,45.32,Spain,2024-12-17
T0000894,C01504,P0101,3,409.19,Brazil,2024-01-16
T0000895,C01898,P0197,3,229.31,France,2024-09-01
T0000896,C00497,P0113,5,318.02,Italy,2024-01-12
T0000897,C01269,P0101,1,408.28,Canada,2024-02-13
T0000898,C01325,P0134,4,186.65,Germany,2024-08-13
T0000899,C01727,P0045,3,56.48,Canada,2024-12-31
T0000900,C01062,P0180,4,363.12,Israel,2024-06-05
T0000901,C01683,P0133,3,284.35,USA,2024-07-09
T0000902,C00766,P0183,2,111.84,Japan,2024-11-25
T0000903,C00487,P0109,3,45.52,Brazil,2024-09-26
T0000904,C01574,P0057,1,93.77,Israel,2024-03-03
T0000905,C00610,P0075,1,350.61,Italy,2024-03-09
T0000906,C00134,P0076,3,265.47,Israel,2024-03-31
T0000907,C00749,P0109,5,51.44,Israel,2024-08-07
T0000908,C00737,P0185,3,359.08,Israel,2024-10-31
T0000909,C01794,P0102,4,103.91,USA,2024-12-09
T0000910,C00920,P0129,2,34.66,Canada,2024-09-22
T0000911,C01254,P0057,2,114.38,France,2024-08-03
T0000912,C01354,P0142,3,59.52,USA,2024-12-28
T0000913,C01366,P0175,4,250.42,UK,2024-08-20
T0000914,C00160,P0142,2,67.25,Germany,2024-01-25
T0000915,C01527,P0125,1,123.65,Japan,2024-11-16
T0000916,C01623,P0186,2,347.76,Canada,2024-03-05
T0000917,C01107,P0184,4,480.11,Germany,2024-10-02
T0000918,C00195,P0088,4,95.66,Brazil,2024-07-13
T0000919,C00391,P0062,3,150.81,Canada,2024-09-21
T0000920,C00456,P0131,4,122.64,France,2024-01-05
T0000921,C00714,P0120,1,156.28,Canada,2024-06-30
T0000922,C00532,P0019,5,232.91,UK,2024-01-16
T0000923,C01974,P0019,4,198.69,Canada,2024-12-03
T0000924,C01205,P0013,2,129.32,France,2024-06-08
T0000925,C01671,P0023,5,420.25,UK,2024-10-29
T0000926,C01720,P0113,1,335.15,UK,2024-07-31
T0000927,C00799,P0075,4,316.2,UK,2024-07-14
T0000928,C00492,P0063,3,242.93,UK,2024-04-18
T0000929,C00186,P0129,5,36.72,Japan,2024-12-23
T0000930,C01468,P0069,3,200.72,UK,2024-12-05
T0000931,C01627,P0156,3,271.5,Italy,2024-03-03
T0000932,C01546,P0125,2,138.88,Canada,2024-11-20
T0000933,C01798,P0031,5,397.49,Spain,2024-12-14
T0000934,C01941,P0151,2,389.66,France,2024-08-15
T0000935,C00053,P0117,5,185.21,France,2024-08-29
T0000936,C00073,P0137,2,232.5,USA,2024-11-10
T0000937,C01529,P0080,3,54.85,USA,2024-08-08
T0000938,C01687,P0077,2,74.26,Japan,2024-06-10
T0000939,C01605,P0028,3,460.5,USA,2024-05-26
T0000940,C01067,P0154,2,51.29,USA,2024-09-17
T0000941,C01851,P0075,2,327.41,UK,2024-12-08
T0000942,C01993,P0084,4,224.54,Germany,2024-02-27
T0000943,C01656,P0099,2,170.48,Japan,2024-12-08
T0000944,C01733,P0134,1,189.96,USA,2024-10-24
T0000945,C01451,P0011,5,353.63,UK,2024-11-10
T0000946,C00168,P0013,5,132.7,Italy,2024-06-10
T0000947,C01790,P0122,1,226.32,Canada,2024-04-28
T0000948,C01230,P0077,3,67.93,Italy,2024-12-17
T0000949,C00871,P0159,3,187.32,USA,2024-11-06
T0000950,C00874,P0013,1,133.43,France,2024-03-05
T0000951,C00182,P0056,2,298.39,Israel,2024-10-30
T0000952,C01049,P0094,1,291.35,Spain,2024-08-22
T0000953,C00235,P0088,4,92.51,USA,2024-04-19
T0000954,C00133,P0013,5,141.84,USA,2024-05-10
T0000955,C01229,P0190,5,348.44,UK,2024-04-12
T0000956,C00113,P0159,5,195.72,Brazil,2024-08-03
T0000957,C01260,P0013,5,114.58,Japan,2024-07-15
T0000958,C01808,P0125,1,122.26,UK,2024-10-01
T0000959,C01861,P0000,4,181.57,Brazil,2024-11-28
T0000960,C00340,P0075,3,343.96,Italy,2024-08-03
T0000961,C01972,P0100,5,112.46,Canada,2024-03-26
T0000962,C01578,P0042,1,106.44,Canada,2024-08-19
T0000963,C00467,P0090,3,172.89,UK,2024-05-31
T0000964,C00674,P0013,2,136.46,France,2024-11-20
T0000965,C00465,P0130,4,251.94,Germany,2024-07-19
T0000966,C01785,P0046,5,355.32,Israel,2024-06-13
T0000967,C00444,P0102,1,115.47,Italy,2024-06-27
T0000968,C00631,P0048,5,345.19,Italy,2024-08-29
T0000969,C00170,P0080,1,52.13,UK,2024-04-19
T0000970,C01173,P0108,3,435.71,Italy,2024-09-02
T0000971,C00049,P0106,2,77.45,Canada,2024-10-15
T0000972,C01431,P0028,3,395.89,Brazil,2024-05-22
T0000973,C01970,P0019,4,238.1,USA,2024-04-01
T0000974,C01525,P0125,3,122.31,UK,2024-02-09
T0000975,C01928,P0077,4,75.44,Germany,2024-01-31
T0000976,C00457,P0084,2,252.56,Italy,2024-04-07
T0000977,C00161,P0129,3,N/A,Italy,2024-05-15
T0000978,C01274,P0066,3,305.15,Italy,2024-10-10
T0000979,C00269,P0025,3,273.99,France,2024-09-17
T0000980,C01638,P0084,2,270.1,Italy,2024-06-14
T0000981,C00431,P0054,4,225.55,UK,2024-10-09
T0000982,C00266,P0184,5,427.92,Germany,2024-02-25
T0000983,C01610,P0185,1,338.32,Israel,2024-10-14
T0000984,C00194,P0019,1,220.87,Israel,2024-02-17
T0000985,C00403,P0013,3,139.47,France,2024-08-05
T0000986,C01983,P0114,4,449.73,Germany,2024-03-17
T0000987,C00467,P0140,4,254.16,UK,2024-03-10
T0000988,C01355,P0185,5,323.09,Germany,2024-11-20
T0000989,C01003,P0136,2,149.92,Japan,2024-03-27
T0000990,C00032,P0011,4,348.01,Italy,2024-04-12
T0000991,C01701,P0180,2,359.12,Canada,2024-02-20
T0000992,C01473,P0072,3,290.88,Spain,2024-05-27
T0000993,C00316,P0156,5,242.4,Japan,2024-12-04
T0000994,C01678,P0005,1,115.47,Germany,2024-02-27
T0000995,C01024,P0170,4,399.53,Italy,2024-09-28
T0000996,C01191,P0187,2,341.42,Spain,2024-04-02
T0000997,C00381,P0019,4,216.89,France,2024-02-26
T0000998,C00611,P0057,3,102.01,Japan,2024-03-10
T0000999,C01794,P0115,3,339.9,Germany,2024-03-14
T0001000,C00360,P0047,1,268.25,Israel,2024-05-23
T0001001,C00159,P0075,5,333.99,Germany,2024-02-12
T0001002,C01704,P0004,4,167.83,USA,2024-12-25
T0001003,C01430,P0086,1,57.87,France,2024-06-07
T0001004,C01677,P0054,2,243.2,Italy,2024-12-14
T0001005,C01072,P0198,3,336.35,Germany,2024-10-12
T0001006,C00966,P0090,5,159.57,Germany,2024-06-07
T0001007,C00030,P0151,3,389.87,Japan,2024-04-23
T0001008,C01165,P0057,2,108.07,Japan,2024-04-28
T0001009,C01089,P0079,4,250.35,Italy,2024-07-18
T0001010,C01935,P0013,5,124.92,Japan,2024-12-26
T0001011,C01021,P0048,2,304.92,Germany,2024-02-03
T0001012,C00805,P0129,3,34.35,Spain,2024-10-17
T0001013,C00404,P0101,3,421.16,Spain,2024-01-23
T0001014,C01596,P0119,1,135.02,Germany,2024-01-18
T0001015,C01465,P0123,4,302.08,Spain,2024-07-03
T0001016,C00362,P0022,2,164.82,Brazil,2024-06-17
T0001017,C00266,P0028,4,442.78,Canada,2024-10-10
T0001018,C00825,P0131,2,103.22,Italy,2024-09-25
T0001019,C01087,P0176,1,163.87,Spain,2024-03-13
T0001020,C01051,P0175,3,233.25,USA,2024-05-22
T0001021,C00765,P0167,5,274.81,Germany,2024-05-04
T0001022,C00783,P0137,1,217.77,Germany,2024-07-06
T0001023,C00135,P0075,4,327.67,Brazil,2024-07-26
T0001024,C00635,P0019,4,236.03,UK,2024-01-31
T0001025,C01161,P0190,5,402.99,France,2024-07-24
T0001026,C01745,P0103,5,410.58,Spain,2024-10-29
T0001027,C01625,P0048,3,318.99,France,2024-03-20
T0001028,C01359,P0078,4,366.26,UK,2024-05-30
T0001029,C01009,P0194,4,441.57,UK,2024-01-11
T0001030,C01803,P0045,4,63.74,UK,2024-06-18
T0001031,C01344,P0185,4,326.85,France,2024-09-17
T0001032,C01093,P0129,1,32.09,Spain,2024-08-23
T0001033,C00255,P0136,5,146.48,Italy,2024-03-14
T0001034,C00007,P0176,2,185.83,UK,2024-08-05
T0001035,C00495,P0013,5,140.49,Israel,2024-11-12
T0001036,C01189,P0045,5,60.94,Israel,2024-10-21
T0001037,C00508,P0054,4,214.72,USA,2024-09-14
T0001038,C00433,P0013,2,136.38,UK,2024-07-03
T0001039,C01426,P0103,5,346.7,Germany,2024-07-21
T0001040,C00811,P0125,1,140.6,UK,2024-04-13
T0001041,C01938,P0192,3,237.0,Spain,2024-03-03
T0001042,C01246,P0084,1,228.35,Italy,2024-01-12
T0001043,C00471,P0019,5,213.13,Italy,2024-06-22
T0001044,C01188,P0119,3,121.96,France,2024-04-26
T0001045,C01165,P0194,2,427.98,Canada,2024-03-16
T0001046,C00599,P0076,2,276.4,UK,2024-07-10
T0001047,C00284,P0146,4,221.84,Japan,2024-01-19
T0001048,C00712,P0113,1,379.4,UK,2024-04-28
T0001049,C00761,P0077,2,80.84,Brazil,2024-08-11
T0001050,C01659,P0087,1,123.87,Italy,2024-11-19
T0001051,C01626,P0180,2,377.27,France,2024-05-13
T0001052,C00425,P0186,4,337.24,UK,2024-04-21
T0001053,C00553,P0156,4,228.48,UK,2024-02-19
T0001054,C01477,P0185,4,388.22,Israel,2024-07-20
T0001055,C00914,P0117,2,192.23,Japan,2024-01-10
T0001056,C00619,P0196,3,93.13,Canada,2024-06-28
T0001057,C01732,P0057,1,103.61,Spain,2024-07-31
T0001058,C01771,P0088,4,95.91,Canada,2024-01-25
T0001059,C01176,P0024,2,429.02,Germany,2024-10-03
T0001060,C00771,P0001,4,249.15,UK,2024-05-16
T0001061,C01301,P0039,4,157.26,Canada,2024-08-04
T0001062,C01976,P0155,2,27.78,Japan,2024-01-24
T0001063,C00334,P0036,3,208.1,Italy,2024-11-27
T0001064,C00692,P0080,4,54.64,France,2024-06-27
T0001065,C01475,P0198,2,319.73,Italy,2024-11-10
T0001066,C01515,P0119,5,130.26,USA,2024-09-13
T0001067,C01107,P0019,1,227.31,Canada,2024-09-24
T0001068,C01767,P0072,2,302.63,UK,2024-01-01
T0001069,C01518,P0004,3,182.5,Brazil,2024-02-29
T0001070,C00337,P0194,1,416.53,Italy,2024-12-29
T0001071,C00155,P0164,2,270.92,France,2024-05-08
T0001072,C01130,P0054,4,214.2,Canada,2024-01-08
T0001073,C00588,P0047,4,250.92,Israel,2024-05-26
T0001074,C01343,P0142,3,66.77,Brazil,2024-08-29
T0001075,C00545,P0082,2,96.86,Italy,2024-01-19
T0001076,C01035,P0177,4,121.36,Israel,2024-02-17
T0001077,C00067,P0019,1,230.32,Japan,2024-12-21
T0001078,C00500,P0028,1,414.43,USA,2024-02-17
T0001079,C00875,P0013,5,124.2,Italy,2024-09-16
T0001080,C00854,P0165,2,446.88,Canada,2024-08-19
T0001081,C00967,P0088,2,92.24,Brazil,2024-09-11
T0001082,C00686,P0004,1,187.36,USA,2024-01-23
T0001083,C01644,P0045,3,58.05,USA,2024-08-23
T0001084,C00637,P0152,4,409.51,Canada,2024-05-16
T0001085,C00423,P0004,4,172.75,Germany,2024-01-06
T0001086,C01899,P0099,1,180.89,Japan,2024-05-09
T0001087,C01488,P0125,4,120.33,Brazil,2024-01-15
T0001088,C01255,P0032,1,442.04,France,2024-03-04
T0001089,C01748,P0042,2,119.91,USA,2024-07-18
T0001090,C00819,P0057,4,113.26,Canada,2024-03-19
T0001091,C00883,P0105,4,175.74,USA,2024-06-04
T0001092,C01916,P0104,1,50.5,UK,2024-03-10
T0001093,C00002,P0069,3,172.55,UK,2024-10-01
T0001094,C01635,P0103,5,347.41,USA,2024-06-25
T0001095,C00740,P0136,2,162.77,Brazil,2024-12-19
T0001096,C01806,P0054,1,214.3,Germany,2024-04-28
T0001097,C00210,P0096,1,391.15,France,2024-08-30
T0001098,C01292,P0185,4,364.61,Canada,2024-01-18
T0001099,C00729,P0075,3,364.82,Italy,2024-03-13
T0001100,C00635,P0045,5,52.43,Brazil,2024-04-29
T0001101,C00318,P0045,5,54.6,Spain,2024-03-23
T0001102,C01020,P0150,5,182.05,UK,2024-09-27
T0001103,C00563,P0090,1,176.59,Italy,2024-04-07
T0001104,C01778,P0080,5,44.59,UK,2024-06-14
T0001105,C00647,P0057,2,96.37,Italy,2024-06-12
T0001106,C01388,P0054,5,207.81,Germany,2024-09-10
T0001107,C01939,P0045,2,61.96,Canada,2024-10-02
T0001108,C01987,P0045,3,52.76,Canada,2024-08-20
T0001109,C01373,P0173,2,133.33,Brazil,2024-01-04
T0001110,C01579,P0075,1,356.27,Israel,2024-05-31
T0001111,C01661,P0077,3,68.21,Japan,2024-06-20
T0001112,C00939,P0070,1,21.57,Germany,2024-08-20
T0001113,C00557,P0112,5,362.54,Israel,2024-08-05
T0001114,C01418,P0010,1,413.1,USA,2024-05-27
T0001115,C01757,P0084,2,265.98,France,2024-01-17
T0001116,C01151,P0054,4,249.66,France,2024-11-15
T0001117,C00880,P0134,5,221.78,UK,2024-08-03
T0001118,C01385,P0130,3,220.71,UK,2024-04-17
T0001119,C01287,P0050,3,253.14,Italy,2024-01-08
T0001120,C00488,P0015,3,139.71,Brazil,2024-04-23
T0001121,C00017,P0000,2,206.15,Canada,2024-07-02
T0001122,C01665,P0096,2,329.32,Italy,2024-04-22
T0001123,C01796,P0171,1,440.1,Spain,2024-09-15
T0001124,C00912,P0126,2,368.05,Germany,2024-03-20
T0001125,C01503,P0090,2,173.81,France,2024-06-05
T0001126,C00899,P0136,2,152.48,Spain,2024-09-19
T0001127,C01001,P0086,3,63.37,Italy,2024-12-10
T0001128,C00924,P0196,1,99.99,Spain,2024-10-07
T0001129,C00468,P0077,2,76.19,Canada,2024-02-24
T0001130,C01248,P0141,3,215.04,USA,2024-03-16
T0001131,C00650,P0113,1,344.27,Brazil,2024-11-22
T0001132,C00569,P0002,5,387.74,Germany,2024-08-13
T0001133,C00629,P0163,3,61.0,France,2024-06-19
T0001134,C01210,P0067,4,233.31,France,2024-05-04
T0001135,C00304,P0194,3,407.57,Japan,2024-03-14
T0001136,C00171,P0150,5,189.39,France,2024-05-18
T0001137,C01868,P0093,3,32.63,Japan,2024-11-11
T0001138,C01578,P0113,2,332.52,Brazil,2024-10-19
T0001139,C01079,P0119,4,144.54,Israel,2024-01-27
T0001140,C00626,P0192,4,243.59,Germany,2024-03-14
T0001141,C00179,P0109,2,50.49,Israel,2024-05-20
T0001142,C00499,P0169,3,78.51,Brazil,2024-11-06
T0001143,C00012,P0161,2,254.58,Germany,2024-05-17
T0001144,C00687,P0180,3,360.39,France,2024-07-10
T0001145,C01506,P0025,2,289.33,Italy,2024-11-02
T0001146,C01638,P0168,4,120.88,UK,2024-08-13
T0001147,C00100,P0103,5,362.27,Japan,2024-11-06
T0001148,C00487,P0177,4,148.52,Japan,2024-08-21
T0001149,C01754,P0111,5,446.94,Italy,2024-04-26
T0001150,C00534,P0156,3,262.3,Canada,2024-05-26
T0001151,C00224,P0133,5,278.17,France,2024-02-22
T0001152,C00391,P0190,1,342.58,Italy,2024-04-08
T0001153,C00131,P0117,5,178.35,Italy,2024-11-17
T0001154,C01950,P0159,4,199.52,Italy,2024-01-18
T0001155,C01889,P0028,2,449.88,UK,2024-04-27
T0001156,C01113,P0166,4,332.0,France,2024-10-26
T0001157,C00836,P0042,4,117.11,Israel,2024-12-14
T0001158,C00321,P0063,1,223.71,France,2024-12-18
T0001159,C01751,P0075,1,389.88,Japan,2024-06-19
T0001160,C00500,P0084,5,259.01,USA,2024-04-06
T0001161,C00465,P0119,2,145.65,Germany,2024-02-13
T0001162,C00194,P0159,1,199.26,Japan,2024-01-30
T0001163,C00254,P0062,1,166.33,Germany,2024-01-02
T0001164,C01913,P0005,1,115.24,USA,2024-05-04
T0001165,C00586,P0060,3,391.68,France,2024-09-29
T0001166,C00852,P0129,5,38.44,Italy,2024-12-21
T0001167,C01003,P0185,3,388.54,Brazil,2024-12-30
T0001168,C00812,P0190,3,368.08,Israel,2024-08-26
T0001169,C00018,P0086,3,61.93,Brazil,2024-09-07
T0001170,C00948,P0199,4,302.56,UK,2024-03-23
T0001171,C00404,P0154,3,54.1,Italy,2024-05-15
T0001172,C01202,P0167,3,272.92,USA,2024-12-09
T0001173,C00381,P0158,5,245.81,UK,2024-04-20
T0001174,C01332,P0071,3,87.92,UK,2024-09-12
T0001175,C01134,P0180,2,404.28,UK,2024-06-15
T0001176,C00602,P0040,3,389.97,France,2024-03-17
T0001177,C01822,P0177,5,136.24,Germany,2024-01-01
T0001178,C00411,P0113,2,324.61,Israel,2024-11-22
T0001179,C00539,P0120,4,157.41,Italy,2024-05-14
T0001180,C01406,P0054,2,234.04,Israel,2024-10-20
T0001181,C01072,P0190,1,353.12,Italy,2024-07-07
T0001182,C01051,P0047,2,245.94,Canada,2024-02-16
T0001183,C01763,P0082,2,110.21,Italy,2024-04-25
T0001184,C01866,P0180,4,329.79,UK,2024-08-20
T0001185,C01459,P0001,5,267.54,Italy,2024-10-27
T0001186,C00370,P0017,4,246.61,USA,2024-01-07
T0001187,C01859,P0194,5,438.84,Italy,2024-08-28
T0001188,C00973,P0013,5,136.05,Germany,2024-05-25
T0001189,C01241,P0092,5,240.33,France,2024-09-19
T0001190,C00324,P0099,5,167.05,Italy,2024-08-14
T0001191,C00596,P0125,1,136.1,Italy,2024-10-05
T0001192,C01680,P0051,2,231.26,Brazil,2024-04-04
T0001193,C00082,P0046,3,340.2,Israel,2024-11-01
T0001194,C00664,P0143,5,276.8,Japan,2024-07-09
T0001195,C01101,P0084,1,230.16,Spain,2024-08-28
T0001196,C00212,P0059,2,301.59,Germany,2024-07-30
T0001197,C00550,P0186,1,376.56,Japan,2024-09-26
T0001198,C00466,P0125,2,134.23,Italy,2024-12-22
T0001199,C01612,P0088,2,94.96,Brazil,2024-01-10
T0001200,C00928,P0046,4,329.72,UK,2024-04-30
T0001201,C00721,P0134,4,202.14,Brazil,2024-06-27
T0001202,C01664,P0096,2,358.8,Germany,2024-09-18
T0001203,C01505,P0062,4,148.6,France,2024-05-15
T0001204,C01481,P0184,1,422.12,France,2024-02-29
T0001205,C00644,P0136,1,153.23,France,2024-02-06
T0001206,C00792,P0101,2,421.34,Israel,2024-11-24
T0001207,C00012,P0062,2,180.16,Italy,2024-12-12
T0001208,C01300,P0147,2,441.22,Brazil,2024-01-22
T0001209,C01593,P0017,3,256.52,Spain,2024-08-27
T0001210,C00272,P0113,1,387.7,Japan,2024-12-03
T0001211,C01048,P0158,2,268.59,Canada,2024-08-31
T0001212,C00410,P0060,5,374.45,France,2024-04-01
T0001213,C01831,P0072,5,319.53,Spain,2024-06-25
T0001214,C00943,P0005,4,105.97,Germany,2024-03-01
T0001215,C01928,P0101,1,475.71,Japan,2024-05-15
T0001216,C00603,P0067,5,280.03,Spain,2024-06-23
T0001217,C00312,P0048,5,330.82,Israel,2024-04-28
T0001218,C01236,P0180,2,386.46,France,2024-02-06
T0001219,C00369,P0077,4,73.27,UK,2024-05-16
T0001220,C01206,P0077,5,75.69,Italy,2024-06-25
T0001221,C00487,P0194,4,440.22,France,2024-11-13
T0001222,C00837,P0025,2,280.33,Italy,2024-09-04
T0001223,C00825,P0073,3,173.19,France,2024-09-15
T0001224,C01782,P0136,1,158.42,Italy,2024-04-20
T0001225,C00238,P0109,1,46.84,Japan,2024-11-25
T0001226,C00235,P0156,5,233.66,France,2024-04-25
T0001227,C00783,P0014,1,265.4,Spain,2024-05-08
T0001228,C00368,P0034,1,155.99,Japan,2024-09-29
T0001229,C01263,P0134,1,230.06,France,2024-07-24
T0001230,C01051,P0190,1,376.81,France,2024-02-21
T0001231,C00635,P0016,3,321.51,Germany,2024-04-12
T0001232,C00204,P0169,4,76.26,Japan,2024-03-27
T0001233,C01186,P0184,4,476.26,Canada,2024-09-26
T0001234,C00438,P0103,5,343.37,Spain,2024-03-21
T0001235,C01127,P0185,2,339.05,Brazil,2024-04-06
T0001236,C01969,P0013,5,134.46,Germany,2024-08-13
T0001237,C00863,P0129,2,31.37,Japan,2024-03-05
T0001238,C01108,P0107,3,130.04,UK,2024-09-02
T0001239,C01166,P0125,3,114.91,Germany,2024-07-24
T0001240,C01285,P0101,5,469.87,Canada,2024-02-04
T0001241,C00364,P0129,4,38.45,USA,2024-04-16
T0001242,C00254,P0004,1,184.06,Italy,2024-01-21
T0001243,C00308,P0113,1,321.42,Canada,2024-03-04
T0001244,C00773,P0075,5,326.56,UK,2024-07-22
T0001245,C01097,P0076,5,257.19,Israel,2024-10-18
T0001246,C00155,P0021,3,169.19,Israel,2024-03-14
T0001247,C01255,P0109,2,52.46,Brazil,2024-11-29
T0001248,C00145,P0054,5,220.17,Canada,2024-02-24
T0001249,C01786,P0028,5,427.2,Israel,2024-11-05
T0001250,C00509,P0046,4,324.41,Israel,2024-08-14
T0001251,C00357,P0180,5,391.71,Japan,2024-06-21
T0001252,C00010,P0156,3,229.39,Germany,2024-08-30
T0001253,C01557,P0121,3,319.58,Spain,2024-01-09
T0001254,C00508,P0184,4,429.74,France,2024-08-21
T0001255,C00974,P0156,4,263.5,Canada,2024-09-19
T0001256,C00912,P0102,5,123.17,USA,2024-04-06
T0001257,C00302,P0130,3,261.87,UK,2024-02-24
T0001258,C00290,P0023,1,415.54,UK,2024-09-03
T0001259,C01787,P0046,1,370.61,Italy,2024-07-12
T0001260,C01079,P0057,4,105.92,Canada,2024-10-14
T0001261,C01471,P0019,2,215.9,Italy,2024-02-23
T0001262,C01943,P0004,1,169.51,Spain,2024-02-01
T0001263,C00783,P0115,4,310.97,Spain,2024-04-19
T0001264,C01257,P0154,2,54.18,Germany,2024-05-27
T0001265,C00540,P0054,3,221.12,Italy,2024-01-05
T0001266,C00431,P0031,4,406.77,Israel,2024-05-29
T0001267,C00798,P0072,3,274.38,Brazil,2024-07-21
T0001268,C00705,P0131,1,117.64,Israel,2024-05-21
T0001269,C00278,P0019,2,191.95,USA,2024-07-12
T0001270,C01315,P0057,5,100.18,Italy,2024-09-14
T0001271,C01275,P0140,3,242.22,USA,2024-12-28
T0001272,C01317,P0125,5,134.71,USA,2024-06-26
T0001273,C01646,P0007,3,388.79,France,2024-12-22
T0001274,C01405,P0103,1,384.44,UK,2024-12-14
T0001275,C00151,P0190,1,365.29,Israel,2024-10-21
T0001276,C01829,P0195,5,112.4,Brazil,2024-11-01
T0001277,C01261,P0045,4,59.87,France,2024-12-27
T0001278,C01799,P0034,4,158.89,Israel,2024-01-30
T0001279,C00855,P0115,4,332.61,France,2024-09-02
T0001280,C00067,P0075,3,340.01,UK,2024-07-07
T0001281,C01602,P0011,1,326.01,Brazil,2024-05-25
T0001282,C01108,P0100,4,124.12,Spain,2024-02-13
T0001283,C00693,P0017,5,242.08,Spain,2024-06-05
T0001284,C00403,P0009,3,21.95,France,2024-03-09
T0001285,C00332,P0194,5,397.59,Canada,2024-09-29
T0001286,C01760,P0178,4,302.32,Germany,2024-10-20
T0001287,C01530,P0013,5,127.32,Spain,2024-06-22
T0001288,C01221,P0101,1,476.38,Canada,2024-04-26
T0001289,C01608,P0150,2,193.49,Spain,2024-03-13
T0001290,C01206,P0100,5,110.88,UK,2024-02-14
T0001291,C01050,P0190,5,361.27,Israel,2024-03-16
T0001292,C00031,P0192,2,251.44,Canada,2024-06-11
T0001293,C01790,P0177,1,147.22,Italy,2024-07-29
T0001294,C00528,P0057,1,98.79,Italy,2024-09-19
T0001295,C00161,P0057,2,114.82,UK,2024-12-21
T0001296,C01343,P0119,1,137.36,Japan,2024-03-14
T0001297,C00519,P0141,4,212.68,USA,2024-04-02
T0001298,C00099,P0125,3,121.2,Canada,2024-01-04
T0001299,C00285,P0125,1,126.35,Germany,2024-06-25
T0001300,C00513,P0090,2,163.33,Brazil,2024-10-29
T0001301,C00306,P0040,4,357.64,France,2024-01-05
T0001302,C00843,P0159,1,186.17,Italy,2024-08-08
T0001303,C01549,P0013,5,126.57,USA,2024-12-11
T0001304,C01453,P0101,4,421.28,France,2024-03-20
T0001305,C00376,P0158,3,265.56,Japan,2024-03-02
T0001306,C01828,P0091,1,59.39,Italy,2024-05-16
T0001307,C01545,P0196,5,97.48,Spain,2024-08-01
T0001308,C00324,P0069,4,196.54,Germany,2024-01-06
T0001309,C00828,P0098,1,451.52,Germany,2024-07-30
T0001310,C00890,P0063,4,228.7,Germany,2024-05-17
T0001311,C01761,P0194,5,380.37,Canada,2024-05-01
T0001312,C00123,P0070,3,21.95,Brazil,2024-05-20
T0001313,C01447,P0129,3,38.96,USA,2024-10-22
T0001314,C01730,P0136,4,145.86,Spain,2024-09-19
T0001315,C00890,P0148,4,291.23,Brazil,2024-05-04
T0001316,C00888,P0113,1,359.37,Spain,2024-05-24
T0001317,C01507,P0180,5,345.85,Brazil,2024-10-12
T0001318,C00170,P0048,3,288.17,Brazil,2024-11-02
T0001319,C00806,P0013,3,121.65,Canada,2024-08-25
T0001320,C00092,P0019,3,207.53,Japan,2024-05-23
T0001321,C00103,P0044,1,318.49,Canada,2024-10-15
T0001322,C01742,P0059,3,313.7,Brazil,2024-01-28
T0001323,C00596,P0175,3,222.82,Spain,2024-08-09
T0001324,C00898,P0071,4,83.31,Italy,2024-05-26
T0001325,C01922,P0175,4,209.77,Israel,2024-12-22
T0001326,C00332,P0102,3,111.35,Spain,2024-02-09
T0001327,C01225,P0125,4,140.02,UK,2024-11-05
T0001328,C00614,P0115,3,323.95,Spain,2024-07-06
T0001329,C00572,P0171,5,372.64,Israel,2024-07-21
T0001330,C01865,P0159,1,186.73,Italy,2024-09-14
T0001331,C01854,P0190,1,381.59,Germany,2024-05-05
T0001332,C01720,P0054,3,216.28,Spain,2024-11-03
T0001333,C00362,P0034,3,137.37,Germany,2024-04-11
T0001334,C01300,P0045,2,54.14,Japan,2024-08-25
T0001335,C01578,P0077,1,74.29,Canada,2024-05-24
T0001336,C00227,P0013,3,127.43,UK,2024-01-17
T0001337,C00480,P0180,2,360.48,UK,2024-04-04
T0001338,C00139,P0075,1,343.68,Germany,2024-12-10
T0001339,C00769,P0048,5,305.45,Germany,2024-08-30
T0001340,C00872,P0190,3,342.83,Germany,2024-06-17
T0001341,C01885,P0061,1,449.77,Germany,2024-04-06
T0001342,C01676,P0165,1,460.58,Israel,2024-01-26
T0001343,C00733,P0166,4,289.91,Israel,2024-11-04
T0001344,C01808,P0113,3,382.71,France,2024-01-19
T0001345,C01713,P0097,3,242.31,Canada,2024-08-28
T0001346,C00751,P0054,2,220.39,France,2024-03-14
T0001347,C01884,P0103,4,378.27,USA,2024-09-21
T0001348,C00321,P0109,1,48.84,France,2024-08-03
T0001349,C01842,P0098,3,367.36,Germany,2024-03-02
T0001350,C00625,P0163,4,57.77,Spain,2024-03-25
T0001351,C00987,P0136,3,148.41,Germany,2024-05-21
T0001352,C01215,P0180,5,410.06,Israel,2024-05-13
T0001353,C01840,P0115,4,350.25,Spain,2024-07-17
T0001354,C00195,P0113,1,346.98,Spain,2024-11-07
T0001355,C01585,P0027,2,207.63,Japan,2024-11-29
T0001356,C00854,P0019,5,231.33,UK,2024-03-26
T0001357,C01093,P0028,3,461.98,Israel,2024-10-26
T0001358,C00627,P0101,1,432.4,Italy,2024-08-21
T0001359,C00975,P0020,1,346.51,Brazil,2024-08-03
T0001360,C00839,P0057,2,98.46,Japan,2024-08-19
T0001361,C01394,P0114,5,400.01,Italy,2024-09-21
T0001362,C01658,P0163,5,68.61,Brazil,2024-04-04
T0001363,C00919,P0028,1,442.92,Italy,2024-07-22
T0001364,C01472,P0046,5,386.87,Germany,2024-01-27
T0001365,C01622,P0190,5,391.0,Spain,2024-09-18
T0001366,C00903,P0065,2,285.55,Israel,2024-01-25
T0001367,C01515,P0165,4,447.97,Israel,2024-01-29
T0001368,C01200,P0142,1,67.47,Germany,2024-06-20
T0001369,C00128,P0078,5,397.94,Israel,2024-03-01
T0001370,C00059,P0164,5,274.24,Brazil,2024-10-04
T0001371,C00632,P0013,3,122.16,Japan,2024-09-12
T0001372,C01659,P0084,2,252.28,Israel,2024-08-29
T0001373,C01272,P0154,4,51.0,Italy,2024-11-02
T0001374,C00902,P0099,4,176.49,Italy,2024-02-24
T0001375,C01587,P0045,1,58.74,Brazil,2024-01-15
T0001376,C00906,P0088,3,92.72,Germany,2024-02-18
T0001377,C01273,P0048,4,301.33,USA,2024-05-01
T0001378,C00866,P0179,4,203.88,Spain,2024-08-17
T0001379,C00419,P0185,1,384.94,Brazil,2024-11-02
T0001380,C00454,P0156,2,230.87,Germany,2024-12-27
T0001381,C01473,P0134,4,224.56,Germany,2024-04-27
T0001382,C01198,P0096,4,328.45,Canada,2024-10-09
T0001383,C01423,P0099,4,184.56,Germany,2024-06-30
T0001384,C00709,P0151,1,443.96,Brazil,2024-04-23
T0001385,C00749,P0017,3,229.88,France,2024-12-13
T0001386,C01372,P0013,2,134.94,UK,2024-12-07
T0001387,C01481,P0012,5,277.88,Brazil,2024-06-21
T0001388,C01029,P0046,4,349.98,Germany,2024-09-23
T0001389,C01599,P0117,1,174.56,Israel,2024-01-19
T0001390,C00046,P0046,3,378.57,USA,2024-03-03
T0001391,C00571,P0046,3,356.3,USA,2024-03-28
T0001392,C01736,P0146,5,234.95,Canada,2024-06-13
T0001393,C01825,P0134,4,203.41,UK,2024-12-20
T0001394,C00061,P0048,1,335.06,Spain,2024-09-18
T0001395,C00737,P0013,1,125.56,Israel,2024-02-24
T0001396,C01312,P0198,3,365.23,USA,2024-02-24
T0001397,C00879,P0084,5,248.9,Italy,2024-06-27
T0001398,C01692,P0113,3,340.21,Brazil,2024-12-05
T0001399,C00696,P0184,2,482.69,France,2024-08-03
T0001400,C01869,P0005,5,106.17,France,2024-11-03
T0001401,C00976,P0047,3,251.52,UK,2024-11-27
T0001402,C01324,P0083,5,272.05,Spain,2024-11-11
T0001403,C00342,P0077,2,68.79,UK,2024-05-02
T0001404,C01524,P0010,4,454.31,Germany,2024-08-30
T0001405,C01669,P0178,3,304.02,Japan,2024-12-25
T0001406,C00000,P0048,2,311.84,Japan,2024-10-11
T0001407,C00010,P0180,4,330.97,USA,2024-10-22
T0001408,C01585,P0101,3,452.2,Japan,2024-08-14
T0001409,C00134,P0078,5,372.38,Germany,2024-08-25
T0001410,C00116,P0084,5,271.67,Italy,2024-12-06
T0001411,C00006,P0084,5,233.74,Italy,2024-06-26
T0001412,C01615,P0048,2,351.48,Israel,2024-02-01
T0001413,C01017,P0059,1,362.72,Brazil,2024-08-22
T0001414,C01224,P0125,4,135.96,Canada,2024-11-02
T0001415,C01722,P0136,3,145.41,France,2024-04-15
T0001416,C00598,P0099,3,183.51,Israel,2024-08-10
T0001417,C00757,P0158,4,258.91,France,2024-05-25
T0001418,C00866,P0159,1,223.05,France,2024-09-21
T0001419,C00835,P0129,3,33.36,Canada,2024-07-01
T0001420,C00182,P0180,1,395.03,USA,2024-05-17
T0001421,C00502,P0084,5,238.72,UK,2024-11-12
T0001422,C00996,P0156,3,267.32,Brazil,2024-04-25
T0001423,C01172,P0136,1,164.72,Spain,2024-03-25
T0001424,C01138,P0032,2,410.46,UK,2024-07-11
T0001425,C00226,P0084,5,272.03,UK,2024-03-02
T0001426,C01083,P0136,1,142.88,Japan,2024-02-28
T0001427,C01876,P0180,3,394.95,Israel,2024-03-25
T0001428,C00560,P0177,3,142.85,France,2024-11-13
T0001429,C01292,P0001,1,249.09,France,2024-12-31
T0001430,C01370,P0117,2,172.65,France,2024-02-24
T0001431,C00041,P0133,5,279.17,Italy,2024-06-13
T0001432,C00400,P0185,2,398.3,Israel,2024-09-11
T0001433,C00726,P0105,1,160.22,France,2024-03-27
T0001434,C00501,P0109,5,53.77,Canada,2024-01-02
T0001435,C01155,P0057,2,112.42,Canada,2024-01-25
T0001436,C00378,P0136,2,142.97,Germany,2024-03-15
T0001437,C00109,P0195,5,111.64,USA,2024-12-24
T0001438,C00513,P0180,5,330.19,France,2024-10-31
T0001439,C00796,P0185,2,357.44,Brazil,2024-03-10
T0001440,C00205,P0075,5,360.84,Israel,2024-08-18
T0001441,C01600,P0036,5,196.93,UK,2024-01-23
T0001442,C00508,P0076,3,263.66,Germany,2024-12-30
T0001443,C00095,P0169,4,73.44,Israel,2024-12-02
T0001444,C01604,P0062,4,180.16,Israel,2024-10-22
T0001445,C00577,P0163,4,63.41,France,2024-09-22
T0001446,C00328,P0015,1,115.16,Italy,2024-06-14
T0001447,C00662,P0103,4,355.99,Germany,2024-06-13
T0001448,C01178,P0040,3,342.33,Canada,2024-08-02
T0001449,C00352,P0190,2,390.42,Germany,2024-03-02
T0001450,C00253,P0171,1,365.32,UK,2024-12-01
T0001451,C01113,P0078,4,396.34,Canada,2024-11-27
T0001452,C01793,P0134,5,198.69,Brazil,2024-12-21
T0001453,C01492,P0075,4,341.07,UK,2024-03-17
T0001454,C00174,P0113,3,345.72,Japan,2024-05-12
T0001455,C01316,P0129,3,31.4,Italy,2024-11-26
T0001456,C01214,P0061,2,432.94,Canada,2024-12-30
T0001457,C01195,P0084,5,272.65,USA,2024-11-16
T0001458,C00956,P0113,5,322.28,Japan,2024-03-01
T0001459,C00520,P0014,4,230.26,France,2024-10-18
T0001460,C00200,P0175,2,207.78,UK,2024-02-19
T0001461,C01381,P0051,4,255.19,France,2024-03-30
T0001462,C00026,P0180,1,356.34,Israel,2024-12-11
T0001463,C00629,P0048,5,300.81,France,2024-10-06
T0001464,C00819,P0125,2,129.65,UK,2024-04-02
T0001465,C01276,P0129,3,35.3,Japan,2024-12-02
T0001466,C01631,P0193,5,198.45,Canada,2024-04-17
T0001467,C00743,P0117,5,191.02,Israel,2024-02-26
T0001468,C01927,P0077,5,69.59,Italy,2024-06-08
T0001469,C00679,P0075,2,380.8,UK,2024-12-18
T0001470,C00786,P0136,2,145.94,Germany,2024-02-13
T0001471,C01727,P0045,2,63.54,USA,2024-03-14
T0001472,C01078,P0156,1,220.97,Spain,2024-06-12
T0001473,C00175,P0013,5,118.8,Spain,2024-05-06
T0001474,C01410,P0046,1,333.73,Canada,2024-10-07
T0001475,C00900,P0146,1,260.47,Japan,2024-02-15
T0001476,C00541,P0110,1,49.66,USA,2024-04-07
T0001477,C00354,P0045,3,57.56,Brazil,2024-12-16
T0001478,C00438,P0021,3,151.36,Israel,2024-10-28
T0001479,C01674,P0109,1,53.06,USA,2024-01-29
T0001480,C01849,P0161,3,239.56,Brazil,2024-09-30
T0001481,C01766,P0155,2,32.09,Germany,2024-07-23
T0001482,C01876,P0090,4,178.93,Germany,2024-05-09
T0001483,C01521,P0125,3,113.83,Canada,2024-02-26
T0001484,C00126,P0020,1,406.48,Spain,2024-07-30
T0001485,C00144,P0146,2,255.79,Japan,2024-02-17
T0001486,C01508,P0082,1,120.16,UK,2024-03-01
T0001487,C01761,P0045,3,61.29,France,2024-05-05
T0001488,C00419,P0167,5,326.71,UK,2024-01-25
T0001489,C00631,P0125,4,139.37,Italy,2024-05-26
T0001490,C01159,P0105,3,177.75,Canada,2024-12-03
T0001491,C01989,P0174,4,289.65,Israel,2024-04-16
T0001492,C00753,P0125,1,137.19,France,2024-07-29
T0001493,C01458,P0021,4,157.81,Japan,2024-07-16
T0001494,C01667,P0132,5,240.12,UK,2024-11-23
T0001495,C00950,P0131,1,108.99,Brazil,2024-11-24
T0001496,C01068,P0007,1,384.65,Canada,2024-02-03
T0001497,C00137,P0079,1,258.0,Brazil,2024-07-24
T0001498,C01666,P0143,3,246.23,France,2024-12-30
T0001499,C00777,P0084,3,230.04,Canada,2024-09-05
T0001500,C01970,P0096,4,388.81,USA,2024-03-16
T0001501,C00459,P0035,1,21.72,France,2024-06-11
T0001502,C00539,P0101,4,420.27,Spain,2024-01-25
T0001503,C01932,P0036,4,183.61,Israel,2024-11-28
T0001504,C01092,P0156,3,233.45,Spain,2024-12-19
T0001505,C00172,P0045,4,64.48,Spain,2024-07-18
T0001506,C01664,P0124,4,305.31,Israel,2024-08-13
T0001507,C00254,P0125,5,114.99,Spain,2024-03-07
T0001508,C01794,P0077,1,76.45,Brazil,2024-07-10
T0001509,C01794,P0141,2,192.45,USA,2024-08-09
T0001510,C01881,P0077,3,78.45,Spain,2024-06-16
T0001511,C01229,P0194,4,366.08,Italy,2024-09-27
T0001512,C00139,P0045,1,60.23,UK,2024-06-07
T0001513,C00816,P0075,1,367.27,Italy,2024-06-23
T0001514,C01184,P0185,5,369.37,Italy,2024-08-12
T0001515,C01652,P0096,1,382.18,UK,2024-01-18
T0001516,C01860,P0086,2,56.63,Italy,2024-01-26
T0001517,C01027,P0163,2,60.94,UK,2024-03-12
T0001518,C01725,P0195,5,126.22,Italy,2024-06-04
T0001519,C01636,P0122,2,240.67,UK,2024-11-07
T0001520,C00056,P0129,3,33.03,Italy,2024-12-05
T0001521,C00427,P0101,2,431.8,Israel,2024-11-07
T0001522,C01988,P0194,3,368.86,USA,2024-03-25
T0001523,C00962,P0045,3,58.07,USA,2024-01-15
T0001524,C01937,P0057,1,98.58,Spain,2024-08-12
T0001525,C00364,P0103,2,398.67,Japan,2024-07-22
T0001526,C01102,P0065,5,241.05,Canada,2024-09-06
T0001527,C01602,P0185,4,344.8,Spain,2024-11-30
T0001528,C01365,P0150,4,181.69,Canada,2024-12-05
T0001529,C00534,P0134,2,210.82,Japan,2024-04-14
T0001530,C01557,P0019,3,233.62,Spain,2024-12-11
T0001531,C00707,P0185,3,347.78,Japan,2024-11-28
T0001532,C00755,P0099,1,178.74,Israel,2024-09-11
T0001533,C00834,P0009,5,20.06,UK,2024-05-25
T0001534,C01235,P0190,3,399.83,Canada,2024-01-17
T0001535,C01419,P0143,5,267.66,Brazil,2024-06-21
T0001536,C01711,P0052,3,373.69,Germany,2024-05-27
T0001537,C01246,P0103,3,385.82,Spain,2024-08-07
T0001538,C01212,P0006,2,33.7,France,2024-06-04
T0001539,C00452,P0019,5,195.9,Brazil,2024-07-01
T0001540,C00923,P0129,2,34.68,Brazil,2024-03-26
T0001541,C00123,P0119,4,139.22,USA,2024-02-26
T0001542,C00361,P0194,3,387.17,USA,2024-04-10
T0001543,C01720,P0070,4,21.86,Italy,2024-08-08
T0001544,C01880,P0076,2,278.12,Germany,2024-02-24
T0001545,C00086,P0075,5,350.2,Canada,2024-11-04
T0001546,C01096,P0077,1,71.19,Canada,2024-06-23
T0001547,C01082,P0080,3,47.12,Germany,2024-03-07
T0001548,C00301,P0159,5,220.79,Canada,2024-04-11
T0001549,C00884,P0119,3,118.92,Germany,2024-12-04
T0001550,C01762,P0045,3,63.65,Italy,2024-11-12
T0001551,C01093,P0054,5,250.53,Japan,2024-08-13
T0001552,C01895,P0129,2,37.98,USA,2024-04-01
T0001553,C00033,P0143,2,249.47,Israel,2024-04-25
T0001554,C01628,P0192,4,245.8,USA,2024-06-16
T0001555,C01064,P0077,4,66.52,Brazil,2024-10-06
T0001556,C01313,P0142,2,66.76,Brazil,2024-03-18
T0001557,C01114,P0113,1,369.85,Japan,2024-10-06
T0001558,C01858,P0036,5,188.66,Japan,2024-07-15
T0001559,C00546,P0084,4,247.12,Israel,2024-07-06
T0001560,C01109,P0065,4,252.68,Brazil,2024-09-14
T0001561,C01802,P0136,4,142.5,Canada,2024-12-17
T0001562,C01440,P0194,1,441.91,Japan,2024-03-28
T0001563,C00955,P0013,2,123.48,Israel,2024-06-27
T0001564,C01890,P0164,3,299.82,USA,2024-09-28
T0001565,C00739,P0054,1,212.47,Italy,2024-01-04
T0001566,C00226,P0146,4,241.63,Italy,2024-04-01
T0001567,C01284,P0019,5,222.04,Canada,2024-08-15
T0001568,C00591,P0013,1,119.73,Italy,2024-12-24
T0001569,C01790,P0045,1,57.91,USA,2024-02-19
T0001570,C01486,P0177,2,135.84,UK,2024-07-07
T0001571,C00256,P0103,3,381.41,Canada,2024-07-06
T0001572,C00961,P0134,3,221.89,Canada,2024-05-12
T0001573,C01509,P0008,2,407.88,Israel,2024-12-27
T0001574,C01775,P0180,5,402.33,France,2024-07-26
T0001575,C01555,P0013,2,136.53,Canada,2024-02-28
T0001576,C00361,P0101,5,491.32,Spain,2024-05-31
T0001577,C01102,P0049,5,294.85,Israel,2024-05-19
T0001578,C00005,P0090,4,170.14,France,2024-07-14
T0001579,C00746,P0193,4,173.29,Germany,2024-08-03
T0001580,C01809,P0012,4,267.24,Germany,2024-06-15
T0001581,C00939,P0113,1,333.87,Spain,2024-09-02
T0001582,C01610,P0103,4,347.53,Brazil,2024-03-25
T0001583,C01851,P0103,3,342.29,Japan,2024-04-13
T0001584,C00935,P0154,5,54.91,USA,2024-02-22
T0001585,C00464,P0180,4,401.57,Brazil,2024-12-12
T0001586,C00151,P0102,2,116.44,Japan,2024-05-29
T0001587,C00367,P0174,4,309.72,UK,2024-11-19
T0001588,C01753,P0140,2,232.41,Canada,2024-12-23
T0001589,C01925,P0075,1,345.86,Spain,2024-10-12
T0001590,C01032,P0101,4,488.86,UK,2024-01-13
T0001591,C01726,P0177,5,148.23,Canada,2024-07-22
T0001592,C01715,P0067,1,275.84,France,2024-06-07
T0001593,C01933,P0054,5,211.71,Germany,2024-06-04
T0001594,C01996,P0113,3,342.82,Germany,2024-09-30
T0001595,C00506,P0099,2,174.61,France,2024-08-27
T0001596,C01719,P0087,3,117.67,Germany,2024-04-16
T0001597,C01974,P0140,3,244.57,UK,2024-09-23
T0001598,C00753,P0140,3,252.16,Germany,2024-06-19
T0001599,C00174,P0182,1,246.73,Brazil,2024-02-11
T0001600,C01869,P0076,2,274.89,Israel,2024-12-04
T0001601,C00563,P0185,4,396.21,UK,2024-05-20
T0001602,C00399,P0024,5,465.17,France,2024-11-13
T0001603,C01032,P0057,2,111.04,Italy,2024-03-10
T0001604,C01578,P0077,1,80.19,USA,2024-01-08
T0001605,C00662,P0136,1,138.68,Japan,2024-10-07
T0001606,C01811,P0190,2,400.01,Japan,2024-06-12
T0001607,C01493,P0013,3,124.98,Germany,2024-03-02
T0001608,C00164,P0180,1,372.49,Japan,2024-11-16
T0001609,C01826,P0176,1,166.25,Germany,2024-05-10
T0001610,C01790,P0082,4,107.56,Spain,2024-08-16
T0001611,C00781,P0136,2,151.38,Italy,2024-01-16
T0001612,C00070,P0185,1,375.28,Israel,2024-07-21
T0001613,C01264,P0194,1,377.31,Israel,2024-08-07
T0001614,C00286,P0116,4,80.04,USA,2024-09-13
T0001615,C00464,P0042,2,110.61,Spain,2024-04-23
T0001616,C00544,P0175,2,235.65,Germany,2024-11-04
T0001617,C01169,P0028,4,431.25,Italy,2024-07-15
T0001618,C00348,P0161,2,249.18,UK,2024-10-08
T0001619,C01391,P0156,4,235.75,Italy,2024-11-01
T0001620,C01682,P0150,1,186.77,UK,2024-02-09
T0001621,C00084,P0028,1,433.59,Germany,2024-08-21
T0001622,C01560,P0047,5,252.0,Israel,2024-11-08
T0001623,C00989,P0125,3,114.88,Israel,2024-11-25
T0001624,C01561,P0048,1,326.73,USA,2024-12-08
T0001625,C00152,P0115,3,373.13,UK,2024-03-24
T0001626,C00161,P0129,2,35.68,Spain,2024-12-15
T0001627,C00296,P0069,2,187.93,Spain,2024-12-25
T0001628,C01243,P0188,4,404.01,France,2024-10-19
T0001629,C01460,P0067,1,273.05,Spain,2024-05-31
T0001630,C00344,P0013,3,135.03,France,2024-08-25
T0001631,C00387,P0028,2,410.11,UK,2024-09-08
T0001632,C00351,P0168,1,113.64,France,2024-04-09
T0001633,C00325,P0131,5,103.18,Canada,2024-05-16
T0001634,C01847,P0194,5,405.67,UK,2024-04-24
T0001635,C00550,P0048,2,355.47,Brazil,2024-12-21
T0001636,C01424,P0088,3,78.6,Israel,2024-02-04
T0001637,C01256,P0101,4,487.76,Japan,2024-06-06
T0001638,C01580,P0152,2,338.68,Spain,2024-06-01
T0001639,C00296,P0046,5,325.03,Israel,2024-10-18
T0001640,C00386,P0125,5,125.19,UK,2024-11-23
T0001641,C00665,P0177,3,120.86,USA,2024-01-30
T0001642,C00940,P0196,1,99.21,France,2024-02-07
T0001643,C01900,P0013,4,128.56,Italy,2024-01-30
T0001644,C00405,P0031,3,376.58,Japan,2024-09-29
T0001645,C01532,P0017,4,264.34,Canada,2024-03-07
T0001646,C00966,P0134,4,222.8,Brazil,2024-01-10
T0001647,C01642,P0013,4,119.35,France,2024-11-27
T0001648,C01289,P0078,4,372.08,Canada,2024-12-23
T0001649,C00970,P0129,3,35.55,UK,2024-04-09
T0001650,C01316,P0134,3,213.64,Japan,2024-07-31
T0001651,C00688,P0185,4,337.77,Brazil,2024-07-24
T0001652,C00818,P0193,1,180.45,France,2024-07-02
T0001653,C00655,P0049,3,324.17,Germany,2024-06-04
T0001654,C00985,P0089,1,173.77,UK,2024-06-04
T0001655,C01609,P0065,3,260.83,UK,2024-04-24
T0001656,C00398,P0049,1,282.16,Italy,2024-01-29
T0001657,C00305,P0185,1,329.47,Germany,2024-01-26
T0001658,C00806,P0185,3,387.08,UK,2024-05-10
T0001659,C00492,P0040,2,393.76,France,2024-05-02
T0001660,C01556,P0186,5,363.73,Canada,2024-09-22
T0001661,C01684,P0103,4,401.97,Brazil,2024-09-12
T0001662,C01006,P0156,5,241.6,Canada,2024-07-02
T0001663,C00489,P0125,5,141.58,France,2024-08-18
T0001664,C00734,P0113,3,360.31,Japan,2024-09-27
T0001665,C00268,P0041,5,181.77,Canada,2024-11-26
T0001666,C01149,P0194,2,437.0,Israel,2024-03-29
T0001667,C00368,P0057,3,110.77,Japan,2024-01-22
T0001668,C00377,P0103,5,382.29,UK,2024-04-28
T0001669,C01298,P0165,3,429.69,Brazil,2024-05-06
T0001670,C00451,P0134,3,225.33,USA,2024-06-28
T0001671,C00178,P0172,5,125.76,Japan,2024-11-02
T0001672,C00172,P0190,3,374.88,Brazil,2024-05-12
T0001673,C01180,P0113,2,332.05,Germany,2024-06-29
T0001674,C00615,P0010,4,413.56,Canada,2024-03-09
T0001675,C01981,P0063,5,241.9,France,2024-12-05
T0001676,C00374,P0076,4,266.39,Japan,2024-08-30
T0001677,C00838,P0126,2,354.4,France,2024-04-21
T0001678,C00393,P0194,4,382.23,Canada,2024-10-09
T0001679,C00802,P0125,1,139.32,Israel,2024-02-11
T0001680,C00876,P0046,5,347.44,France,2024-12-28
T0001681,C00821,P0110,1,49.62,France,2024-01-04
T0001682,C01927,P0103,5,388.95,Italy,2024-02-11
T0001683,C00041,P0113,1,346.64,Germany,2024-04-29
T0001684,C00259,P0063,3,215.32,USA,2024-12-16
T0001685,C00302,P0073,2,190.62,Japan,2024-08-18
T0001686,C01363,P0013,5,123.63,Germany,2024-03-19
T0001687,C01848,P0078,3,443.9,Brazil,2024-08-11
T0001688,C01178,P0103,1,381.66,UK,2024-04-22
T0001689,C00227,P0038,4,18.46,Israel,2024-09-29
T0001690,C00772,P0025,1,331.82,UK,2024-06-19
T0001691,C00768,P0180,5,334.74,Germany,2024-11-15
T0001692,C00507,P0099,5,179.92,Israel,2024-02-08
T0001693,C00686,P0136,2,160.02,Israel,2024-04-26
T0001694,C01500,P0125,2,131.2,Germany,2024-09-01
T0001695,C01945,P0186,3,376.21,Germany,2024-05-14
T0001696,C00835,P0194,1,362.53,Japan,2024-07-01
T0001697,C00145,P0143,2,273.92,Israel,2024-06-14
T0001698,C01737,P0163,1,66.77,UK,2024-12-10
T0001699,C01039,P0084,4,229.14,UK,2024-05-20
T0001700,C01535,P0125,2,121.8,USA,2024-04-23
T0001701,C01453,P0129,5,33.98,France,2024-05-11
T0001702,C01920,P0043,5,12.95,USA,2024-02-29
T0001703,C01676,P0008,1,399.73,Israel,2024-11-09
T0001704,C01576,P0000,5,193.15,Israel,2024-06-12
T0001705,C00177,P0060,5,344.89,Brazil,2024-09-15
T0001706,C01366,P0146,4,213.23,Germany,2024-09-12
T0001707,C01528,P0156,1,257.54,USA,2024-10-20
T0001708,C00498,P0156,3,252.05,Germany,2024-02-25
T0001709,C01878,P0087,1,125.65,Israel,2024-04-15
T0001710,C00879,P0048,1,332.49,Spain,2024-09-07
T0001711,C00720,P0186,5,350.65,Germany,2024-01-01
T0001712,C01696,P0103,3,333.19,France,2024-11-13
T0001713,C00634,P0103,1,336.25,Germany,2024-05-12
T0001714,C01004,P0048,2,286.4,USA,2024-12-08
T0001715,C01923,P0048,2,350.33,USA,2024-02-22
T0001716,C01484,P0114,4,444.45,Italy,2024-03-14
T0001717,C01066,P0057,3,107.08,Italy,2024-11-11
T0001718,C01936,P0078,3,403.88,Canada,2024-01-29
T0001719,C00659,P0057,1,107.96,Canada,2024-12-25
T0001720,C00197,P0036,1,199.58,Brazil,2024-07-19
T0001721,C00867,P0150,1,194.06,USA,2024-09-12
T0001722,C00514,P0052,1,399.13,France,2024-01-07
T0001723,C01434,P0154,2,47.88,Italy,2024-12-13
T0001724,C01608,P0156,4,263.28,France,2024-09-06
T0001725,C00651,P0102,1,112.32,Israel,2024-11-17
T0001726,C01177,P0129,5,32.59,UK,2024-08-27
T0001727,C00026,P0100,2,126.74,Israel,2024-04-13
T0001728,C00308,P0150,2,190.2,Italy,2024-12-27
T0001729,C01947,P0067,1,234.38,Japan,2024-10-10
T0001730,C00789,P0103,4,393.26,USA,2024-03-12
T0001731,C01146,P0185,3,359.6,Spain,2024-11-16
T0001732,C01112,P0000,4,202.09,Brazil,2024-04-09
T0001733,C00912,P0124,3,330.9,USA,2024-07-04
T0001734,C01482,P0021,2,163.8,Israel,2024-06-30
T0001735,C01646,P0077,1,73.08,France,2024-03-07
T0001736,C01952,P0134,1,193.16,UK,2024-06-05
T0001737,C01091,P0194,4,431.63,France,2024-11-28
T0001738,C00481,P0129,5,34.4,Germany,2024-06-18
T0001739,C01623,P0140,5,213.87,Israel,2024-11-07
T0001740,C00255,P0090,3,162.45,Canada,2024-09-16
T0001741,C01733,P0016,1,352.43,Israel,2024-02-02
T0001742,C00689,P0064,4,143.09,Germany,2024-12-23
T0001743,C00683,P0124,2,349.0,UK,2024-06-16
T0001744,C00206,P0077,1,79.77,Spain,2024-10-28
T0001745,C00943,P0129,1,39.01,France,2024-12-30
T0001746,C01211,P0136,4,139.7,Germany,2024-11-04
T0001747,C00774,P0046,2,349.26,Israel,2024-05-31
T0001748,C00884,P0156,4,241.92,France,2024-11-30
T0001749,C00026,P0023,4,426.73,USA,2024-02-11
T0001750,C00053,P0052,3,434.64,UK,2024-04-27
T0001751,C00274,P0090,3,186.76,Italy,2024-03-18
T0001752,C01783,P0145,1,293.79,UK,2024-08-08
T0001753,C00395,P0150,2,200.54,Italy,2024-07-21
T0001754,C00601,P0013,2,125.2,France,2024-08-04
T0001755,C01459,P0065,3,272.0,Israel,2024-02-18
T0001756,C00020,P0057,4,111.17,UK,2024-03-23
T0001757,C00705,P0131,1,108.81,Canada,2024-01-28
T0001758,C01566,P0180,5,387.5,France,2024-08-17
T0001759,C01558,P0125,4,116.92,Brazil,2024-04-01
T0001760,C00731,P0113,2,341.57,Brazil,2024-08-18
T0001761,C00306,P0103,2,368.87,USA,2024-04-27
T0001762,C01190,P0185,1,345.39,Italy,2024-02-08
T0001763,C01019,P0028,3,435.94,USA,2024-12-05
T0001764,C01406,P0113,5,384.46,Brazil,2024-01-03
T0001765,C00355,P0021,1,160.64,Italy,2024-08-21
T0001766,C01049,P0034,4,143.69,Brazil,2024-07-24
T0001767,C00416,P0113,2,376.54,UK,2024-04-03
T0001768,C00411,P0108,2,398.6,Brazil,2024-05-31
T0001769,C00871,P0103,2,406.78,Brazil,2024-09-21
T0001770,C00497,P0082,5,117.78,Israel,2024-08-26
T0001771,C00480,P0154,4,54.08,Germany,2024-02-04
T0001772,C00838,P0088,2,94.45,Canada,2024-12-26
T0001773,C00762,P0125,5,137.89,Italy,2024-03-10
T0001774,C01735,P0054,1,210.12,Italy,2024-03-11
T0001775,C00893,P0096,4,324.61,USA,2024-11-05
T0001776,C00492,P0156,5,253.15,Italy,2024-10-27
T0001777,C00222,P0084,4,266.03,Japan,2024-04-16
T0001778,C00653,P0048,3,325.67,Italy,2024-12-30
T0001779,C01930,P0134,2,215.12,Spain,2024-08-19
T0001780,C01029,P0046,3,315.14,USA,2024-09-18
T0001781,C00390,P0048,3,304.87,Brazil,2024-01-19
T0001782,C00925,P0088,1,90.19,Italy,2024-05-28
T0001783,C01596,P0098,5,368.74,USA,2024-09-07
T0001784,C01913,P0068,4,88.09,France,2024-12-30
T0001785,C01090,P0194,4,403.5,Germany,2024-07-20
T0001786,C01265,P0048,5,335.15,Germany,2024-04-07
T0001787,C01075,P0103,4,371.85,UK,2024-08-08
T0001788,C01141,P0103,3,403.16,France,2024-10-26
T0001789,C00411,P0054,2,232.96,Brazil,2024-08-30
T0001790,C01715,P0114,1,439.07,Germany,2024-12-04
T0001791,C00099,P0129,3,37.45,USA,2024-05-18
T0001792,C01279,P0046,3,313.08,USA,2024-09-14
T0001793,C00047,P0048,4,311.94,France,2024-04-07
T0001794,C01079,P0044,2,299.05,UK,2024-07-09
T0001795,C00824,P0077,4,72.44,Spain,2024-07-13
T0001796,C00792,P0125,2,126.15,Germany,2024-05-04
T0001797,C00559,P0125,5,140.03,Germany,2024-09-23
T0001798,C00246,P0119,2,126.41,USA,2024-10-02
T0001799,C00794,P0100,5,112.44,Germany,2024-04-13
T0001800,C01888,P0190,1,351.39,Brazil,2024-05-18
T0001801,C01479,P0180,1,378.69,USA,2024-04-23
T0001802,C01358,P0101,3,493.82,France,2024-06-22
T0001803,C00125,P0172,5,115.5,Germany,2024-11-19
T0001804,C01136,P0129,5,37.78,UK,2024-05-20
T0001805,C00894,P0077,1,73.64,Brazil,2024-12-25
T0001806,C01256,P0077,1,77.12,Italy,2024-10-05
T0001807,C01020,P0180,4,342.27,UK,2024-04-16
T0001808,C01187,P0156,2,245.57,UK,2024-11-27
T0001809,C01199,P0031,3,383.16,Canada,2024-12-29
T0001810,C00842,P0165,1,396.34,Italy,2024-11-11
T0001811,C00167,P0062,5,157.51,France,2024-11-04
T0001812,C00870,P0185,2,333.45,France,2024-02-21
T0001813,C01575,P0119,4,119.1,UK,2024-10-16
T0001814,C00302,P0136,1,148.59,USA,2024-04-23
T0001815,C00347,P0057,2,96.92,UK,2024-11-21
T0001816,C00193,P0045,1,64.74,Spain,2024-04-17
T0001817,C00128,P0099,5,189.96,UK,2024-12-09
T0001818,C01825,P0180,2,345.44,Canada,2024-10-29
T0001819,C01889,P0042,3,110.2,Germany,2024-05-07
T0001820,C00885,P0192,4,215.03,Italy,2024-05-06
T0001821,C01614,P0136,5,133.02,Italy,2024-01-17
T0001822,C01391,P0185,3,348.73,USA,2024-05-23
T0001823,C00890,P0161,3,230.81,France,2024-03-02
T0001824,C01431,P0045,5,57.11,USA,2024-07-25
T0001825,C00345,P0194,1,379.74,Israel,2024-07-05
T0001826,C01054,P0046,4,356.75,Italy,2024-06-19
T0001827,C00218,P0156,4,235.81,UK,2024-12-01
T0001828,C00750,P0062,3,155.9,Israel,2024-02-01
T0001829,C00778,P0013,2,120.74,Spain,2024-11-30
T0001830,C00249,P0089,2,145.15,USA,2024-07-06
T0001831,C00531,P0184,5,448.61,Spain,2024-12-10
T0001832,C00937,P0186,4,370.25,Japan,2024-10-26
T0001833,C00282,P0195,3,125.6,Canada,2024-09-23
T0001834,C01903,P0045,5,53.3,Brazil,2024-07-17
T0001835,C00580,P0122,3,207.72,Italy,2024-01-04
T0001836,C00884,P0156,3,275.32,France,2024-05-26
T0001837,C01703,P0019,2,221.28,Japan,2024-05-30
T0001838,C00733,P0054,4,250.71,France,2024-07-17
T0001839,C01425,P0075,4,322.3,USA,2024-08-24
T0001840,C00395,P0197,5,223.91,Canada,2024-08-24
T0001841,C00312,P0087,3,129.88,Spain,2024-02-26
T0001842,C00697,P0048,2,293.35,France,2024-02-24
T0001843,C01044,P0163,2,61.66,Germany,2024-07-31
T0001844,C00095,P0164,2,298.82,USA,2024-10-06
T0001845,C01812,P0046,4,381.12,Israel,2024-11-26
T0001846,C00832,P0117,1,183.21,Italy,2024-04-22
T0001847,C01973,P0054,4,232.16,USA,2024-06-12
T0001848,C00488,P0088,5,90.94,Japan,2024-09-18
T0001849,C00286,P0101,2,405.94,USA,2024-03-10
T0001850,C01649,P0140,3,250.87,France,2024-04-17
T0001851,C00167,P0000,4,195.21,Brazil,2024-04-27
T0001852,C01611,P0184,3,472.31,Spain,2024-10-17
T0001853,C01268,P0192,2,243.18,UK,2024-03-29
T0001854,C01610,P0065,1,266.37,Japan,2024-10-15
T0001855,C01587,P0082,4,104.13,UK,2024-12-01
T0001856,C01133,P0028,3,431.03,France,2024-07-10
T0001857,C00456,P0196,3,109.56,UK,2024-11-05
T0001858,C00707,P0136,2,155.17,Brazil,2024-08-24
T0001859,C01049,P0035,4,22.81,USA,2024-04-09
T0001860,C01015,P0180,1,331.92,USA,2024-11-06
T0001861,C01695,P0125,3,122.33,Italy,2024-03-14
T0001862,C01993,P0157,5,59.3,Brazil,2024-10-18
T0001863,C00340,P0115,2,374.68,UK,2024-04-13
T0001864,C01293,P0009,1,23.0,Japan,2024-04-05
T0001865,C00984,P0125,2,122.78,Japan,2024-09-15
T0001866,C00685,P0185,4,320.3,France,2024-01-27
T0001867,C00878,P0019,2,200.56,Germany,2024-04-29
T0001868,C01481,P0086,2,55.19,France,2024-11-30
T0001869,C00575,P0096,5,328.84,Italy,2024-07-16
T0001870,C00814,P0129,5,36.02,UK,2024-10-16
T0001871,C01236,P0129,5,38.91,Italy,2024-01-31
T0001872,C01501,P0028,4,405.98,Italy,2024-12-21
T0001873,C00035,P0102,4,109.36,USA,2024-01-16
T0001874,C00867,P0045,1,60.64,USA,2024-05-16
T0001875,C01147,P0017,1,260.65,Israel,2024-06-08
T0001876,C01431,P0076,1,289.29,Brazil,2024-12-27
T0001877,C01477,P0109,2,44.86,Brazil,2024-08-16
T0001878,C00268,P0144,2,156.84,Japan,2024-08-12
T0001879,C00739,P0103,2,386.15,Italy,2024-02-12
T0001880,C00918,P0194,5,431.32,Italy,2024-03-28
T0001881,C00419,P0067,5,231.41,UK,2024-07-13
T0001882,C00603,P0136,3,159.34,Israel,2024-08-15
T0001883,C00251,P0101,1,478.54,Canada,2024-12-14
T0001884,C00542,P0185,1,348.03,UK,2024-02-15
T0001885,C01076,P0131,2,114.39,Germany,2024-04-16
T0001886,C00094,P0013,3,130.47,Japan,2024-01-23
T0001887,C00470,P0165,3,421.59,Japan,2024-07-03
T0001888,C00552,P0075,3,360.97,Israel,2024-10-15
T0001889,C01205,P0136,2,151.91,Italy,2024-12-12
T0001890,C01711,P0084,1,257.87,UK,2024-04-11
T0001891,C00845,P0188,2,380.58,Japan,2024-03-05
T0001892,C00989,P0136,5,153.2,Brazil,2024-09-24
T0001893,C01587,P0019,1,193.17,France,2024-08-14
T0001894,C01359,P0070,2,19.1,Germany,2024-04-04
T0001895,C00853,P0046,5,367.9,Canada,2024-09-17
T0001896,C01156,P0175,5,226.25,Germany,2024-02-26
T0001897,C00842,P0119,4,145.08,Spain,2024-09-08
T0001898,C01104,P0095,5,206.32,Japan,2024-06-23
T0001899,C00946,P0080,4,45.97,Japan,2024-03-31
T0001900,C00857,P0103,4,384.69,Germany,2024-12-01
T0001901,C00125,P0175,4,221.58,UK,2024-08-02
T0001902,C01682,P0017,5,226.79,Brazil,2024-05-14
T0001903,C01517,P0084,4,231.61,Italy,2024-02-26
T0001904,C01695,P0070,4,19.22,Spain,2024-10-22
T0001905,C01640,P0150,2,222.51,France,2024-02-20
T0001906,C00927,P0031,3,339.28,USA,2024-05-06
T0001907,C00466,P0088,3,84.44,UK,2024-06-22
T0001908,C00760,P0048,4,322.72,USA,2024-10-01
T0001909,C01587,P0176,5,165.21,USA,2024-10-05
T0001910,C01898,P0103,5,335.75,Japan,2024-05-29
T0001911,C01821,P0003,3,381.31,Brazil,2024-12-20
T0001912,C00724,P0156,2,274.08,Brazil,2024-12-16
T0001913,C00807,P0052,2,415.89,France,2024-08-05
T0001914,C00020,P0103,5,401.04,Italy,2024-01-01
T0001915,C00422,P0060,5,381.3,Brazil,2024-04-18
T0001916,C00264,P0151,5,400.21,UK,2024-05-09
T0001917,C01126,P0165,1,421.16,UK,2024-04-30
T0001918,C00896,P0077,5,77.87,UK,2024-05-13
T0001919,C01467,P0114,1,390.1,Italy,2024-02-06
T0001920,C00272,P0025,3,274.66,Canada,2024-03-12
T0001921,C01399,P0024,5,468.8,USA,2024-06-01
T0001922,C00986,P0194,2,417.42,Italy,2024-11-18
T0001923,C01933,P0061,2,437.8,France,2024-04-16
T0001924,C00327,P0100,2,108.91,USA,2024-12-23
T0001925,C01200,P0073,1,177.55,UK,2024-04-20
T0001926,C00195,P0140,2,256.62,Israel,2024-06-25
T0001927,C00158,P0062,4,171.06,France,2024-12-05
T0001928,C01894,P0150,5,203.23,Germany,2024-01-06
T0001929,C00935,P0187,1,342.53,Israel,2024-01-08
T0001930,C00559,P0019,2,192.73,Japan,2024-08-19
T0001931,C01322,P0018,3,297.85,France,2024-01-04
T0001932,C00219,P0054,5,245.71,Spain,2024-01-05
T0001933,C01610,P0136,5,134.39,UK,2024-08-30
T0001934,C01281,P0052,1,367.99,UK,2024-04-02
T0001935,C00323,P0129,3,36.33,Israel,2024-12-14
T0001936,C01466,P0059,4,328.13,Japan,2024-12-16
T0001937,C01869,P0013,4,140.44,Spain,2024-04-14
T0001938,C00310,P0075,5,373.23,Brazil,2024-10-22
T0001939,C01330,P0198,4,329.63,Italy,2024-07-29
T0001940,C01865,P0063,4,258.58,Israel,2024-09-11
T0001941,C00389,P0101,5,486.89,Spain,2024-12-30
T0001942,C01153,P0050,5,222.03,Italy,2024-04-23
T0001943,C00411,P0184,3,439.95,UK,2024-03-28
T0001944,C01384,P0194,4,403.78,USA,2024-10-15
T0001945,C00835,P0088,1,94.84,Canada,2024-10-15
T0001946,C01815,P0142,4,64.14,Italy,2024-05-01
T0001947,C01120,P0177,3,133.47,Israel,2024-07-28
T0001948,C00656,P0045,4,61.54,Japan,2024-06-30
T0001949,C01187,P0102,4,110.1,Spain,2024-01-05
T0001950,C00027,P0178,2,270.78,Spain,2024-12-14
T0001951,C00889,P0080,2,45.83,Japan,2024-12-08
T0001952,C01453,P0136,4,134.97,USA,2024-03-02
T0001953,C01398,P0054,2,220.25,USA,2024-09-03
T0001954,C00347,P0017,3,N/A,USA,2024-05-20
T0001955,C01379,P0075,1,355.75,Spain,2024-12-14
T0001956,C01630,P0104,2,48.1,USA,2024-05-15
T0001957,C00781,P0190,3,344.49,Germany,2024-01-29
T0001958,C01403,P0094,5,283.79,Italy,2024-08-30
T0001959,C01575,P0148,4,290.66,Spain,2024-12-25
T0001960,C00491,P0042,4,124.76,Germany,2024-02-15
T0001961,C01431,P0045,1,53.33,Germany,2024-08-05
T0001962,C00802,P0194,3,386.27,Spain,2024-05-18
T0001963,C01612,P0088,5,89.71,Spain,2024-01-14
T0001964,C00726,P0103,3,389.84,Canada,2024-05-09
T0001965,C01053,P0111,3,396.24,Italy,2024-08-24
T0001966,C00228,P0042,3,115.72,Brazil,2024-03-08
T0001967,C00208,P0058,4,226.99,USA,2024-09-12
T0001968,C00103,P0134,4,189.22,Japan,2024-05-25
T0001969,C00476,P0156,3,243.59,Spain,2024-11-04
T0001970,C00400,P0013,5,116.79,Brazil,2024-07-11
T0001971,C01667,P0117,5,186.69,Germany,2024-09-17
T0001972,C01635,P0070,3,20.71,Italy,2024-01-20
T0001973,C01027,P0164,4,333.53,USA,2024-02-19
T0001974,C01338,P0084,3,245.44,Japan,2024-12-04
T0001975,C01589,P0054,3,222.67,Canada,2024-03-07
T0001976,C00188,P0088,5,92.73,Germany,2024-04-09
T0001977,C00990,P0129,3,33.28,Brazil,2024-11-01
T0001978,C00953,P0129,5,38.05,Japan,2024-02-26
T0001979,C01553,P0099,2,180.28,Brazil,2024-07-02
T0001980,C00126,P0131,3,104.44,UK,2024-06-30
T0001981,C01794,P0194,1,362.42,UK,2024-06-02
T0001982,C00213,P0082,1,117.95,USA,2024-07-25
T0001983,C00218,P0058,3,265.34,Italy,2024-04-28
T0001984,C01575,P0070,4,18.05,Italy,2024-06-29
T0001985,C00842,P0125,3,118.59,Canada,2024-11-14
T0001986,C01835,P0183,3,93.67,Germany,2024-11-20
T0001987,C00901,P0122,4,221.12,Israel,2024-12-04
T0001988,C01240,P0176,2,193.35,Brazil,2024-09-10
T0001989,C01970,P0113,5,359.91,Italy,2024-09-07
T0001990,C01826,P0004,3,163.17,Canada,2024-03-19
T0001991,C00007,P0113,1,388.31,USA,2024-08-28
T0001992,C01419,P0150,3,207.95,UK,2024-02-22
T0001993,C00371,P0148,2,261.8,USA,2024-04-10
T0001994,C00659,P0059,1,365.1,Spain,2024-09-15
T0001995,C01537,P0057,2,109.22,Germany,2024-05-27
T0001996,C00164,P0194,3,382.76,Brazil,2024-02-20
T0001997,C00414,P0185,2,376.99,Germany,2024-03-17
T0001998,C00915,P0138,1,51.95,Italy,2024-08-24
T0001999,C01706,P0103,3,367.33,France,2024-02-19
T0002000,C01133,P0194,5,383.65,Israel,2024-06-15
T0002001,C01756,P0034,1,134.01,France,2024-10-17
T0002002,C00052,P0042,2,101.13,Brazil,2024-01-06
T0002003,C00764,P0160,2,264.97,Israel,2024-11-15
T0002004,C00076,P0129,4,37.01,Spain,2024-03-28
T0002005,C00229,P0119,1,128.12,USA,2024-12-31
T0002006,C00044,P0075,5,389.84,UK,2024-03-18
T0002007,C00226,P0045,3,52.37,Italy,2024-09-27
T0002008,C01174,P0185,2,352.96,Germany,2024-11-27
T0002009,C00688,P0188,5,356.94,Brazil,2024-02-25
T0002010,C00021,P0060,5,405.01,Germany,2024-08-06
T0002011,C01536,P0070,4,20.94,USA,2024-02-28
T0002012,C01338,P0193,4,190.71,USA,2024-08-01
T0002013,C00604,P0052,5,417.99,Spain,2024-03-24
T0002014,C01606,P0019,2,219.74,USA,2024-06-09
T0002015,C00708,P0129,2,37.62,Brazil,2024-12-04
T0002016,C01526,P0042,5,125.14,Israel,2024-06-22
T0002017,C00572,P0102,3,108.9,France,2024-11-24
T0002018,C01233,P0114,5,447.81,Canada,2024-06-30
T0002019,C01564,P0139,4,180.64,Germany,2024-09-07
T0002020,C01310,P0194,1,424.55,Japan,2024-09-04
T0002021,C00920,P0134,4,187.59,Germany,2024-07-27
T0002022,C00830,P0068,3,96.51,Canada,2024-11-14
T0002023,C00551,P0077,4,73.57,USA,2024-03-18
T0002024,C01214,P0009,5,23.28,USA,2024-09-21
T0002025,C01474,P0156,5,272.79,France,2024-01-18
T0002026,C00935,P0101,5,458.9,Brazil,2024-10-05
T0002027,C00385,P0129,1,38.24,UK,2024-11-09
T0002028,C00492,P0062,2,152.34,Italy,2024-11-29
T0002029,C01414,P0030,2,117.62,USA,2024-06-14
T0002030,C00117,P0195,5,125.23,Brazil,2024-12-11
T0002031,C01754,P0122,5,210.39,France,2024-12-17
T0002032,C01043,P0023,1,483.76,France,2024-06-11
T0002033,C00566,P0091,5,67.01,France,2024-01-06
T0002034,C00826,P0155,2,28.65,USA,2024-09-16
T0002035,C01783,P0020,1,350.59,Brazil,2024-02-29
T0002036,C01709,P0096,3,374.33,France,2024-10-07
T0002037,C01044,P0154,1,54.79,Japan,2024-02-13
T0002038,C01104,P0113,4,388.68,Japan,2024-05-12
T0002039,C00219,P0185,5,387.95,Israel,2024-09-15
T0002040,C00064,P0077,2,81.09,Canada,2024-02-12
T0002041,C00130,P0190,3,356.26,USA,2024-09-06
T0002042,C01569,P0190,2,381.14,Japan,2024-01-03
T0002043,C01239,P0152,3,379.71,Spain,2024-04-04
T0002044,C00812,P0136,4,156.42,Germany,2024-08-07
T0002045,C00823,P0028,5,480.35,Israel,2024-12-13
T0002046,C01799,P0103,3,387.75,Brazil,2024-02-23
T0002047,C00575,P0088,2,84.48,France,2024-04-17
T0002048,C00706,P0128,4,361.96,Canada,2024-01-14
T0002049,C01411,P0103,2,361.13,Canada,2024-02-19
T0002050,C01206,P0013,5,136.68,Brazil,2024-09-23
T0002051,C00112,P0161,4,210.33,Italy,2024-12-26
T0002052,C00872,P0180,4,404.98,USA,2024-10-10
T0002053,C01670,P0192,4,230.02,Canada,2024-06-01
T0002054,C01192,P0120,1,152.47,USA,2024-03-28
T0002055,C01504,P0087,5,114.62,Brazil,2024-10-13
T0002056,C01132,P0175,5,208.67,Spain,2024-05-08
T0002057,C00556,P0042,2,113.61,UK,2024-05-04
T0002058,C00776,P0045,4,57.08,Japan,2024-02-14
T0002059,C00164,P0046,4,344.38,Spain,2024-05-21
T0002060,C01926,P0042,5,105.54,Israel,2024-11-08
T0002061,C00795,P0129,4,38.8,France,2024-11-01
T0002062,C01251,P0071,1,89.51,USA,2024-01-10
T0002063,C01688,P0040,2,326.04,France,2024-08-13
T0002064,C00835,P0045,5,60.55,USA,2024-02-09
T0002065,C00272,P0000,3,209.7,UK,2024-06-19
T0002066,C00731,P0125,1,115.48,Italy,2024-06-28
T0002067,C00954,P0113,5,376.13,Japan,2024-09-20
T0002068,C00318,P0196,1,103.03,Canada,2024-04-18
T0002069,C00583,P0144,1,140.37,Italy,2024-09-07
T0002070,C00813,P0031,5,405.93,UK,2024-01-15
T0002071,C00344,P0019,2,229.24,USA,2024-08-29
T0002072,C00369,P0045,1,57.05,Spain,2024-08-27
T0002073,C01803,P0054,1,223.0,France,2024-02-09
T0002074,C01781,P0081,4,112.97,USA,2024-07-20
T0002075,C01756,P0047,4,242.56,Brazil,2024-01-14
T0002076,C00924,P0102,2,129.12,Brazil,2024-09-19
T0002077,C01245,P0129,3,37.4,Japan,2024-11-04
T0002078,C01087,P0158,1,268.58,Japan,2024-10-18
T0002079,C00373,P0157,4,69.58,Japan,2024-04-15
T0002080,C00948,P0075,5,346.07,Canada,2024-05-22
T0002081,C00104,P0096,4,360.3,Brazil,2024-01-14
T0002082,C01217,P0077,5,70.77,Germany,2024-01-09
T0002083,C01880,P0156,2,245.21,UK,2024-02-05
T0002084,C00574,P0119,5,141.33,Japan,2024-07-14
T0002085,C01892,P0113,5,391.8,UK,2024-02-14
T0002086,C01303,P0057,2,113.31,Brazil,2024-12-06
T0002087,C00599,P0185,3,353.86,UK,2024-11-01
T0002088,C01709,P0129,4,31.76,Israel,2024-02-04
T0002089,C01609,P0076,2,262.77,Japan,2024-01-16
T0002090,C00878,P0150,5,197.54,France,2024-06-12
T0002091,C01841,P0103,4,347.38,Germany,2024-10-01
T0002092,C01322,P0075,2,347.33,Germany,2024-11-02
T0002093,C01944,P0084,1,266.19,Japan,2024-03-04
T0002094,C00180,P0113,3,347.01,Japan,2024-04-02
T0002095,C01643,P0074,2,111.19,UK,2024-07-18
T0002096,C01652,P0124,2,322.46,Spain,2024-10-02
T0002097,C01845,P0000,4,212.79,Germany,2024-04-19
T0002098,C01215,P0122,1,202.97,Italy,2024-07-29
T0002099,C01614,P0076,4,291.12,Japan,2024-10-23
T0002100,C00296,P0018,2,345.67,UK,2024-05-09
T0002101,C01927,P0113,2,327.24,UK,2024-11-20
T0002102,C00124,P0117,3,175.96,USA,2024-07-08
T0002103,C01457,P0094,1,254.86,UK,2024-04-06
T0002104,C00097,P0103,3,400.18,France,2024-11-07
T0002105,C00547,P0134,1,206.6,Brazil,2024-12-18
T0002106,C00234,P0085,2,129.93,UK,2024-06-01
T0002107,C01832,P0060,5,392.99,Germany,2024-05-24
T0002108,C00530,P0186,1,378.03,Israel,2024-06-11
T0002109,C00086,P0019,3,196.92,Spain,2024-11-25
T0002110,C01592,P0082,3,116.8,Japan,2024-03-22
T0002111,C01821,P0099,1,182.67,Canada,2024-10-24
T0002112,C01970,P0142,2,65.87,USA,2024-09-17
T0002113,C01202,P0077,2,75.17,Italy,2024-09-07
T0002114,C01995,P0141,2,195.04,USA,2024-04-24
T0002115,C01646,P0129,1,35.28,Italy,2024-04-08
T0002116,C01321,P0136,1,157.31,France,2024-08-16
T0002117,C01115,P0054,4,232.88,Brazil,2024-06-03
T0002118,C01396,P0193,3,190.61,Germany,2024-12-31
T0002119,C01591,P0004,3,184.39,UK,2024-06-02
T0002120,C01130,P0100,1,110.33,Japan,2024-10-16
T0002121,C01266,P0129,4,32.57,Israel,2024-11-17
T0002122,C01841,P0197,4,231.39,Italy,2024-03-13
T0002123,C01026,P0126,5,372.64,Japan,2024-09-15
T0002124,C01377,P0075,5,327.43,USA,2024-05-20
T0002125,C01650,P0198,2,371.85,Brazil,2024-05-18
T0002126,C00305,P0155,2,28.86,Canada,2024-06-17
T0002127,C00653,P0190,1,335.01,Israel,2024-05-30
T0002128,C01342,P0062,5,175.66,France,2024-06-05
T0002129,C00618,P0140,1,217.99,Brazil,2024-09-08
T0002130,C01997,P0019,3,203.82,Israel,2024-09-24
T0002131,C00603,P0013,3,132.98,Spain,2024-03-14
T0002132,C01345,P0130,4,248.58,Israel,2024-02-18
T0002133,C01915,P0155,2,33.29,Brazil,2024-03-05
T0002134,C01733,P0136,4,146.58,Canada,2024-08-02
T0002135,C01725,P0194,1,380.18,Italy,2024-10-03
T0002136,C01256,P0136,4,151.5,UK,2024-07-29
T0002137,C00306,P0061,2,377.82,UK,2024-01-22
T0002138,C01160,P0113,3,331.59,Germany,2024-04-03
T0002139,C01746,P0014,4,283.02,Italy,2024-01-05
T0002140,C01894,P0129,2,35.08,Canada,2024-04-13
T0002141,C01160,P0070,5,18.67,USA,2024-06-05
T0002142,C01415,P0076,2,306.41,UK,2024-11-27
T0002143,C00014,P0084,2,240.06,Italy,2024-01-06
T0002144,C01669,P0075,2,389.58,USA,2024-11-05
T0002145,C01833,P0198,2,351.5,Brazil,2024-11-20
T0002146,C01724,P0155,5,29.2,Brazil,2024-08-06
T0002147,C01528,P0137,4,211.97,Japan,2024-06-28
T0002148,C00175,P0136,3,164.07,Italy,2024-05-14
T0002149,C01714,P0117,1,170.52,Germany,2024-06-15
T0002150,C00550,P0157,2,70.15,Canada,2024-03-17
T0002151,C00775,P0077,4,72.16,Brazil,2024-01-15
T0002152,C01929,P0136,5,164.41,Brazil,2024-09-12
T0002153,C00766,P0076,3,280.84,UK,2024-07-22
T0002154,C01608,P0045,3,53.58,USA,2024-11-12
T0002155,C01725,P0101,5,451.28,Germany,2024-02-09
T0002156,C00705,P0059,5,327.97,UK,2024-10-21
T0002157,C01443,P0057,5,114.86,Spain,2024-08-23
T0002158,C01073,P0101,1,419.99,Israel,2024-08-21
T0002159,C01444,P0185,3,338.56,Israel,2024-12-14
T0002160,C00616,P0073,4,177.99,UK,2024-02-12
T0002161,C00089,P0175,4,232.67,Brazil,2024-12-05
T0002162,C00030,P0194,4,431.24,USA,2024-08-01
T0002163,C01240,P0178,4,282.77,USA,2024-04-14
T0002164,C00722,P0103,2,370.6,Germany,2024-03-16
T0002165,C01627,P0075,1,320.15,Israel,2024-12-13
T0002166,C00431,P0034,1,154.06,Italy,2024-11-18
T0002167,C00182,P0066,4,327.75,Brazil,2024-12-02
T0002168,C01757,P0117,1,194.79,USA,2024-07-02
T0002169,C01505,P0025,1,301.19,USA,2024-06-27
T0002170,C01126,P0192,5,254.54,Canada,2024-05-03
T0002171,C01028,P0132,4,280.65,Italy,2024-10-29
T0002172,C00416,P0019,3,192.96,Israel,2024-12-06
T0002173,C00445,P0101,4,405.45,Brazil,2024-09-10
T0002174,C01174,P0013,2,115.72,Italy,2024-07-14
T0002175,C00769,P0144,1,159.23,Brazil,2024-01-06
T0002176,C00198,P0140,4,237.06,Canada,2024-09-06
T0002177,C01413,P0175,4,219.34,Israel,2024-07-25
T0002178,C01419,P0194,3,382.9,Spain,2024-07-04
T0002179,C00239,P0175,3,228.08,Spain,2024-03-05
T0002180,C00378,P0054,5,247.03,Japan,2024-12-06
T0002181,C00081,P0190,4,389.22,Italy,2024-03-17
T0002182,C00742,P0059,1,299.91,Spain,2024-03-05
T0002183,C01486,P0185,5,369.69,Israel,2024-07-03
T0002184,C00212,P0113,4,344.14,UK,2024-06-22
T0002185,C01430,P0103,3,392.98,Italy,2024-02-02
T0002186,C01339,P0054,4,258.23,Brazil,2024-12-08
T0002187,C00283,P0085,5,124.28,Italy,2024-01-19
T0002188,C00691,P0136,5,158.89,France,2024-12-11
T0002189,C00242,P0129,1,33.33,Israel,2024-08-06
T0002190,C00525,P0146,3,241.58,UK,2024-05-24
T0002191,C00121,P0176,2,164.91,UK,2024-03-17
T0002192,C00380,P0122,4,222.71,France,2024-10-09
T0002193,C01497,P0156,4,250.3,Brazil,2024-03-20
T0002194,C00697,P0140,1,243.31,Italy,2024-01-16
T0002195,C01215,P0156,1,237.06,Spain,2024-12-23
T0002196,C01828,P0132,4,261.54,Spain,2024-02-23
T0002197,C00815,P0120,2,151.41,Italy,2024-09-30
T0002198,C00546,P0017,1,229.35,UK,2024-04-16
T0002199,C01058,P0028,3,404.58,Italy,2024-09-28
T0002200,C01738,P0103,4,366.62,Italy,2024-06-13
T0002201,C00919,P0082,5,109.58,Spain,2024-07-09
T0002202,C01437,P0062,5,170.1,Canada,2024-02-18
T0002203,C00468,P0027,3,223.18,France,2024-09-19
T0002204,C00136,P0094,5,252.4,Italy,2024-04-19
T0002205,C00444,P0075,5,365.29,Brazil,2024-08-16
T0002206,C01725,P0142,3,63.0,France,2024-03-21
T0002207,C00926,P0156,1,250.24,France,2024-12-28
T0002208,C01435,P0175,2,219.4,France,2024-07-20
T0002209,C01647,P0102,2,124.19,Israel,2024-12-24
T0002210,C01233,P0084,4,269.77,Germany,2024-03-07
T0002211,C01099,P0017,1,266.81,Brazil,2024-07-22
T0002212,C00832,P0043,1,11.77,Japan,2024-08-30
T0002213,C00945,P0049,5,302.72,Spain,2024-01-27
T0002214,C01691,P0054,3,242.29,UK,2024-07-04
T0002215,C01269,P0065,4,260.51,France,2024-06-11
T0002216,C00625,P0075,3,357.69,Germany,2024-03-08
T0002217,C01489,P0076,2,295.2,USA,2024-09-14
T0002218,C01171,P0103,1,355.08,Spain,2024-01-22
T0002219,C00276,P0096,4,336.01,Brazil,2024-03-24
T0002220,C00383,P0103,2,371.91,Germany,2024-06-08
T0002221,C01143,P0130,4,244.48,USA,2024-08-09
T0002222,C01421,P0046,3,351.42,UK,2024-07-14
T0002223,C00596,P0057,4,112.8,UK,2024-03-17
T0002224,C00769,P0011,2,368.12,Brazil,2024-09-26
T0002225,C00050,P0062,4,167.58,Canada,2024-12-16
T0002226,C00247,P0142,3,65.82,Japan,2024-01-04
T0002227,C01766,P0086,1,51.81,Israel,2024-01-14
T0002228,C00686,P0078,2,414.91,Israel,2024-01-24
T0002229,C00432,P0190,5,374.25,Brazil,2024-12-12
T0002230,C00903,P0156,1,270.33,Israel,2024-02-07
T0002231,C01002,P0156,4,254.66,Canada,2024-01-28
T0002232,C01190,P0129,2,33.11,USA,2024-12-07
T0002233,C00093,P0000,1,216.41,Germany,2024-09-15
T0002234,C01124,P0129,2,35.18,Italy,2024-06-10
T0002235,C01644,P0184,2,433.11,Spain,2024-02-08
T0002236,C00263,P0145,5,305.69,Israel,2024-10-27
T0002237,C00494,P0000,4,187.15,Germany,2024-03-16
T0002238,C01428,P0077,5,66.69,Brazil,2024-03-12
T0002239,C01709,P0054,1,245.79,Israel,2024-10-25
T0002240,C00878,P0055,2,370.85,UK,2024-08-05
T0002241,C01214,P0034,4,138.93,France,2024-11-09
T0002242,C00821,P0011,4,317.56,Japan,2024-02-04
T0002243,C00899,P0136,3,141.43,Israel,2024-09-14
T0002244,C01195,P0156,1,241.26,Canada,2024-08-15
T0002245,C00872,P0125,2,136.64,Brazil,2024-11-03
T0002246,C00910,P0178,2,262.8,Germany,2024-01-15
T0002247,C00468,P0063,4,251.68,France,2024-07-27
T0002248,C01866,P0156,3,249.21,Israel,2024-06-06
T0002249,C00791,P0192,2,252.77,USA,2024-05-06
T0002250,C00056,P0091,5,64.76,France,2024-02-20
T0002251,C01407,P0122,3,210.47,France,2024-09-20
T0002252,C00494,P0131,5,102.71,Israel,2024-07-07
T0002253,C00139,P0045,1,52.45,USA,2024-08-15
T0002254,C00024,P0070,3,20.64,Japan,2024-01-27
T0002255,C01308,P0176,2,164.64,Spain,2024-03-01
T0002256,C01616,P0090,1,176.34,Japan,2024-06-20
T0002257,C01021,P0194,5,428.2,Japan,2024-09-04
T0002258,C01440,P0067,3,280.53,Israel,2024-08-02
T0002259,C01942,P0136,1,152.75,France,2024-05-13
T0002260,C00919,P0125,1,136.41,Italy,2024-02-09
T0002261,C01637,P0190,4,363.13,Japan,2024-02-13
T0002262,C01094,P0150,3,201.86,Spain,2024-08-21
T0002263,C01398,P0157,2,66.99,Japan,2024-08-26
T0002264,C00058,P0048,1,311.98,Canada,2024-08-18
T0002265,C00394,P0045,3,61.29,USA,2024-10-29
T0002266,C01060,P0020,1,398.47,Spain,2024-10-11
T0002267,C00050,P0151,5,430.75,Italy,2024-01-20
T0002268,C01603,P0113,2,335.88,France,2024-01-02
T0002269,C00682,P0185,3,392.86,Spain,2024-06-07
T0002270,C01282,P0081,1,124.4,Germany,2024-03-16
T0002271,C01877,P0141,3,205.29,UK,2024-10-08
T0002272,C01702,P0194,3,397.82,Italy,2024-09-17
T0002273,C00202,P0117,3,197.86,France,2024-11-18
T0002274,C00976,P0101,4,442.78,USA,2024-04-30
T0002275,C00417,P0180,1,371.55,Japan,2024-09-10
T0002276,C01282,P0156,2,272.61,Spain,2024-10-22
T0002277,C00897,P0113,3,390.51,France,2024-11-12
T0002278,C01287,P0013,2,126.23,Japan,2024-01-13
T0002279,C00019,P0084,5,263.37,USA,2024-08-12
T0002280,C00357,P0174,2,312.72,Japan,2024-10-24
T0002281,C00672,P0046,1,353.77,Brazil,2024-10-10
T0002282,C01121,P0134,4,210.91,Germany,2024-01-08
T0002283,C00566,P0106,3,83.29,USA,2024-02-08
T0002284,C00982,P0013,2,117.03,USA,2024-08-12
T0002285,C01141,P0054,4,247.54,Germany,2024-05-21
T0002286,C00951,P0190,1,396.55,USA,2024-04-27
T0002287,C01771,P0064,3,120.87,France,2024-07-28
T0002288,C01423,P0194,2,439.12,Israel,2024-03-02
T0002289,C01825,P0156,5,232.36,Italy,2024-12-22
T0002290,C01467,P0048,2,328.25,Spain,2024-06-03
T0002291,C00967,P0167,1,287.38,UK,2024-08-10
T0002292,C00537,P0064,1,128.94,Italy,2024-02-05
T0002293,C01974,P0004,1,181.5,Canada,2024-04-24
T0002294,C01335,P0125,5,135.14,Germany,2024-08-11
T0002295,C00830,P0062,1,167.47,Germany,2024-07-10
T0002296,C01852,P0194,2,376.43,USA,2024-12-10
T0002297,C01286,P0016,2,314.62,USA,2024-09-07
T0002298,C01253,P0084,1,228.89,France,2024-07-11
T0002299,C00830,P0155,3,30.28,Japan,2024-03-28
T0002300,C01926,P0048,1,289.56,Spain,2024-10-03
T0002301,C01944,P0075,4,379.87,Canada,2024-06-12
T0002302,C01647,P0048,4,339.84,Spain,2024-02-01
T0002303,C01776,P0045,3,60.27,Italy,2024-02-28
T0002304,C01706,P0119,5,127.35,Japan,2024-12-30
T0002305,C01260,P0187,2,355.9,Japan,2024-06-25
T0002306,C01129,P0192,3,229.78,Germany,2024-05-01
T0002307,C00491,P0015,4,135.75,Japan,2024-03-28
T0002308,C01436,P0019,3,206.46,UK,2024-02-09
T0002309,C00577,P0004,4,186.07,Germany,2024-08-06
T0002310,C01197,P0130,4,222.78,Israel,2024-03-05
T0002311,C00601,P0110,5,46.59,UK,2024-11-19
T0002312,C01948,P0125,5,119.77,Spain,2024-09-05
T0002313,C00693,P0129,3,32.82,Canada,2024-09-04
T0002314,C01383,P0077,3,77.09,Spain,2024-12-23
T0002315,C01855,P0180,3,406.06,Brazil,2024-01-25
T0002316,C00625,P0055,5,355.58,France,2024-10-14
T0002317,C00077,P0142,1,71.08,Israel,2024-11-06
T0002318,C00289,P0177,3,132.58,UK,2024-03-16
T0002319,C01191,P0057,4,114.66,Italy,2024-01-24
T0002320,C00167,P0101,5,402.98,Spain,2024-12-15
T0002321,C01798,P0154,5,47.05,Germany,2024-06-15
T0002322,C00113,P0117,3,177.35,Brazil,2024-12-15
T0002323,C00928,P0107,4,112.92,Italy,2024-10-18
T0002324,C01531,P0023,5,464.98,Brazil,2024-08-20
T0002325,C00988,P0193,1,170.9,Italy,2024-09-24
T0002326,C01393,P0101,2,473.64,Italy,2024-05-09
T0002327,C01913,P0075,5,383.28,Canada,2024-12-08
T0002328,C00405,P0126,4,408.84,Brazil,2024-06-04
T0002329,C01097,P0113,3,346.08,Israel,2024-02-23
T0002330,C00814,P0113,4,352.42,Spain,2024-10-27
T0002331,C00138,P0106,4,70.43,France,2024-02-04
T0002332,C00662,P0101,5,472.72,France,2024-10-16
T0002333,C01168,P0088,2,85.65,UK,2024-12-04
T0002334,C00404,P0019,2,230.81,Israel,2024-12-11
T0002335,C00196,P0019,2,207.3,Spain,2024-07-28
T0002336,C01508,P0169,5,65.65,Italy,2024-01-11
T0002337,C01275,P0004,1,182.48,Israel,2024-06-08
T0002338,C00649,P0129,4,37.72,UK,2024-01-05
T0002339,C01866,P0154,3,46.13,Brazil,2024-01-06
T0002340,C01395,P0075,1,383.69,Italy,2024-03-30
T0002341,C01138,P0045,1,56.4,France,2024-09-02
T0002342,C00073,P0019,2,222.73,France,2024-02-17
T0002343,C00048,P0122,1,228.09,Brazil,2024-07-20
T0002344,C00374,P0129,3,36.99,Brazil,2024-10-07
T0002345,C01709,P0191,3,39.04,Japan,2024-06-12
T0002346,C00881,P0076,5,255.84,France,2024-08-24
T0002347,C01779,P0019,4,206.62,UK,2024-10-09
T0002348,C00101,P0166,1,327.2,Brazil,2024-11-07
T0002349,C00668,P0137,2,249.99,Japan,2024-12-24
T0002350,C01151,P0180,4,369.68,France,2024-07-05
T0002351,C00985,P0077,1,75.18,Israel,2024-09-25
T0002352,C01344,P0126,1,364.31,USA,2024-12-21
T0002353,C00501,P0028,3,448.68,Italy,2024-05-13
T0002354,C00473,P0176,2,190.16,Spain,2024-10-27
T0002355,C00619,P0075,4,345.31,France,2024-10-08
T0002356,C01493,P0134,1,198.18,Canada,2024-06-04
T0002357,C00494,P0160,4,294.54,UK,2024-03-05
T0002358,C01180,P0123,3,340.42,Israel,2024-10-01
T0002359,C01648,P0130,1,256.93,Germany,2024-04-25
T0002360,C00013,P0100,3,112.59,Germany,2024-04-24
T0002361,C00092,P0175,1,214.69,Israel,2024-02-04
T0002362,C00311,P0000,1,208.87,Brazil,2024-11-24
T0002363,C01613,P0019,5,196.92,Canada,2024-08-01
T0002364,C01773,P0061,2,416.45,Brazil,2024-04-10
T0002365,C00347,P0189,5,341.87,Spain,2024-04-15
T0002366,C01273,P0140,3,232.35,UK,2024-04-03
T0002367,C01210,P0185,5,392.32,Israel,2024-12-02
T0002368,C00411,P0088,4,88.32,Japan,2024-12-02
T0002369,C01935,P0045,3,59.34,Canada,2024-12-15
T0002370,C01031,P0113,2,343.77,France,2024-06-04
T0002371,C00662,P0075,2,314.0,USA,2024-02-23
T0002372,C00718,P0136,1,149.87,Canada,2024-05-30
T0002373,C01803,P0185,2,395.66,USA,2024-10-10
T0002374,C01122,P0042,5,106.18,Germany,2024-09-23
T0002375,C01870,P0088,5,92.97,Japan,2024-12-03
T0002376,C00891,P0054,1,236.11,France,2024-12-12
T0002377,C01360,P0101,2,403.95,Italy,2024-07-06
T0002378,C01320,P0140,2,238.25,Spain,2024-10-18
T0002379,C00746,P0192,2,227.28,USA,2024-12-06
T0002380,C01052,P0046,2,386.53,UK,2024-07-16
T0002381,C00345,P0131,5,102.76,Canada,2024-04-26
T0002382,C01480,P0076,5,263.71,Germany,2024-08-10
T0002383,C00169,P0113,4,367.84,Germany,2024-04-25
T0002384,C00851,P0147,4,364.85,Italy,2024-10-16
T0002385,C00597,P0092,2,262.91,USA,2024-04-16
T0002386,C01676,P0088,3,83.63,Germany,2024-01-03
T0002387,C01806,P0114,1,378.14,Spain,2024-10-14
T0002388,C00111,P0161,5,225.55,Brazil,2024-08-20
T0002389,C01492,P0013,4,131.5,Brazil,2024-01-19
T0002390,C00001,P0148,3,300.79,Italy,2024-02-06
T0002391,C01595,P0077,5,80.63,Canada,2024-10-22
T0002392,C01261,P0144,1,155.03,Italy,2024-03-18
T0002393,C00694,P0129,5,36.86,Germany,2024-12-14
T0002394,C00746,P0101,1,443.19,UK,2024-02-27
T0002395,C01934,P0198,1,333.15,Israel,2024-04-29
T0002396,C01746,P0101,5,475.87,Brazil,2024-01-15
T0002397,C01616,P0088,1,90.12,Canada,2024-07-14
T0002398,C01781,P0135,3,170.23,Italy,2024-07-27
T0002399,C00122,P0180,2,395.31,USA,2024-02-02
T0002400,C00359,P0046,1,378.43,Japan,2024-11-05
T0002401,C00465,P0078,1,449.36,USA,2024-07-16
T0002402,C00573,P0170,4,423.82,Canada,2024-02-23
T0002403,C00983,P0011,3,340.54,France,2024-11-12
T0002404,C00533,P0084,1,265.06,Japan,2024-09-21
T0002405,C01141,P0196,2,100.12,USA,2024-10-12
T0002406,C00673,P0136,2,151.91,Israel,2024-10-05
T0002407,C00348,P0174,3,338.25,UK,2024-08-17
T0002408,C01282,P0113,3,381.88,UK,2024-01-10
T0002409,C00391,P0054,4,257.85,Japan,2024-03-19
T0002410,C00803,P0103,3,375.05,Israel,2024-04-06
T0002411,C01099,P0185,4,375.54,Spain,2024-07-21
T0002412,C01709,P0142,4,67.89,Israel,2024-09-30
T0002413,C01644,P0152,3,380.49,France,2024-12-27
T0002414,C01605,P0113,5,327.25,Germany,2024-12-07
T0002415,C01071,P0190,3,334.99,Spain,2024-03-13
T0002416,C00662,P0097,1,214.67,Spain,2024-01-02
T0002417,C00350,P0116,1,83.17,Germany,2024-07-21
T0002418,C00385,P0048,4,348.0,Brazil,2024-02-12
T0002419,C00642,P0088,1,92.18,Germany,2024-06-01
T0002420,C00769,P0026,1,328.74,Germany,2024-03-29
T0002421,C01671,P0101,1,435.43,Italy,2024-06-08
T0002422,C01688,P0095,5,193.51,Brazil,2024-08-10
T0002423,C01186,P0186,5,386.62,Japan,2024-06-13
T0002424,C00155,P0184,4,426.28,Canada,2024-02-21
T0002425,C00831,P0148,5,285.25,Spain,2024-01-01
T0002426,C01772,P0198,3,348.91,France,2024-01-20
T0002427,C00806,P0000,5,207.14,USA,2024-04-20
T0002428,C00908,P0025,4,326.98,USA,2024-02-27
T0002429,C01128,P0034,1,161.41,Japan,2024-02-01
T0002430,C01041,P0084,4,267.34,UK,2024-04-28
T0002431,C01227,P0180,5,373.07,Canada,2024-02-11
T0002432,C01360,P0117,3,171.81,Italy,2024-05-15
T0002433,C01496,P0091,4,62.82,Canada,2024-10-01
T0002434,C00576,P0070,1,20.07,Canada,2024-03-20
T0002435,C01716,P0075,3,316.16,France,2024-10-19
T0002436,C00048,P0119,1,117.84,France,2024-01-29
T0002437,C00118,P0059,4,332.6,Japan,2024-09-01
T0002438,C00461,P0146,2,242.3,Israel,2024-06-30
T0002439,C00914,P0136,3,162.75,Spain,2024-04-11
T0002440,C00757,P0122,5,227.71,Brazil,2024-01-04
T0002441,C00249,P0175,2,216.13,UK,2024-05-15
T0002442,C01915,P0106,2,78.07,Brazil,2024-10-01
T0002443,C01376,P0055,5,378.82,USA,2024-04-21
T0002444,C00272,P0129,4,31.4,France,2024-12-02
T0002445,C00190,P0148,4,310.13,France,2024-04-07
T0002446,C01870,P0185,2,360.25,Spain,2024-11-08
T0002447,C00226,P0180,1,333.91,Japan,2024-05-15
T0002448,C01746,P0054,3,211.2,Germany,2024-01-27
T0002449,C00009,P0192,3,229.67,Brazil,2024-05-23
T0002450,C00705,P0117,4,171.98,USA,2024-04-15
T0002451,C01231,P0030,2,124.96,Italy,2024-05-31
T0002452,C00547,P0047,5,276.91,Japan,2024-12-19
T0002453,C01902,P0154,1,49.05,France,2024-11-10
T0002454,C00760,P0194,5,400.9,Canada,2024-04-07
T0002455,C01005,P0062,1,175.05,Italy,2024-10-16
T0002456,C01857,P0192,5,260.47,France,2024-06-09
T0002457,C01360,P0005,2,109.91,Canada,2024-09-05
T0002458,C01976,P0026,5,336.42,Israel,2024-02-13
T0002459,C00221,P0069,3,199.35,Canada,2024-08-12
T0002460,C00517,P0131,5,121.45,Italy,2024-10-10
T0002461,C01146,P0115,4,318.33,Brazil,2024-05-18
T0002462,C00580,P0134,5,211.32,Canada,2024-02-14
T0002463,C00935,P0125,1,127.62,USA,2024-08-26
T0002464,C01454,P0170,4,365.1,Canada,2024-10-18
T0002465,C01660,P0129,4,37.79,Brazil,2024-06-22
T0002466,C00586,P0004,1,181.36,Japan,2024-09-05
T0002467,C00487,P0156,4,273.28,Brazil,2024-09-22
T0002468,C01799,P0076,2,301.82,Canada,2024-03-09
T0002469,C00152,P0142,2,71.17,Japan,2024-01-08
T0002470,C01647,P0162,3,449.77,Japan,2024-03-15
T0002471,C01895,P0084,1,272.07,Canada,2024-04-12
T0002472,C01131,P0186,3,382.49,UK,2024-03-11
T0002473,C00590,P0110,3,46.91,USA,2024-06-21
T0002474,C00248,P0070,5,20.66,Spain,2024-07-31
T0002475,C01407,P0005,1,104.16,Italy,2024-11-09
T0002476,C00348,P0019,5,211.89,France,2024-06-28
T0002477,C01766,P0152,5,394.48,Italy,2024-05-24
T0002478,C00426,P0057,5,105.43,Canada,2024-05-29
T0002479,C01244,P0048,4,331.79,Japan,2024-02-17
T0002480,C00576,P0129,4,36.37,USA,2024-10-13
T0002481,C00620,P0119,4,139.85,Japan,2024-12-04
T0002482,C01123,P0045,5,56.49,France,2024-11-19
T0002483,C01229,P0134,3,232.33,Spain,2024-11-16
T0002484,C00957,P0061,1,417.73,Brazil,2024-11-29
T0002485,C01521,P0129,1,35.65,Japan,2024-01-27
T0002486,C00505,P0054,4,215.38,USA,2024-11-15
T0002487,C00436,P0016,4,340.66,Italy,2024-01-31
T0002488,C01525,P0120,4,145.19,Spain,2024-01-17
T0002489,C00368,P0173,1,133.74,Japan,2024-07-19
T0002490,C01507,P0070,1,21.13,Israel,2024-01-02
T0002491,C00154,P0065,2,261.18,Canada,2024-06-12
T0002492,C01140,P0090,4,173.53,Germany,2024-03-01
T0002493,C00110,P0169,3,65.54,Israel,2024-10-25
T0002494,C00535,P0077,4,76.63,Italy,2024-01-18
T0002495,C00676,P0117,1,173.03,Brazil,2024-04-27
T0002496,C00441,P0131,4,103.76,Brazil,2024-03-16
T0002497,C01509,P0099,4,165.56,Japan,2024-11-28
T0002498,C01875,P0184,4,478.11,UK,2024-06-26
T0002499,C00294,P0133,4,316.92,Spain,2024-11-04
T0002500,C00146,P0109,4,45.04,Japan,2024-06-15
T0002501,C00659,P0194,1,432.98,Japan,2024-07-15
T0002502,C01486,P0175,5,238.86,Japan,2024-10-21
T0002503,C00341,P0096,1,329.25,France,2024-07-21
T0002504,C01341,P0117,3,166.35,Germany,2024-07-29
T0002505,C01647,P0054,3,234.78,Italy,2024-08-19
T0002506,C01521,P0136,4,162.85,Italy,2024-02-22
T0002507,C01297,P0116,1,77.09,Spain,2024-02-24
T0002508,C01611,P0004,1,180.18,Spain,2024-07-17
T0002509,C00172,P0160,1,292.21,USA,2024-06-26
T0002510,C01889,P0075,2,338.22,Germany,2024-04-17
T0002511,C01507,P0099,3,191.68,Japan,2024-04-24
T0002512,C00663,P0087,3,122.08,Canada,2024-02-06
T0002513,C01362,P0100,2,108.9,Israel,2024-04-03
T0002514,C00176,P0019,1,194.06,UK,2024-01-12
T0002515,C01540,P0125,3,138.4,Italy,2024-04-13
T0002516,C00679,P0120,2,149.75,Israel,2024-02-20
T0002517,C01977,P0130,5,218.91,Japan,2024-06-29
T0002518,C00453,P0117,4,197.89,Japan,2024-08-16
T0002519,C01614,P0042,3,119.7,Israel,2024-03-04
T0002520,C01889,P0155,3,29.79,Italy,2024-05-17
T0002521,C01479,P0136,5,157.59,France,2024-11-29
T0002522,C00664,P0180,2,386.31,Israel,2024-05-08
T0002523,C00487,P0065,3,250.96,UK,2024-06-26
T0002524,C00769,P0129,5,32.34,UK,2024-09-23
T0002525,C00748,P0159,5,221.69,USA,2024-06-16
T0002526,C00049,P0075,4,385.4,Italy,2024-09-05
T0002527,C01291,P0045,1,59.42,UK,2024-03-09
T0002528,C01529,P0088,4,92.79,Spain,2024-03-03
T0002529,C01564,P0185,4,330.36,Brazil,2024-07-25
T0002530,C00226,P0101,5,474.88,Spain,2024-04-23
T0002531,C01866,P0114,3,392.09,USA,2024-01-11
T0002532,C01849,P0125,2,122.18,Germany,2024-10-09
T0002533,C00381,P0041,3,185.67,Canada,2024-03-24
T0002534,C00019,P0101,4,403.31,Brazil,2024-07-17
T0002535,C01714,P0185,2,376.3,Japan,2024-08-14
T0002536,C01393,P0134,2,219.8,Canada,2024-05-01
T0002537,C00771,P0103,4,335.28,UK,2024-12-07
T0002538,C00927,P0062,1,152.48,Canada,2024-05-31
T0002539,C01582,P0033,5,341.67,France,2024-01-16
T0002540,C01252,P0054,4,212.7,Brazil,2024-09-22
T0002541,C00584,P0012,3,272.37,Italy,2024-03-20
T0002542,C01053,P0108,3,394.06,France,2024-12-24
T0002543,C01856,P0125,2,119.14,Canada,2024-06-30
T0002544,C01870,P0084,1,224.99,UK,2024-05-27
T0002545,C01056,P0121,4,298.67,Brazil,2024-12-11
T0002546,C00064,P0194,1,394.78,Germany,2024-06-05
T0002547,C01947,P0109,4,43.31,Israel,2024-12-10
T0002548,C01609,P0048,5,302.91,UK,2024-08-26
T0002549,C01964,P0084,5,231.76,Spain,2024-08-10
T0002550,C00130,P0101,4,457.56,France,2024-10-12
T0002551,C01748,P0092,5,281.01,Canada,2024-08-13
T0002552,C00219,P0156,5,236.17,USA,2024-04-27
T0002553,C01053,P0062,4,176.63,Japan,2024-08-14
T0002554,C01309,P0165,5,465.27,Brazil,2024-08-19
T0002555,C01578,P0184,4,482.47,Japan,2024-01-04
T0002556,C01732,P0009,3,20.38,Brazil,2024-05-11
T0002557,C00077,P0104,2,47.17,Israel,2024-01-11
T0002558,C01147,P0125,4,130.15,Canada,2024-11-28
T0002559,C00420,P0194,5,437.23,Italy,2024-12-12
T0002560,C01430,P0017,3,243.19,Spain,2024-05-26
T0002561,C00232,P0175,5,251.28,UK,2024-08-28
T0002562,C00848,P0129,5,31.37,Italy,2024-12-13
T0002563,C01131,P0000,4,189.88,Italy,2024-10-04
T0002564,C01685,P0129,3,38.61,Canada,2024-08-24
T0002565,C00112,P0054,2,208.36,France,2024-07-15
T0002566,C01174,P0194,3,419.09,Japan,2024-11-27
T0002567,C01751,P0194,2,403.92,Germany,2024-04-02
T0002568,C00032,P0113,5,371.2,France,2024-04-01
T0002569,C00114,P0116,1,80.6,Israel,2024-01-13
T0002570,C01913,P0125,4,141.64,Brazil,2024-10-20
T0002571,C00334,P0088,1,88.17,Brazil,2024-11-01
T0002572,C00575,P0046,5,351.3,USA,2024-02-09
T0002573,C00259,P0156,1,266.34,Canada,2024-04-19
T0002574,C01299,P0198,1,312.43,Japan,2024-02-23
T0002575,C00155,P0084,1,230.42,Brazil,2024-11-08
T0002576,C01247,P0075,5,388.79,Brazil,2024-10-30
T0002577,C01296,P0045,4,57.78,USA,2024-10-12
T0002578,C01450,P0048,2,319.2,Italy,2024-02-16
T0002579,C01643,P0089,3,146.55,Italy,2024-03-11
T0002580,C01627,P0046,1,377.76,USA,2024-12-03
T0002581,C01269,P0009,5,21.64,Israel,2024-08-02
T0002582,C00904,P0075,5,364.84,UK,2024-10-07
T0002583,C01550,P0180,2,369.8,Spain,2024-10-19
T0002584,C01437,P0087,3,115.91,Italy,2024-02-07
T0002585,C01019,P0067,4,230.15,France,2024-05-11
T0002586,C00394,P0185,5,344.71,Italy,2024-07-08
T0002587,C01372,P0066,1,287.61,Japan,2024-04-28
T0002588,C01413,P0099,1,165.01,Israel,2024-01-10
T0002589,C00984,P0129,4,34.37,Italy,2024-02-28
T0002590,C01261,P0059,3,317.85,USA,2024-12-23
T0002591,C01143,P0060,1,417.94,Brazil,2024-06-16
T0002592,C00792,P0051,1,272.54,Brazil,2024-03-28
T0002593,C01058,P0059,3,362.97,Brazil,2024-11-10
T0002594,C00261,P0103,1,394.33,USA,2024-09-30
T0002595,C00976,P0184,3,436.91,Italy,2024-08-03
T0002596,C01436,P0194,3,362.32,France,2024-08-16
T0002597,C01300,P0170,1,409.22,USA,2024-12-13
T0002598,C01134,P0181,3,308.88,USA,2024-04-02
T0002599,C00476,P0048,5,309.78,Canada,2024-08-18
T0002600,C01074,P0125,3,125.72,Brazil,2024-05-24
T0002601,C01397,P0107,2,121.88,Italy,2024-05-04
T0002602,C00984,P0163,2,59.21,USA,2024-04-03
T0002603,C00953,P0084,3,258.7,Brazil,2024-09-13
T0002604,C00676,P0024,4,401.13,Germany,2024-11-05
T0002605,C01012,P0105,2,183.49,Canada,2024-01-08
T0002606,C01294,P0075,1,327.53,Spain,2024-07-12
T0002607,C01019,P0156,3,240.77,Brazil,2024-09-08
T0002608,C00497,P0045,4,57.83,France,2024-02-12
T0002609,C00841,P0192,3,258.28,Japan,2024-04-01
T0002610,C00215,P0194,1,386.89,UK,2024-09-02
T0002611,C01164,P0109,2,45.59,Italy,2024-02-25
T0002612,C00630,P0198,1,321.81,Brazil,2024-03-18
T0002613,C01145,P0190,5,375.57,Spain,2024-04-14
T0002614,C01184,P0134,2,208.84,USA,2024-11-28
T0002615,C00996,P0004,3,172.18,UK,2024-04-02
T0002616,C00014,P0065,1,251.78,USA,2024-03-22
T0002617,C00841,P0197,2,210.94,Israel,2024-09-08
T0002618,C01352,P0103,1,379.51,Japan,2024-02-25
T0002619,C00037,P0089,4,151.79,Spain,2024-09-09
T0002620,C01324,P0009,3,22.11,Italy,2024-10-11
T0002621,C01061,P0136,4,161.12,Brazil,2024-09-22
T0002622,C00942,P0180,5,402.8,UK,2024-11-30
T0002623,C00603,P0129,5,31.93,Brazil,2024-10-31
T0002624,C00040,P0105,4,164.76,Spain,2024-07-12
T0002625,C01297,P0045,4,56.93,Brazil,2024-03-11
T0002626,C01240,P0156,4,250.41,Canada,2024-10-25
T0002627,C00307,P0169,4,69.29,Canada,2024-11-10
T0002628,C01591,P0190,5,395.72,Italy,2024-04-22
T0002629,C00559,P0035,3,20.68,Italy,2024-10-19
T0002630,C00996,P0194,4,373.79,Canada,2024-06-01
T0002631,C00873,P0129,1,34.98,Israel,2024-04-19
T0002632,C00687,P0084,4,265.96,Brazil,2024-10-14
T0002633,C01922,P0135,2,184.56,Italy,2024-10-06
T0002634,C00419,P0185,1,385.42,Spain,2024-07-28
T0002635,C00630,P0194,4,437.6,Japan,2024-07-25
T0002636,C00507,P0048,4,303.74,UK,2024-10-02
T0002637,C01668,P0069,1,182.37,UK,2024-10-10
T0002638,C00052,P0047,3,272.92,Germany,2024-03-22
T0002639,C01673,P0118,3,465.41,Brazil,2024-01-26
T0002640,C01420,P0048,5,333.85,USA,2024-10-11
T0002641,C00323,P0187,2,380.7,USA,2024-08-04
T0002642,C01182,P0057,1,95.0,Brazil,2024-07-31
T0002643,C00982,P0180,4,383.61,Brazil,2024-03-24
T0002644,C00464,P0185,4,342.7,Spain,2024-11-05
T0002645,C01522,P0185,3,374.27,Spain,2024-07-13
T0002646,C00145,P0148,2,298.65,Canada,2024-06-07
T0002647,C00478,P0171,3,360.1,Japan,2024-09-01
T0002648,C01974,P0119,5,124.15,France,2024-06-13
T0002649,C01677,P0058,2,245.78,Israel,2024-09-06
T0002650,C00991,P0009,5,21.35,USA,2024-12-09
T0002651,C01581,P0048,5,295.84,France,2024-11-13
T0002652,C00913,P0148,2,310.02,Japan,2024-06-30
T0002653,C00765,P0011,5,352.15,Israel,2024-12-20
T0002654,C01350,P0125,1,140.32,Canada,2024-05-23
T0002655,C00281,P0131,4,109.63,Spain,2024-01-16
T0002656,C00508,P0184,1,448.83,USA,2024-03-19
T0002657,C00701,P0032,4,448.14,Italy,2024-11-03
T0002658,C00865,P0035,3,21.18,USA,2024-09-05
T0002659,C01322,P0067,1,272.66,Brazil,2024-09-17
T0002660,C01727,P0125,1,129.87,UK,2024-05-17
T0002661,C00987,P0147,5,387.98,France,2024-03-10
T0002662,C00559,P0045,5,55.3,Canada,2024-11-24
T0002663,C00661,P0060,4,397.84,Canada,2024-02-09
T0002664,C00224,P0048,4,353.79,Japan,2024-01-11
T0002665,C00116,P0117,3,177.53,Spain,2024-09-13
T0002666,C00163,P0075,3,366.44,Italy,2024-06-07
T0002667,C00478,P0088,4,89.61,Italy,2024-06-08
T0002668,C00749,P0120,4,162.29,Spain,2024-07-23
T0002669,C01562,P0167,5,304.82,Israel,2024-04-17
T0002670,C01261,P0019,1,205.33,UK,2024-10-27
T0002671,C00398,P0045,5,57.74,Germany,2024-08-28
T0002672,C00359,P0058,1,255.41,France,2024-01-06
T0002673,C01111,P0099,3,177.69,Germany,2024-06-16
T0002674,C01400,P0084,5,268.35,Germany,2024-11-24
T0002675,C00609,P0057,2,105.74,Japan,2024-03-02
T0002676,C00275,P0115,2,384.28,UK,2024-07-02
T0002677,C00183,P0065,2,289.17,Germany,2024-06-25
T0002678,C00661,P0101,3,455.38,Canada,2024-04-05
T0002679,C00947,P0129,2,34.93,France,2024-04-17
T0002680,C00317,P0076,3,284.53,France,2024-10-31
T0002681,C00305,P0093,4,29.68,Spain,2024-10-24
T0002682,C00982,P0198,1,336.49,France,2024-09-01
T0002683,C00076,P0151,5,377.93,Italy,2024-06-23
T0002684,C01357,P0068,2,85.99,Israel,2024-10-21
T0002685,C01158,P0129,5,31.87,Brazil,2024-06-09
T0002686,C01919,P0082,2,112.89,USA,2024-01-15
T0002687,C00809,P0096,1,394.02,USA,2024-03-03
T0002688,C00781,P0049,4,315.83,UK,2024-10-15
T0002689,C00926,P0062,2,175.34,Brazil,2024-10-05
T0002690,C00697,P0103,5,344.29,Israel,2024-12-06
T0002691,C00958,P0063,4,209.54,Japan,2024-09-24
T0002692,C00538,P0046,4,366.72,Japan,2024-02-23
T0002693,C01392,P0099,3,201.23,Italy,2024-02-20
T0002694,C00568,P0194,4,412.59,France,2024-12-12
T0002695,C01738,P0069,5,180.76,USA,2024-08-24
T0002696,C00011,P0128,5,356.18,Germany,2024-11-27
T0002697,C01600,P0110,2,49.91,France,2024-05-23
T0002698,C00992,P0140,1,236.16,Japan,2024-08-25
T0002699,C01897,P0013,1,115.84,France,2024-06-18
T0002700,C00288,P0185,3,373.42,UK,2024-04-30
T0002701,C00606,P0156,2,240.06,Japan,2024-07-20
T0002702,C01874,P0125,2,116.11,Canada,2024-02-21
T0002703,C01568,P0013,4,125.8,Italy,2024-08-26
T0002704,C01644,P0113,1,339.72,Japan,2024-01-25
T0002705,C01772,P0158,1,245.82,Spain,2024-05-02
T0002706,C01228,P0054,5,246.09,Italy,2024-03-20
T0002707,C01636,P0142,2,69.41,Italy,2024-01-11
T0002708,C00485,P0019,2,191.1,Germany,2024-09-09
T0002709,C01840,P0105,4,190.84,Spain,2024-11-17
T0002710,C01489,P0156,2,263.48,Japan,2024-12-28
T0002711,C01116,P0065,2,267.58,Germany,2024-11-26
T0002712,C00939,P0156,4,262.21,Israel,2024-01-13
T0002713,C00156,P0148,5,289.64,Germany,2024-09-17
T0002714,C00134,P0096,3,322.87,USA,2024-09-09
T0002715,C01353,P0088,2,94.11,Brazil,2024-10-06
T0002716,C00358,P0140,2,248.49,France,2024-03-09
T0002717,C01531,P0099,2,166.35,France,2024-03-12
T0002718,C01118,P0059,4,311.55,Brazil,2024-10-13
T0002719,C00707,P0180,1,401.02,Israel,2024-01-25
T0002720,C01044,P0000,5,207.18,Italy,2024-02-19
T0002721,C00237,P0175,1,237.11,Japan,2024-01-23
T0002722,C00632,P0136,3,136.03,USA,2024-08-04
T0002723,C00183,P0023,2,469.95,UK,2024-01-10
T0002724,C01042,P0076,1,295.15,Canada,2024-07-25
T0002725,C01028,P0155,5,32.26,Israel,2024-07-02
T0002726,C00183,P0125,4,127.43,UK,2024-12-03
T0002727,C01342,P0096,5,329.87,Israel,2024-02-11
T0002728,C01690,P0194,2,380.34,France,2024-03-15
T0002729,C01680,P0047,5,265.3,UK,2024-06-22
T0002730,C00177,P0031,3,371.76,Spain,2024-01-15
T0002731,C00783,P0027,1,197.34,UK,2024-11-06
T0002732,C01133,P0049,5,344.65,Japan,2024-06-02
T0002733,C00328,P0019,4,233.17,Italy,2024-11-13
T0002734,C00875,P0020,4,347.61,Germany,2024-06-04
T0002735,C00088,P0180,5,344.94,USA,2024-11-06
T0002736,C00466,P0128,4,374.81,Spain,2024-01-07
T0002737,C00651,P0054,2,224.55,Spain,2024-02-24
T0002738,C01235,P0065,5,295.39,France,2024-12-21
T0002739,C00584,P0019,4,224.48,Japan,2024-04-14
T0002740,C01440,P0046,1,362.49,Italy,2024-08-15
T0002741,C01798,P0013,4,128.7,Germany,2024-04-24
T0002742,C01439,P0116,1,68.06,USA,2024-06-19
T0002743,C00017,P0131,1,107.91,Japan,2024-05-15
T0002744,C01864,P0144,4,155.87,Brazil,2024-10-09
T0002745,C00806,P0048,2,306.78,USA,2024-12-29
T0002746,C01110,P0099,2,173.04,Germany,2024-08-16
T0002747,C00317,P0120,3,143.04,UK,2024-02-28
T0002748,C00901,P0125,2,133.84,Israel,2024-12-24
T0002749,C00465,P0125,5,139.09,Germany,2024-08-08
T0002750,C01838,P0019,1,208.78,USA,2024-11-28
T0002751,C00079,P0082,2,118.79,Germany,2024-06-26
T0002752,C00167,P0125,3,125.69,USA,2024-08-12
T0002753,C01729,P0085,2,122.18,Israel,2024-06-26
T0002754,C00821,P0084,5,239.12,Germany,2024-11-05
T0002755,C01004,P0152,1,349.01,Germany,2024-04-08
T0002756,C01118,P0125,2,116.05,Israel,2024-10-23
T0002757,C01089,P0095,3,178.69,Spain,2024-01-12
T0002758,C00755,P0088,2,81.3,Italy,2024-07-28
T0002759,C01818,P0047,2,286.05,UK,2024-01-21
T0002760,C01251,P0048,4,332.14,Japan,2024-01-30
T0002761,C01947,P0136,2,162.31,Israel,2024-01-02
T0002762,C01134,P0046,3,328.27,Spain,2024-03-28
T0002763,C01816,P0148,5,267.2,France,2024-11-20
T0002764,C00541,P0076,3,287.8,USA,2024-02-07
T0002765,C01777,P0019,3,200.51,Canada,2024-08-01
T0002766,C01231,P0129,2,33.47,USA,2024-02-14
T0002767,C00445,P0084,5,273.43,Brazil,2024-08-29
T0002768,C00450,P0180,4,381.35,Brazil,2024-10-18
T0002769,C01018,P0077,4,76.42,Germany,2024-07-21
T0002770,C00597,P0085,5,115.08,Italy,2024-03-08
T0002771,C00053,P0124,5,348.65,Italy,2024-06-08
T0002772,C00218,P0114,4,442.73,USA,2024-10-07
T0002773,C01568,P0075,4,384.8,France,2024-12-28
T0002774,C00999,P0001,3,225.58,UK,2024-04-18
T0002775,C01722,P0101,1,423.01,Spain,2024-12-10
T0002776,C00588,P0077,3,81.85,Spain,2024-09-27
T0002777,C00568,P0187,1,364.41,USA,2024-03-21
T0002778,C01679,P0059,2,312.41,Germany,2024-06-13
T0002779,C01776,P0054,3,241.06,Spain,2024-04-12
T0002780,C01843,P0103,2,353.72,Canada,2024-10-07
T0002781,C00914,P0001,2,225.34,Germany,2024-01-25
T0002782,C00389,P0057,1,113.55,Italy,2024-01-04
T0002783,C00069,P0036,1,192.79,Canada,2024-02-07
T0002784,C01200,P0054,1,239.33,Brazil,2024-11-21
T0002785,C00546,P0129,5,36.96,USA,2024-08-13
T0002786,C00889,P0194,3,411.62,Germany,2024-11-26
T0002787,C01015,P0113,4,345.45,Canada,2024-05-14
T0002788,C00869,P0059,5,328.61,Brazil,2024-03-06
T0002789,C01262,P0023,1,429.06,Japan,2024-05-31
T0002790,C01460,P0013,4,119.55,Spain,2024-10-25
T0002791,C00661,P0122,5,234.08,Germany,2024-07-10
T0002792,C00320,P0117,5,184.96,Canada,2024-01-23
T0002793,C00649,P0140,3,258.38,Japan,2024-03-19
T0002794,C00609,P0161,2,243.35,Israel,2024-06-26
T0002795,C00587,P0125,1,135.35,USA,2024-10-01
T0002796,C00630,P0178,4,291.55,France,2024-03-13
T0002797,C00928,P0019,5,215.21,Spain,2024-05-07
T0002798,C00455,P0125,3,125.48,Israel,2024-01-28
T0002799,C01769,P0075,5,338.42,Japan,2024-02-12
T0002800,C00466,P0113,2,375.75,Japan,2024-12-28
T0002801,C01619,P0070,1,18.56,Germany,2024-11-08
T0002802,C01369,P0048,2,330.34,Canada,2024-09-26
T0002803,C01171,P0136,4,143.27,Italy,2024-07-31
T0002804,C01645,P0186,5,367.5,Japan,2024-01-20
T0002805,C00006,P0096,3,393.22,France,2024-08-13
T0002806,C00449,P0054,4,213.94,France,2024-11-09
T0002807,C00815,P0157,1,58.38,Israel,2024-09-02
T0002808,C01759,P0070,5,20.12,Brazil,2024-08-07
T0002809,C00041,P0050,2,260.73,Japan,2024-10-06
T0002810,C00873,P0109,2,51.52,Canada,2024-09-16
T0002811,C00714,P0101,2,498.1,Israel,2024-02-07
T0002812,C01878,P0021,3,149.32,Japan,2024-11-20
T0002813,C00821,P0197,3,231.14,Canada,2024-12-27
T0002814,C00747,P0045,4,61.54,Germany,2024-01-27
T0002815,C01020,P0186,1,329.88,Italy,2024-11-13
T0002816,C00150,P0192,5,247.23,Italy,2024-08-02
T0002817,C01769,P0178,3,255.49,Italy,2024-02-20
T0002818,C00267,P0126,2,392.88,Israel,2024-08-03
T0002819,C01662,P0048,2,328.36,Germany,2024-07-06
T0002820,C01025,P0052,4,394.93,Spain,2024-05-17
T0002821,C01092,P0103,1,394.73,Germany,2024-02-14
T0002822,C01235,P0047,1,238.17,Israel,2024-06-10
T0002823,C01065,P0167,2,311.72,France,2024-01-04
T0002824,C00696,P0019,3,208.23,Israel,2024-08-07
T0002825,C01955,P0046,2,345.22,UK,2024-03-15
T0002826,C01855,P0046,1,386.51,Italy,2024-07-23
T0002827,C01425,P0131,2,111.87,France,2024-07-06
T0002828,C00994,P0141,5,187.74,Germany,2024-03-17
T0002829,C00573,P0045,2,61.94,USA,2024-01-10
T0002830,C01354,P0109,3,53.35,UK,2024-01-06
T0002831,C01234,P0054,1,214.78,Italy,2024-01-09
T0002832,C01259,P0129,1,37.1,Canada,2024-03-10
T0002833,C01790,P0101,4,458.57,UK,2024-09-05
T0002834,C00567,P0046,5,326.73,Germany,2024-08-18
T0002835,C00202,P0163,1,69.41,Japan,2024-07-12
T0002836,C01376,P0141,5,207.72,Israel,2024-08-19
T0002837,C00929,P0059,4,318.85,Italy,2024-05-21
T0002838,C01027,P0034,2,150.33,Canada,2024-01-16
T0002839,C01943,P0062,3,159.64,Italy,2024-03-05
T0002840,C01769,P0180,2,400.08,Spain,2024-03-26
T0002841,C00146,P0081,2,122.65,UK,2024-02-29
T0002842,C01067,P0033,2,369.53,Spain,2024-01-07
T0002843,C00083,P0059,5,369.13,Spain,2024-03-16
T0002844,C01192,P0197,4,223.82,UK,2024-04-01
T0002845,C00707,P0045,2,54.79,Canada,2024-08-28
T0002846,C01785,P0048,5,303.94,USA,2024-02-17
T0002847,C00013,P0103,4,382.69,France,2024-11-22
T0002848,C01776,P0046,2,370.21,France,2024-10-10
T0002849,C01789,P0178,1,280.04,UK,2024-07-22
T0002850,C01540,P0013,2,122.0,Germany,2024-10-08
T0002851,C00906,P0059,1,304.98,Japan,2024-03-09
T0002852,C01785,P0122,1,215.72,Spain,2024-05-28
T0002853,C01306,P0077,2,78.43,Canada,2024-12-04
T0002854,C00248,P0085,1,134.96,Spain,2024-08-05
T0002855,C00028,P0071,4,73.87,France,2024-01-07
T0002856,C01234,P0013,1,114.3,Canada,2024-03-24
T0002857,C01856,P0131,1,118.57,Japan,2024-01-22
T0002858,C01891,P0103,5,374.54,Italy,2024-04-19
T0002859,C01410,P0142,3,65.02,Israel,2024-10-11
T0002860,C00871,P0075,2,326.13,Brazil,2024-02-17
T0002861,C01969,P0120,5,145.12,Brazil,2024-07-27
T0002862,C01361,P0134,3,230.06,Germany,2024-09-08
T0002863,C01569,P0103,1,361.94,UK,2024-12-02
T0002864,C01685,P0120,4,146.21,Japan,2024-02-02
T0002865,C01665,P0099,5,196.87,Israel,2024-12-11
T0002866,C00313,P0103,5,357.85,Canada,2024-10-02
T0002867,C00977,P0161,1,247.13,Italy,2024-02-10
T0002868,C01627,P0043,1,12.5,Israel,2024-06-20
T0002869,C00184,P0069,3,185.36,Spain,2024-12-23
T0002870,C00680,P0185,1,321.47,Brazil,2024-04-03
T0002871,C01436,P0180,1,363.78,Israel,2024-06-23
T0002872,C01283,P0184,4,402.47,Germany,2024-11-27
T0002873,C01289,P0103,4,397.28,USA,2024-03-04
T0002874,C01261,P0178,5,267.7,UK,2024-06-02
T0002875,C01330,P0013,4,115.82,Brazil,2024-02-27
T0002876,C01071,P0190,4,372.09,Italy,2024-07-23
T0002877,C00499,P0125,4,135.88,France,2024-09-27
T0002878,C00231,P0129,5,38.43,Israel,2024-12-18
T0002879,C01776,P0067,2,231.43,Japan,2024-02-17
T0002880,C00552,P0054,1,230.48,France,2024-05-16
T0002881,C01478,P0048,3,306.9,Israel,2024-06-25
T0002882,C00988,P0101,2,473.78,Japan,2024-07-25
T0002883,C01059,P0071,3,74.25,Brazil,2024-12-14
T0002884,C01525,P0077,3,75.1,Brazil,2024-12-08
T0002885,C00872,P0128,3,351.94,USA,2024-01-08
T0002886,C00842,P0019,2,233.27,Japan,2024-10-13
T0002887,C00568,P0055,2,391.7,Spain,2024-10-06
T0002888,C01208,P0075,3,373.56,Italy,2024-01-05
T0002889,C00169,P0041,1,196.94,Italy,2024-01-08
T0002890,C01666,P0171,5,428.64,France,2024-04-01
T0002891,C01542,P0166,1,349.33,Canada,2024-12-03
T0002892,C01951,P0096,5,384.31,France,2024-04-19
T0002893,C00515,P0009,1,21.85,Germany,2024-03-26
T0002894,C01363,P0163,1,67.24,USA,2024-01-19
T0002895,C01774,P0077,1,66.46,UK,2024-06-12
T0002896,C00681,P0187,4,399.08,Italy,2024-06-06
T0002897,C01590,P0180,5,394.0,Italy,2024-05-22
T0002898,C00756,P0129,5,33.97,Spain,2024-02-25
T0002899,C00242,P0049,4,294.6,USA,2024-09-24
T0002900,C01030,P0048,2,321.98,Italy,2024-01-26
T0002901,C01475,P0105,5,155.97,Japan,2024-12-24
T0002902,C00198,P0101,5,421.27,USA,2024-02-26
T0002903,C00676,P0142,3,59.06,Germany,2024-01-06
T0002904,C01283,P0155,1,27.93,UK,2024-07-17
T0002905,C00856,P0163,3,61.03,Spain,2024-02-18
T0002906,C00361,P0136,1,146.96,USA,2024-12-06
T0002907,C01249,P0084,3,238.89,USA,2024-08-17
T0002908,C00581,P0141,5,191.28,France,2024-03-14
T0002909,C01149,P0097,3,236.6,Spain,2024-03-10
T0002910,C01500,P0054,4,254.7,Germany,2024-09-29
T0002911,C01181,P0045,3,60.84,Israel,2024-06-01
T0002912,C00085,P0131,5,123.8,Japan,2024-11-27
T0002913,C00365,P0070,3,19.31,Spain,2024-11-23
T0002914,C01642,P0154,1,48.9,Israel,2024-07-26
T0002915,C00369,P0134,1,193.4,Germany,2024-01-28
T0002916,C01693,P0048,4,302.98,Germany,2024-04-12
T0002917,C00902,P0016,5,363.87,UK,2024-10-03
T0002918,C01762,P0131,5,117.23,Spain,2024-06-26
T0002919,C01859,P0156,3,255.88,France,2024-10-23
T0002920,C01025,P0103,5,333.81,Canada,2024-09-30
T0002921,C01476,P0075,5,375.8,France,2024-09-21
T0002922,C00887,P0171,4,366.84,UK,2024-08-31
T0002923,C01493,P0059,4,330.32,France,2024-09-12
T0002924,C01249,P0134,3,229.83,UK,2024-10-26
T0002925,C01435,P0190,2,400.51,Canada,2024-02-15
T0002926,C00409,P0070,1,22.16,Japan,2024-12-07
T0002927,C01057,P0084,5,269.11,Spain,2024-08-26
T0002928,C00493,P0129,1,36.82,France,2024-07-11
T0002929,C01220,P0194,3,443.65,UK,2024-01-21
T0002930,C00451,P0131,5,108.31,Germany,2024-10-22
T0002931,C00227,P0144,5,N/A,USA,2024-05-17
T0002932,C01369,P0077,4,81.42,USA
T0002933,C01275,P0057,5,97.05,Canada,2024-09-10
T0002934,C00774,P0185,1,326.44,Germany,2024-05-07
T0002935,C00408,P0054,2,251.37,Germany,2024-05-27
T0002936,C01234,P0124,4,366.36,Germany,2024-12-26
T0002937,C00071,P0013,3,129.32,France,2024-06-30
T0002938,C01604,P0017,1,274.05,Spain,2024-10-17
T0002939,C01574,P0133,4,282.31,Italy,2024-02-24
T0002940,C00657,P0076,1,294.1,USA,2024-05-13
T0002941,C00697,P0013,3,115.35,Spain,2024-04-09
T0002942,C00129,P0096,1,325.5,Germany,2024-07-24
T0002943,C00332,P0084,1,228.79,France,2024-01-26
T0002944,C00479,P0013,3,117.13,Spain,2024-02-08
T0002945,C00441,P0129,2,35.67,Israel,2024-04-04
T0002946,C01206,P0129,3,34.95,France,2024-04-02
T0002947,C01771,P0103,2,360.41,USA,2024-06-14
T0002948,C00873,P0149,1,422.88,Brazil,2024-11-06
T0002949,C00525,P0041,4,175.8,France,2024-12-20
T0002950,C00903,P0140,4,243.48,Italy,2024-12-06
T0002951,C00597,P0187,2,372.6,Israel,2024-07-24
T0002952,C00245,P0045,3,62.21,Brazil,2024-05-01
T0002953,C00651,P0164,3,304.11,France,2024-02-18
T0002954,C01656,P0113,4,380.83,Japan,2024-03-03
T0002955,C01334,P0038,4,18.1,Spain,2024-08-08
T0002956,C01252,P0125,1,124.23,Japan,2024-10-24
T0002957,C00098,P0190,1,384.5,Spain,2024-07-25
T0002958,C01434,P0019,3,201.65,Brazil,2024-01-12
T0002959,C01761,P0086,4,62.53,USA,2024-06-21
T0002960,C01674,P0190,3,415.09,France,2024-05-25
T0002961,C01732,P0010,4,470.25,Italy,2024-10-21
T0002962,C01084,P0077,3,72.43,France,2024-10-04
T0002963,C00541,P0190,1,415.02,Spain,2024-11-17
T0002964,C00732,P0156,4,225.07,Germany,2024-06-25
T0002965,C01127,P0077,5,68.39,Israel,2024-04-05
T0002966,C00207,P0075,4,324.41,France,2024-03-22
T0002967,C01007,P0103,5,376.66,USA,2024-01-05
T0002968,C01929,P0049,4,297.3,Japan,2024-07-27
T0002969,C00108,P0062,2,162.25,USA,2024-11-22
T0002970,C00105,P0067,3,241.16,Spain,2024-02-11
T0002971,C01098,P0185,5,368.94,UK,2024-02-06
T0002972,C01291,P0141,1,217.24,Brazil,2024-06-09
T0002973,C01216,P0062,4,164.39,Spain,2024-01-24
T0002974,C01661,P0013,3,130.19,Spain,2024-06-03
T0002975,C01604,P0076,3,308.77,Germany,2024-03-15
T0002976,C00318,P0180,3,367.09,Canada,2024-01-10
T0002977,C00450,P0136,3,137.06,France,2024-01-19
T0002978,C01530,P0015,1,127.64,Canada,2024-10-21
T0002979,C01483,P0147,5,395.71,UK,2024-09-06
T0002980,C00801,P0057,1,104.06,Japan,2024-10-17
T0002981,C00628,P0078,2,439.65,Brazil,2024-07-20
T0002982,C00834,P0190,5,398.68,Spain,2024-08-18
T0002983,C01464,P0057,5,93.64,UK,2024-07-22
T0002984,C00060,P0101,3,418.04,USA,2024-06-01
T0002985,C00165,P0008,1,362.47,Italy,2024-11-15
T0002986,C01325,P0129,2,31.94,Germany,2024-06-26
T0002987,C00819,P0079,5,263.28,Brazil,2024-09-29
T0002988,C01938,P0185,1,370.46,Italy,2024-06-20
T0002989,C01183,P0062,4,180.1,France,2024-09-21
T0002990,C00544,P0100,5,124.3,Israel,2024-07-09
T0002991,C01752,P0103,4,406.84,Israel,2024-04-29
T0002992,C00985,P0057,5,110.68,USA,2024-05-27
T0002993,C01533,P0127,5,432.49,France,2024-09-25
T0002994,C00535,P0013,4,128.46,Japan,2024-08-18
T0002995,C01576,P0150,1,211.99,Italy,2024-03-12
T0002996,C01911,P0140,1,223.11,Israel,2024-02-15
T0002997,C01023,P0048,1,344.22,UK,2024-01-03
T0002998,C01625,P0125,5,121.45,Germany,2024-06-14
T0002999,C01699,P0048,5,300.55,Spain,2024-05-17
T0003000,C01006,P0019,4,191.3,Spain,2024-11-07
T0003001,C00897,P0017,5,238.97,USA,2024-09-22
T0003002,C01597,P0187,2,361.41,Italy,2024-10-23
T0003003,C00644,P0101,1,468.37,Italy,2024-04-27
T0003004,C01770,P0142,3,72.09,Brazil,2024-12-28
T0003005,C00937,P0150,2,222.97,Japan,2024-02-16
T0003006,C00857,P0162,3,423.44,France,2024-10-09
T0003007,C01166,P0036,1,178.13,Canada,2024-12-03
T0003008,C01402,P0161,1,219.61,Israel,2024-01-20
T0003009,C01376,P0161,1,234.76,UK,2024-05-21
T0003010,C00443,P0129,1,38.06,Spain,2024-04-28
T0003011,C00487,P0169,2,65.78,UK,2024-12-23
T0003012,C01485,P0046,2,316.47,Germany,2024-09-13
T0003013,C01779,P0091,5,68.41,Spain,2024-01-07
T0003014,C00603,P0182,1,298.4,Germany,2024-04-07
T0003015,C00499,P0117,5,193.31,Japan,2024-04-08
T0003016,C00142,P0129,1,38.16,France,2024-12-24
T0003017,C00523,P0193,2,186.92,Spain,2024-02-11
T0003018,C01520,P0101,1,417.2,Spain,2024-04-05
T0003019,C01074,P0176,1,168.95,Spain,2024-09-17
T0003020,C00322,P0117,5,195.65,Canada,2024-11-27
T0003021,C00346,P0075,1,336.25,Spain,2024-04-18
T0003022,C00704,P0046,2,315.72,Israel,2024-03-12
T0003023,C01164,P0084,2,274.25,Japan,2024-03-12
T0003024,C01665,P0171,5,413.1,Canada,2024-09-03
T0003025,C01911,P0094,3,260.88,Spain,2024-05-12
T0003026,C01869,P0136,2,142.87,UK,2024-03-19
T0003027,C01835,P0087,2,124.45,Brazil,2024-12-25
T0003028,C00626,P0042,5,119.7,Spain,2024-01-02
T0003029,C01276,P0002,5,423.86,USA,2024-11-02
T0003030,C01934,P0190,5,390.57,Israel,2024-07-27
T0003031,C00634,P0054,3,211.31,Canada,2024-07-23
T0003032,C00955,P0054,5,222.24,Spain,2024-10-03
T0003033,C01454,P0019,3,205.12,Canada,2024-03-18
T0003034,C01051,P0057,2,105.09,Canada,2024-10-03
T0003035,C00270,P0069,5,185.97,Canada,2024-05-12
T0003036,C00136,P0103,1,378.06,Japan,2024-04-27
T0003037,C00188,P0176,3,179.5,Germany,2024-07-12
T0003038,C00172,P0190,4,372.16,UK,2024-07-23
T0003039,C01410,P0103,2,395.46,Italy,2024-04-12
T0003040,C00059,P0154,1,55.2,Germany,2024-12-18
T0003041,C01244,P0046,5,383.38,USA,2024-11-13
T0003042,C00388,P0019,3,234.16,Canada,2024-01-10
T0003043,C01976,P0042,5,121.7,Japan,2024-09-08
T0003044,C01173,P0048,2,320.1,USA,2024-06-17
T0003045,C01187,P0113,1,382.52,USA,2024-09-11
T0003046,C01049,P0193,4,181.61,Brazil,2024-12-14
T0003047,C00845,P0001,1,244.89,USA,2024-07-18
T0003048,C00547,P0054,2,217.14,UK,2024-08-27
T0003049,C01220,P0159,4,205.36,Japan,2024-10-27
T0003050,C01350,P0075,3,324.72,USA,2024-05-27
T0003051,C00236,P0010,4,413.71,Japan,2024-04-12
T0003052,C01484,P0090,1,182.81,Canada,2024-11-23
T0003053,C01403,P0195,1,130.18,Italy,2024-12-23
T0003054,C01716,P0084,5,256.41,Japan,2024-12-06
T0003055,C01782,P0113,5,367.6,Japan,2024-08-24
T0003056,C00489,P0156,5,268.78,Canada,2024-06-02
T0003057,C00507,P0045,1,53.81,Japan,2024-11-09
T0003058,C01926,P0184,3,460.86,Canada,2024-08-02
T0003059,C00144,P0131,3,100.41,Japan,2024-06-28
T0003060,C00245,P0136,5,155.78,Spain,2024-10-19
T0003061,C01140,P0054,3,244.71,Japan,2024-02-24
T0003062,C00996,P0019,2,192.05,Israel,2024-11-04
T0003063,C01421,P0113,4,337.06,Brazil,2024-06-10
T0003064,C00887,P0051,3,240.79,Brazil,2024-12-16
T0003065,C01385,P0126,5,382.15,Italy,2024-12-31
T0003066,C01625,P0113,5,394.54,Brazil,2024-02-26
T0003067,C00750,P0194,2,451.41,Italy,2024-10-26
T0003068,C01404,P0066,5,282.97,USA,2024-06-10
T0003069,C01506,P0119,5,145.85,Spain,2024-03-22
T0003070,C00751,P0156,4,248.32,Canada,2024-01-28
T0003071,C01048,P0022,2,159.79,Brazil,2024-08-23
T0003072,C01833,P0175,1,216.34,USA,2024-01-14
T0003073,C00029,P0045,2,57.85,Germany,2024-04-20
T0003074,C00555,P0109,4,43.27,UK,2024-02-10
T0003075,C01382,P0190,4,343.79,France,2024-04-14
T0003076,C00769,P0069,4,177.26,USA,2024-06-25
T0003077,C01323,P0013,2,130.07,Japan,2024-04-14
T0003078,C01989,P0113,2,322.24,USA,2024-02-28
T0003079,C00671,P0054,1,247.62,UK,2024-12-24
T0003080,C01972,P0113,5,327.58,Italy,2024-08-27
T0003081,C01464,P0129,2,31.34,Italy,2024-06-14
T0003082,C00746,P0086,5,50.97,Israel,2024-12-21
T0003083,C00184,P0125,1,118.66,France,2024-08-26
T0003084,C00632,P0131,5,118.47,Japan,2024-03-20
T0003085,C00491,P0136,2,156.45,Germany,2024-01-21
T0003086,C00260,P0156,3,231.57,Italy,2024-05-05
T0003087,C01981,P0142,3,71.6,Brazil,2024-10-02
T0003088,C00379,P0062,1,152.75,Israel,2024-02-23
T0003089,C00863,P0075,3,325.1,France,2024-10-19
T0003090,C01625,P0004,3,183.48,Japan,2024-10-01
T0003091,C01869,P0113,3,322.33,Italy,2024-04-18
T0003092,C00632,P0075,1,319.33,Japan,2024-07-03
T0003093,C01970,P0034,4,143.17,USA,2024-01-12
T0003094,C00307,P0004,1,182.56,Germany,2024-11-08
T0003095,C00388,P0149,5,475.7,USA,2024-01-25
T0003096,C01737,P0065,4,261.25,Germany,2024-06-28
T0003097,C01212,P0004,4,180.04,France,2024-08-23
T0003098,C00271,P0076,1,291.38,Japan,2024-05-27
T0003099,C00397,P0140,4,228.5,Israel,2024-08-21
T0003100,C00606,P0134,4,225.0,UK,2024-10-09
T0003101,C00066,P0187,5,341.75,Germany,2024-12-26
T0003102,C01338,P0177,2,136.31,Japan,2024-01-08
T0003103,C01272,P0066,2,317.78,Japan,2024-07-01
T0003104,C01549,P0062,1,150.29,Brazil,2024-06-14
T0003105,C01708,P0190,4,373.1,Brazil,2024-11-01
T0003106,C00808,P0187,2,407.37,Germany,2024-09-16
T0003107,C00952,P0134,3,206.11,UK,2024-06-27
T0003108,C01258,P0077,1,78.49,Italy,2024-03-19
T0003109,C01459,P0096,1,392.59,Brazil,2024-05-20
T0003110,C01542,P0008,4,363.79,Israel,2024-10-07
T0003111,C00593,P0046,2,358.07,Germany,2024-02-03
T0003112,C01831,P0194,1,390.19,Israel,2024-12-31
T0003113,C00576,P0017,3,251.03,Brazil,2024-04-25
T0003114,C00385,P0156,4,259.66,France,2024-06-19
T0003115,C01824,P0156,4,240.93,Israel,2024-01-25
T0003116,C00478,P0194,2,410.04,Spain,2024-04-21
T0003117,C00897,P0054,3,218.95,Brazil,2024-12-26
T0003118,C00791,P0148,3,269.29,Canada,2024-12-11
T0003119,C01115,P0062,1,155.36,USA,2024-07-12
T0003120,C01006,P0164,2,300.57,France,2024-04-26
T0003121,C01725,P0192,1,235.56,USA,2024-06-24
T0003122,C01151,P0075,3,338.9,Israel,2024-11-01
T0003123,C01579,P0079,5,252.27,USA,2024-11-24
T0003124,C01060,P0054,5,219.89,Italy,2024-05-01
T0003125,C00651,P0129,1,33.94,Spain,2024-10-24
T0003126,C00180,P0024,3,388.01,Spain,2024-10-12
T0003127,C00439,P0094,3,244.12,Spain,2024-04-01
T0003128,C00923,P0194,4,435.51,Brazil,2024-09-11
T0003129,C00430,P0094,2,288.85,Canada,2024-10-29
T0003130,C01142,P0136,2,148.84,Brazil,2024-11-02
T0003131,C00499,P0049,2,310.41,Japan,2024-10-23
T0003132,C01111,P0140,1,256.68,Brazil,2024-05-09
T0003133,C00724,P0102,3,109.84,France,2024-01-25
T0003134,C00484,P0045,2,60.74,Japan,2024-09-14
T0003135,C00617,P0059,4,349.58,USA,2024-04-03
T0003136,C00493,P0057,3,94.19,UK,2024-02-18
T0003137,C00736,P0134,1,220.6,Japan,2024-07-24
T0003138,C01764,P0157,3,61.7,Japan,2024-10-22
T0003139,C01960,P0164,5,281.94,Canada,2024-05-27
T0003140,C00854,P0140,5,208.4,Brazil,2024-10-24
T0003141,C01204,P0129,2,38.8,Israel,2024-11-26
T0003142,C00868,P0062,5,153.31,UK,2024-06-20
T0003143,C01146,P0171,1,441.24,Spain,2024-07-12
T0003144,C01429,P0129,1,37.17,Brazil,2024-09-26
T0003145,C01539,P0180,3,342.15,USA,2024-10-11
T0003146,C01446,P0185,5,365.44,Italy,2024-01-28
T0003147,C00682,P0060,5,397.61,Japan,2024-06-24
T0003148,C01046,P0076,4,291.93,France,2024-07-27
T0003149,C01878,P0078,1,421.26,Spain,2024-09-10
T0003150,C00550,P0060,1,360.89,UK,2024-10-20
T0003151,C01574,P0184,3,481.73,USA,2024-09-09
T0003152,C00874,P0054,1,221.88,Italy,2024-09-29
T0003153,C00397,P0101,4,458.77,Israel,2024-06-08
T0003154,C01727,P0035,2,21.76,USA,2024-08-20
T0003155,C00178,P0188,5,403.1,Italy,2024-02-05
T0003156,C01199,P0131,2,117.03,Germany,2024-11-22
T0003157,C01977,P0119,4,132.27,USA,2024-10-22
T0003158,C01966,P0054,4,255.65,Canada,2024-01-03
T0003159,C01870,P0119,4,139.04,Spain,2024-05-27
T0003160,C00420,P0074,4,119.13,Israel,2024-05-17
T0003161,C01448,P0045,1,59.28,Japan,2024-09-24
T0003162,C01606,P0164,3,280.01,France,2024-03-31
T0003163,C01144,P0176,3,158.73,Spain,2024-01-21
T0003164,C01421,P0190,2,383.88,Japan,2024-05-30
T0003165,C00881,P0177,5,149.75,Brazil,2024-04-14
T0003166,C01126,P0096,1,335.82,Germany,2024-04-19
T0003167,C00981,P0100,1,114.01,Canada,2024-06-29
T0003168,C00786,P0046,2,388.21,Brazil,2024-03-19
T0003169,C01505,P0101,4,483.83,Germany,2024-07-27
T0003170,C00086,P0125,5,134.62,UK,2024-04-06
T0003171,C01276,P0194,1,417.13,Israel,2024-01-23
T0003172,C00526,P0180,5,333.96,Italy,2024-09-28
T0003173,C00085,P0130,3,217.59,France,2024-06-20
T0003174,C01593,P0113,1,359.74,France,2024-04-07
T0003175,C00052,P0090,1,171.15,UK,2024-07-23
T0003176,C00775,P0099,3,172.26,UK,2024-02-27
T0003177,C00153,P0075,3,342.99,Italy,2024-09-08
T0003178,C00255,P0185,3,337.41,Italy,2024-12-05
T0003179,C01455,P0196,1,99.89,Brazil,2024-03-07
T0003180,C01785,P0025,5,316.87,Spain,2024-05-26
T0003181,C01217,P0180,1,340.71,Spain,2024-03-16
T0003182,C01065,P0009,1,19.79,Germany,2024-04-09
T0003183,C00168,P0173,4,121.91,USA,2024-06-03
T0003184,C01270,P0134,2,186.93,France,2024-11-08
T0003185,C00310,P0177,1,143.05,USA,2024-07-30
T0003186,C01090,P0096,4,322.54,USA,2024-01-14
T0003187,C00249,P0045,2,59.89,Israel,2024-01-17
T0003188,C01315,P0129,1,31.53,Italy,2024-01-20
T0003189,C01779,P0134,1,200.62,Japan,2024-02-26
T0003190,C01210,P0115,1,385.47,Spain,2024-01-30
T0003191,C00000,P0180,3,396.13,Brazil,2024-01-24
T0003192,C01340,P0136,5,147.8,Japan,2024-10-08
T0003193,C00849,P0078,2,363.37,France,2024-06-29
T0003194,C00038,P0048,4,302.81,Germany,2024-12-28
T0003195,C00788,P0070,3,21.64,USA,2024-05-18
T0003196,C01193,P0145,2,298.23,Brazil,2024-04-08
T0003197,C00544,P0180,5,411.07,France,2024-11-29
T0003198,C01303,P0136,4,139.34,France,2024-02-17
T0003199,C00962,P0193,5,189.11,Canada,2024-10-08
T0003200,C01701,P0103,3,384.91,USA,2024-07-19
T0003201,C00055,P0084,2,254.87,Japan,2024-05-13
T0003202,C00952,P0087,5,128.17,Canada,2024-03-29
T0003203,C00493,P0142,2,60.06,Japan,2024-04-25
T0003204,C00555,P0165,1,409.45,Japan,2024-06-04
T0003205,C00190,P0015,3,139.71,Spain,2024-08-08
T0003206,C00651,P0190,5,400.03,France,2024-12-23
T0003207,C01813,P0103,3,354.39,France,2024-07-07
T0003208,C00003,P0099,5,171.9,Germany,2024-06-13
T0003209,C00378,P0140,3,243.19,Israel,2024-12-31
T0003210,C00020,P0136,1,157.46,Brazil,2024-01-26
T0003211,C00391,P0084,2,233.03,UK,2024-11-05
T0003212,C00509,P0001,5,260.29,Canada,2024-03-11
T0003213,C00714,P0057,5,103.03,Italy,2024-12-09
T0003214,C01543,P0075,3,325.1,Canada,2024-06-26
T0003215,C01639,P0071,4,90.13,Brazil,2024-11-15
T0003216,C01100,P0075,1,375.06,UK,2024-01-30
T0003217,C00320,P0099,2,192.56,Germany,2024-02-23
T0003218,C01727,P0101,4,432.61,Italy,2024-04-08
T0003219,C01274,P0077,5,66.04,USA,2024-10-31
T0003220,C00038,P0017,5,263.79,Germany,2024-11-19
T0003221,C00513,P0062,5,178.12,Italy,2024-12-16
T0003222,C00496,P0100,4,129.27,Spain,2024-03-19
T0003223,C00150,P0140,5,235.4,Brazil,2024-06-23
T0003224,C00459,P0134,3,211.14,Brazil,2024-03-13
T0003225,C01729,P0057,2,108.23,Israel,2024-01-19
T0003226,C01999,P0156,3,257.68,UK,2024-11-14
T0003227,C00062,P0152,5,337.27,Spain,2024-06-19
T0003228,C00275,P0198,4,369.03,UK,2024-08-20
T0003229,C01897,P0031,1,412.03,Israel,2024-01-12
T0003230,C01088,P0054,2,255.66,Israel,2024-07-19
T0003231,C00633,P0059,5,342.35,Brazil,2024-05-20
T0003232,C00508,P0028,5,433.97,France,2024-05-22
T0003233,C00907,P0067,5,239.01,Japan,2024-12-03
T0003234,C01951,P0053,5,257.32,Spain,2024-04-08
T0003235,C01155,P0129,2,37.39,Italy,2024-07-08
T0003236,C00052,P0060,2,380.91,Israel,2024-09-02
T0003237,C01448,P0194,5,380.13,France,2024-12-18
T0003238,C01746,P0166,2,314.69,Spain,2024-12-25
T0003239,C00678,P0103,1,337.03,USA,2024-04-02
T0003240,C00323,P0064,4,135.1,Canada,2024-08-06
T0003241,C00095,P0113,5,362.2,Spain,2024-10-03
T0003242,C00702,P0190,3,383.62,USA,2024-09-25
T0003243,C00842,P0101,2,416.68,USA,2024-11-18
T0003244,C00139,P0134,4,205.86,Japan,2024-08-18
T0003245,C00281,P0194,1,434.34,Germany,2024-03-03
T0003246,C00040,P0190,4,400.73,Italy,2024-05-10
T0003247,C01675,P0172,4,116.05,Spain,2024-03-15
T0003248,C01955,P0113,5,387.94,Italy,2024-12-13
T0003249,C01251,P0054,2,222.83,Israel,2024-05-06
T0003250,C00127,P0194,4,365.61,Israel,2024-10-29
T0003251,C01019,P0019,1,234.74,USA,2024-08-29
T0003252,C00146,P0113,3,386.12,Spain,2024-11-05
T0003253,C01788,P0005,5,106.07,Israel,2024-08-09
T0003254,C01095,P0101,4,456.67,Israel,2024-01-04
T0003255,C00584,P0145,1,296.57,Germany,2024-12-06
T0003256,C01881,P0096,1,333.01,Italy,2024-09-16
T0003257,C00704,P0190,1,401.5,Germany,2024-07-13
T0003258,C00665,P0038,4,20.92,Germany,2024-09-22
T0003259,C00479,P0134,3,211.36,Spain,2024-01-27
T0003260,C01572,P0076,4,264.81,France,2024-06-27
T0003261,C00261,P0075,3,352.57,UK,2024-05-21
T0003262,C01944,P0163,4,68.71,Brazil,2024-03-12
T0003263,C01522,P0117,4,163.65,UK,2024-10-01
T0003264,C00609,P0054,2,234.76,Japan,2024-02-01
T0003265,C01940,P0057,2,105.39,France,2024-12-10
T0003266,C00229,P0059,5,326.2,Japan,2024-12-17
T0003267,C00853,P0180,1,373.9,Germany,2024-10-21
T0003268,C01488,P0046,3,326.32,Germany,2024-08-20
T0003269,C01642,P0048,4,337.9,Germany,2024-03-28
T0003270,C00663,P0101,4,483.86,Spain,2024-10-02
T0003271,C00639,P0129,5,31.6,Japan,2024-06-01
T0003272,C00093,P0044,1,317.07,Brazil,2024-05-21
T0003273,C01999,P0070,4,19.07,UK,2024-05-09
T0003274,C01157,P0185,4,343.32,France,2024-03-30
T0003275,C01328,P0163,4,62.08,France,2024-03-12
T0003276,C01148,P0028,3,476.77,Israel,2024-03-20
T0003277,C00439,P0129,3,33.93,Japan,2024-05-18
T0003278,C01605,P0180,2,330.51,USA,2024-09-21
T0003279,C00910,P0185,1,365.19,France,2024-08-31
T0003280,C00900,P0197,2,216.1,Brazil,2024-11-03
T0003281,C00200,P0081,3,109.66,UK,2024-01-25
T0003282,C01674,P0164,2,279.63,USA,2024-09-30
T0003283,C01189,P0144,2,133.3,Israel,2024-08-25
T0003284,C01102,P0088,5,85.04,Canada,2024-01-10
T0003285,C01979,P0134,4,188.62,UK,2024-12-28
T0003286,C01160,P0054,4,242.77,Spain,2024-04-26
T0003287,C01214,P0071,3,83.88,France,2024-06-10
T0003288,C00686,P0117,4,166.09,Italy,2024-06-22
T0003289,C00087,P0119,2,121.6,Italy,2024-02-14
T0003290,C01818,P0129,2,38.79,Canada,2024-02-28
T0003291,C00719,P0054,5,215.75,Israel,2024-09-10
T0003292,C01570,P0194,4,415.59,Japan,2024-10-11
T0003293,C00474,P0117,4,177.48,USA,2024-03-27
T0003294,C00744,P0017,4,257.48,UK,2024-01-01
T0003295,C00420,P0075,5,326.52,Israel,2024-08-06
T0003296,C01259,P0180,4,330.53,Spain,2024-05-01
T0003297,C00618,P0065,2,280.73,USA,2024-11-11
T0003298,C00418,P0077,3,71.19,Brazil,2024-03-11
T0003299,C01629,P0075,4,317.11,UK,2024-01-11
T0003300,C01353,P0198,3,313.71,Canada,2024-03-15
T0003301,C01708,P0116,4,76.24,France,2024-08-22
T0003302,C01730,P0180,1,338.36,Japan,2024-05-22
T0003303,C01544,P0099,3,168.16,Brazil,2024-03-23
T0003304,C00507,P0075,4,366.1,Brazil,2024-05-25
T0003305,C00211,P0190,4,366.88,Japan,2024-06-03
T0003306,C00336,P0180,1,366.9,UK,2024-05-11
T0003307,C01968,P0194,2,384.89,Spain,2024-12-25
T0003308,C00310,P0076,1,304.74,France,2024-10-11
T0003309,C00299,P0030,2,136.6,Spain,2024-12-15
T0003310,C00262,P0075,1,349.55,Israel,2024-02-28
T0003311,C00919,P0091,1,58.36,Japan,2024-03-23
T0003312,C01365,P0196,5,95.5,France,2024-10-18
T0003313,C00982,P0062,5,175.59,Israel,2024-09-15
T0003314,C00023,P0013,4,128.45,Italy,2024-08-26
T0003315,C01440,P0000,4,207.5,Italy,2024-02-15
T0003316,C00593,P0177,4,122.75,USA,2024-11-15
T0003317,C01223,P0193,3,194.49,USA,2024-12-14
T0003318,C00362,P0071,5,74.71,UK,2024-03-03
T0003319,C00384,P0084,4,272.41,Germany,2024-11-28
T0003320,C00834,P0084,2,267.74,USA,2024-11-30
T0003321,C01709,P0000,1,208.83,Brazil,2024-10-06
T0003322,C00125,P0175,1,252.61,Brazil,2024-04-06
T0003323,C00278,P0090,1,176.53,Italy,2024-10-16
T0003324,C01543,P0017,4,264.29,Canada,2024-06-15
T0003325,C01747,P0071,2,82.0,France,2024-11-30
T0003326,C00103,P0136,5,160.01,Germany,2024-06-12
T0003327,C00312,P0046,5,340.43,Spain,2024-07-25
T0003328,C00081,P0022,4,147.8,France,2024-09-14
T0003329,C01654,P0048,5,317.96,UK,2024-08-18
T0003330,C00046,P0183,4,103.96,France,2024-11-18
T0003331,C01425,P0185,4,369.56,Brazil,2024-05-12
T0003332,C00342,P0019,3,192.56,Germany,2024-06-27
T0003333,C00262,P0166,2,308.51,Italy,2024-10-19
T0003334,C01274,P0180,1,371.78,Canada,2024-05-13
T0003335,C01625,P0136,4,159.23,Brazil,2024-02-21
T0003336,C01091,P0083,4,282.31,Germany,2024-10-30
T0003337,C01153,P0101,3,464.33,Israel,2024-03-21
T0003338,C01400,P0017,5,262.54,Japan,2024-03-06
T0003339,C01811,P0057,4,97.89,France,2024-04-01
T0003340,C01187,P0140,1,243.13,Brazil,2024-12-09
T0003341,C01821,P0070,3,20.2,Italy,2024-12-02
T0003342,C00898,P0032,4,404.44,Canada,2024-02-24
T0003343,C00349,P0134,1,229.2,Germany,2024-07-03
T0003344,C00415,P0076,1,251.79,France,2024-04-11
T0003345,C00837,P0028,2,460.65,Spain,2024-10-26
T0003346,C00830,P0090,1,188.17,Germany,2024-06-23
T0003347,C00996,P0180,5,387.94,Israel,2024-04-07
T0003348,C00885,P0079,3,245.76,Japan,2024-11-24
T0003349,C01222,P0125,2,125.89,Germany,2024-11-24
T0003350,C01270,P0103,5,393.52,Italy,2024-06-12
T0003351,C01989,P0129,4,34.39,UK,2024-10-28
T0003352,C00669,P0183,4,96.89,Canada,2024-01-20
T0003353,C01690,P0077,2,81.53,Spain,2024-08-25
T0003354,C00696,P0094,5,281.35,Canada,2024-10-11
T0003355,C01596,P0175,5,221.89,France,2024-05-26
T0003356,C01081,P0047,5,279.85,Israel,2024-06-15
T0003357,C01237,P0190,4,335.05,Israel,2024-08-30
T0003358,C01086,P0086,5,59.66,UK,2024-08-21
T0003359,C01463,P0002,3,414.22,UK,2024-08-30
T0003360,C00109,P0096,4,324.0,USA,2024-12-21
T0003361,C01599,P0070,3,21.05,UK,2024-07-17
T0003362,C00736,P0096,4,332.12,Canada,2024-10-12
T0003363,C01434,P0000,3,192.83,Brazil,2024-12-12
T0003364,C00206,P0024,5,471.07,Brazil,2024-02-12
T0003365,C00721,P0046,1,368.51,Japan,2024-05-03
T0003366,C01111,P0025,5,323.59,Germany,2024-12-12
T0003367,C00441,P0193,4,185.26,UK,2024-01-08
T0003368,C01695,P0028,2,423.79,Germany,2024-11-19
T0003369,C01235,P0179,5,227.95,Brazil,2024-12-24
T0003370,C00468,P0027,3,226.47,USA,2024-06-02
T0003371,C01058,P0160,2,279.7,USA,2024-10-21
T0003372,C01945,P0155,2,30.17,Canada,2024-05-31
T0003373,C01702,P0013,5,132.51,Italy,2024-10-06
T0003374,C01634,P0096,2,355.08,Spain,2024-11-12
T0003375,C01241,P0121,4,300.31,Canada,2024-08-26
T0003376,C00122,P0099,2,200.37,Italy,2024-09-04
T0003377,C00590,P0159,3,221.37,USA,2024-10-10
T0003378,C00681,P0019,1,197.47,Spain,2024-06-21
T0003379,C01048,P0013,2,118.61,Canada,2024-11-17
T0003380,C01665,P0045,3,57.44,USA,2024-04-19
T0003381,C00658,P0013,1,131.15,Israel,2024-10-04
T0003382,C01812,P0152,1,340.12,UK,2024-03-09
T0003383,C00247,P0054,3,217.39,Japan,2024-11-18
T0003384,C00632,P0136,3,152.62,Spain,2024-10-05
T0003385,C00087,P0070,3,21.05,Germany,2024-08-31
T0003386,C00628,P0019,2,224.66,Israel,2024-02-07
T0003387,C00696,P0187,3,407.57,Brazil,2024-07-10
T0003388,C01170,P0048,5,295.48,Israel,2024-08-05
T0003389,C01530,P0185,3,379.76,Italy,2024-01-11
T0003390,C01493,P0184,2,413.31,Japan,2024-05-09
T0003391,C00823,P0048,5,293.96,Spain,2024-04-01
T0003392,C00726,P0088,5,91.73,Japan,2024-11-19
T0003393,C01869,P0075,1,364.62,Germany,2024-01-17
T0003394,C01520,P0077,4,69.7,Germany,2024-08-07
T0003395,C01216,P0134,4,195.27,Canada,2024-04-06
T0003396,C00539,P0197,5,218.64,Italy,2024-12-07
T0003397,C00772,P0175,4,223.74,Spain,2024-08-09
T0003398,C00835,P0102,5,128.55,Canada,2024-03-22
T0003399,C00945,P0005,4,110.13,Japan,2024-11-09
T0003400,C01862,P0061,1,396.83,France,2024-02-03
T0003401,C01969,P0040,5,394.86,Israel,2024-09-05
T0003402,C01933,P0043,1,12.66,Germany,2024-12-12
T0003403,C01458,P0174,4,359.72,Brazil,2024-08-09
T0003404,C01250,P0096,1,334.76,Germany,2024-06-05
T0003405,C01997,P0099,5,165.33,France,2024-08-28
T0003406,C01790,P0147,5,409.45,Israel,2024-02-09
T0003407,C00339,P0096,1,390.26,Israel,2024-09-01
T0003408,C00671,P0118,3,452.27,Germany,2024-04-29
T0003409,C00712,P0103,1,342.3,Japan,2024-08-07
T0003410,C00589,P0054,2,242.32,UK,2024-11-27
T0003411,C00277,P0101,3,460.1,Italy,2024-07-26
T0003412,C01805,P0062,3,157.44,Japan,2024-08-12
T0003413,C00722,P0129,2,36.9,Brazil,2024-05-09
T0003414,C01547,P0113,5,341.68,Brazil,2024-10-13
T0003415,C01532,P0180,1,370.82,Italy,2024-03-15
T0003416,C01369,P0140,1,223.07,Italy,2024-02-24
T0003417,C00907,P0057,1,93.66,UK,2024-04-28
T0003418,C01752,P0077,5,67.59,Israel,2024-05-18
T0003419,C00595,P0129,4,37.96,UK,2024-06-13
T0003420,C01800,P0019,1,235.14,Germany,2024-06-21
T0003421,C01769,P0175,3,212.42,Italy,2024-03-12
T0003422,C00435,P0190,1,375.12,France,2024-03-24
T0003423,C01440,P0134,5,199.1,Brazil,2024-02-23
T0003424,C01796,P0156,2,225.95,USA,2024-10-30
T0003425,C00297,P0026,4,331.57,UK,2024-12-18
T0003426,C01223,P0185,2,357.58,Canada,2024-08-03
T0003427,C00555,P0003,4,330.46,USA,2024-09-18
T0003428,C01476,P0136,1,160.92,France,2024-03-28
T0003429,C01832,P0171,3,408.65,Canada,2024-08-31
T0003430,C00979,P0065,2,268.31,USA,2024-01-04
T0003431,C00889,P0128,1,353.9,Spain,2024-12-31
T0003432,C01184,P0125,4,129.19,France,2024-09-29
T0003433,C00337,P0185,1,335.57,USA,2024-06-02
T0003434,C00106,P0180,2,392.5,UK,2024-05-17
T0003435,C01838,P0065,5,247.98,Israel,2024-12-25
T0003436,C01028,P0178,2,313.52,Spain,2024-09-07
T0003437,C01034,P0048,2,330.64,UK,2024-02-29
T0003438,C01549,P0164,3,290.32,Italy,2024-10-11
T0003439,C00435,P0059,4,373.06,Brazil,2024-01-25
T0003440,C00884,P0177,3,137.95,Israel,2024-01-04
T0003441,C01355,P0057,3,114.39,Italy,2024-12-06
T0003442,C00581,P0018,5,324.75,Brazil,2024-07-05
T0003443,C00675,P0088,3,91.82,USA,2024-10-21
T0003444,C00129,P0180,3,335.98,Brazil,2024-07-27
T0003445,C00335,P0197,5,242.43,Brazil,2024-03-21
T0003446,C01283,P0048,1,297.34,France,2024-06-05
T0003447,C00301,P0127,2,476.08,Germany,2024-12-27
T0003448,C01578,P0103,2,376.83,Spain,2024-08-09
T0003449,C01150,P0119,5,132.05,Japan,2024-10-27
T0003450,C01964,P0081,1,105.47,Japan,2024-09-14
T0003451,C01877,P0103,5,385.46,Canada,2024-08-26
T0003452,C00229,P0172,4,115.19,UK,2024-05-15
T0003453,C00858,P0194,1,440.11,Japan,2024-10-05
T0003454,C00321,P0125,4,135.6,Japan,2024-07-21
T0003455,C01276,P0156,2,259.9,Canada,2024-02-18
T0003456,C01215,P0084,4,233.44,Canada,2024-10-14
T0003457,C00138,P0114,4,401.87,Canada,2024-11-05
T0003458,C01901,P0035,1,21.23,Israel,2024-08-23
T0003459,C01026,P0028,1,451.34,Japan,2024-10-07
T0003460,C00545,P0136,4,148.18,USA,2024-01-30
T0003461,C01475,P0129,5,34.35,Brazil,2024-10-05
T0003462,C00658,P0015,2,134.31,Germany,2024-11-13
T0003463,C00969,P0171,5,402.61,Spain,2024-01-02
T0003464,C01365,P0084,2,274.95,Israel,2024-09-03
T0003465,C00893,P0046,4,355.33,Brazil,2024-05-18
T0003466,C01108,P0136,1,147.36,USA,2024-04-15
T0003467,C01069,P0075,5,389.45,Japan,2024-03-06
T0003468,C00745,P0115,2,331.13,Brazil,2024-06-09
T0003469,C00054,P0163,2,66.04,Japan,2024-10-28
T0003470,C00695,P0134,3,201.08,Israel,2024-07-08
T0003471,C01200,P0154,4,48.03,Italy,2024-07-29
T0003472,C00578,P0190,2,416.72,Italy,2024-04-09
T0003473,C00959,P0011,2,386.88,France,2024-03-11
T0003474,C01798,P0177,2,123.15,Canada,2024-12-26
T0003475,C01498,P0158,5,239.29,Italy,2024-04-17
T0003476,C00901,P0009,4,22.81,Germany,2024-06-26
T0003477,C01728,P0102,4,116.19,Israel,2024-06-14
T0003478,C00486,P0014,2,256.03,Brazil,2024-05-15
T0003479,C00385,P0113,3,379.2,Spain,2024-09-19
T0003480,C01825,P0054,1,209.84,Canada,2024-05-11
T0003481,C01353,P0190,4,386.34,France,2024-03-15
T0003482,C01498,P0187,2,417.62,Italy,2024-09-26
T0003483,C00998,P0028,2,403.34,Brazil,2024-01-10
T0003484,C01200,P0086,5,52.39,Germany,2024-12-29
T0003485,C01494,P0156,4,250.84,Canada,2024-09-22
T0003486,C01286,P0156,1,225.41,Canada,2024-02-18
T0003487,C01138,P0129,4,38.0,Brazil,2024-08-28
T0003488,C01183,P0083,5,265.73,Canada,2024-08-02
T0003489,C00952,P0025,2,284.18,Italy,2024-12-16
T0003490,C01609,P0076,4,290.72,USA,2024-07-21
T0003491,C01791,P0184,2,400.3,France,2024-05-16
T0003492,C01274,P0125,3,138.46,France,2024-02-05
T0003493,C01856,P0008,3,387.7,USA,2024-03-25
T0003494,C00726,P0062,4,178.94,Spain,2024-10-06
T0003495,C00585,P0156,3,240.25,France,2024-01-27
T0003496,C00029,P0019,5,206.81,UK,2024-08-19
T0003497,C00317,P0159,4,203.57,Germany,2024-11-03
T0003498,C01027,P0179,5,234.44,Italy,2024-10-20
T0003499,C01894,P0073,4,173.16,Germany,2024-12-26
T0003500,C01240,P0097,4,229.21,France,2024-06-17
T0003501,C01991,P0070,4,20.03,Spain,2024-11-09
T0003502,C01861,P0013,4,132.43,Spain,2024-08-20
T0003503,C01571,P0019,3,226.69,Canada,2024-04-10
T0003504,C01586,P0045,3,55.39,Germany,2024-07-13
T0003505,C00477,P0042,1,115.52,UK,2024-02-24
T0003506,C01531,P0184,4,480.84,Canada,2024-11-06
T0003507,C00546,P0136,1,155.13,Brazil,2024-03-11
T0003508,C01617,P0194,5,398.51,USA,2024-03-08
T0003509,C00173,P0128,4,401.89,UK,2024-12-19
T0003510,C00361,P0167,3,304.71,Italy,2024-12-02
T0003511,C00914,P0187,4,397.33,Israel,2024-10-26
T0003512,C01512,P0021,1,161.02,Israel,2024-07-29
T0003513,C00899,P0134,4,221.11,Spain,2024-05-16
T0003514,C01384,P0084,5,241.67,Italy,2024-04-09
T0003515,C01230,P0023,5,463.78,France,2024-10-26
T0003516,C00369,P0136,2,134.46,France,2024-01-13
T0003517,C01972,P0136,4,134.33,Japan,2024-08-25
T0003518,C01451,P0019,2,210.0,Italy,2024-06-30
T0003519,C01945,P0118,4,465.28,Canada,2024-06-03
T0003520,C01260,P0117,1,180.65,USA,2024-02-12
T0003521,C01899,P0046,2,332.34,USA,2024-06-30
T0003522,C01508,P0065,2,287.2,Japan,2024-07-22
T0003523,C00280,P0101,2,404.58,Spain,2024-06-13
T0003524,C00248,P0103,1,339.3,Germany,2024-07-08
T0003525,C00404,P0180,4,374.0,Spain,2024-03-13
T0003526,C01063,P0179,3,233.81,France,2024-10-01
T0003527,C01808,P0077,3,65.89,Israel,2024-10-01
T0003528,C00032,P0008,5,351.19,Canada,2024-04-13
T0003529,C01959,P0190,2,380.73,UK,2024-02-29
T0003530,C01534,P0194,1,381.98,USA,2024-06-10
T0003531,C00018,P0103,1,337.6,Spain,2024-04-11
T0003532,C01273,P0131,5,112.46,Japan,2024-01-21
T0003533,C01640,P0136,5,143.5,UK,2024-03-28
T0003534,C00783,P0125,2,125.81,Brazil,2024-07-17
T0003535,C00565,P0122,1,236.88,Spain,2024-11-04
T0003536,C01563,P0103,2,409.06,France,2024-05-24
T0003537,C00125,P0103,4,391.36,UK,2024-01-26
T0003538,C00026,P0035,4,21.81,Israel,2024-06-25
T0003539,C00259,P0136,3,149.32,Japan,2024-12-31
T0003540,C01069,P0104,5,45.89,France,2024-07-27
T0003541,C00191,P0156,5,268.31,Japan,2024-07-04
T0003542,C01143,P0192,4,233.41,UK,2024-12-26
T0003543,C00694,P0086,3,51.21,Italy,2024-08-16
T0003544,C01733,P0046,1,354.21,UK,2024-10-17
T0003545,C01556,P0119,4,129.5,France,2024-03-04
T0003546,C00462,P0057,3,113.71,USA,2024-05-30
T0003547,C01653,P0117,3,171.43,UK,2024-04-09
T0003548,C01440,P0156,3,274.06,Italy,2024-11-06
T0003549,C01549,P0185,4,387.63,Canada,2024-11-27
T0003550,C00583,P0162,3,368.07,Brazil,2024-12-15
T0003551,C00106,P0045,1,61.39,Japan,2024-06-10
T0003552,C00622,P0103,3,382.08,Canada,2024-05-12
T0003553,C01020,P0013,3,129.11,USA,2024-01-23
T0003554,C01557,P0136,2,162.38,USA,2024-02-15
T0003555,C01830,P0180,2,332.66,Canada,2024-06-02
T0003556,C00993,P0103,1,357.22,Japan,2024-02-15
T0003557,C00601,P0177,1,143.88,UK,2024-03-06
T0003558,C01358,P0188,4,383.93,Japan,2024-12-05
T0003559,C00231,P0186,3,369.89,Germany,2024-11-28
T0003560,C00086,P0129,5,38.47,Italy,2024-10-07
T0003561,C00645,P0117,3,193.2,USA,2024-09-06
T0003562,C01134,P0163,5,65.34,Brazil,2024-07-25
T0003563,C00969,P0004,1,158.34,Israel,2024-03-11
T0003564,C01972,P0165,5,447.36,USA,2024-03-27
T0003565,C01566,P0095,5,213.0,Spain,2024-05-16
T0003566,C00956,P0010,5,420.74,Japan,2024-08-13
T0003567,C01996,P0094,3,290.23,Canada,2024-11-14
T0003568,C00244,P0163,4,68.63,Brazil,2024-03-23
T0003569,C00965,P0075,5,367.37,Canada,2024-07-12
T0003570,C01404,P0057,4,93.89,UK,2024-02-05
T0003571,C00484,P0013,5,135.49,Spain,2024-01-19
T0003572,C01825,P0054,3,257.17,USA,2024-12-16
T0003573,C01869,P0140,2,218.47,Japan,2024-05-01
T0003574,C01557,P0125,3,129.16,UK,2024-11-07
T0003575,C00662,P0025,2,283.28,USA,2024-02-04
T0003576,C01330,P0184,3,485.28,USA,2024-01-08
T0003577,C00533,P0114,5,395.15,Japan,2024-03-13
T0003578,C00213,P0084,2,226.76,Germany,2024-08-03
T0003579,C01138,P0119,1,132.76,Canada,2024-07-26
T0003580,C01669,P0156,1,227.16,Germany,2024-05-15
T0003581,C00951,P0042,1,120.35,Germany,2024-01-20
T0003582,C00163,P0129,5,34.56,USA,2024-05-26
T0003583,C01565,P0013,3,134.69,UK,2024-09-22
T0003584,C00829,P0180,4,349.2,UK,2024-09-24
T0003585,C00114,P0103,3,346.11,Brazil,2024-01-27
T0003586,C01477,P0180,5,382.28,Japan,2024-10-02
T0003587,C01329,P0099,2,182.71,Israel,2024-11-12
T0003588,C01150,P0057,2,112.09,Italy,2024-05-31
T0003589,C01094,P0159,4,197.12,Japan,2024-07-29
T0003590,C00723,P0125,3,125.05,USA,2024-08-17
T0003591,C01575,P0075,3,354.82,Japan,2024-02-08
T0003592,C01095,P0162,2,374.57,Japan,2024-06-10
T0003593,C01710,P0025,4,296.01,USA,2024-01-14
T0003594,C01146,P0154,1,49.64,France,2024-08-04
T0003595,C01587,P0128,4,398.78,USA,2024-08-23
T0003596,C00481,P0152,2,389.05,USA,2024-05-20
T0003597,C00931,P0065,2,262.73,Israel,2024-06-10
T0003598,C00325,P0054,2,247.81,Brazil,2024-11-24
T0003599,C00304,P0177,1,122.26,Germany,2024-05-16
T0003600,C01495,P0107,2,128.38,Germany,2024-08-01
T0003601,C01599,P0108,4,466.66,USA,2024-01-26
T0003602,C01880,P0089,3,156.0,Germany,2024-05-14
T0003603,C00270,P0190,2,350.06,UK,2024-06-09
T0003604,C00966,P0100,2,105.98,Japan,2024-02-01
T0003605,C00895,P0103,2,390.44,Spain,2024-09-24
T0003606,C01086,P0101,4,461.23,Spain,2024-04-18
T0003607,C00794,P0046,4,323.57,Italy,2024-05-09
T0003608,C01286,P0045,5,65.17,USA,2024-04-01
T0003609,C00125,P0058,4,252.95,Brazil,2024-03-18
T0003610,C01908,P0013,3,116.14,Spain,2024-05-23
T0003611,C01998,P0042,4,111.64,France,2024-03-26
T0003612,C01576,P0147,3,406.81,Germany,2024-11-22
T0003613,C01868,P0134,1,213.39,UK,2024-07-12
T0003614,C00295,P0113,5,345.49,Brazil,2024-06-12
T0003615,C01577,P0045,3,54.59,France,2024-01-07
T0003616,C01441,P0031,3,366.2,Canada,2024-07-12
T0003617,C01174,P0187,5,341.49,Germany,2024-07-08
T0003618,C01131,P0140,4,219.11,Israel,2024-12-27
T0003619,C00416,P0142,2,71.6,Canada,2024-12-28
T0003620,C00183,P0077,3,66.0,Japan,2024-04-21
T0003621,C01667,P0157,3,69.69,Israel,2024-01-16
T0003622,C01469,P0113,4,380.16,Germany,2024-04-23
T0003623,C01493,P0190,2,365.3,Canada,2024-02-12
T0003624,C01356,P0062,4,161.12,Spain,2024-11-11
T0003625,C00635,P0054,2,258.28,Japan,2024-11-13
T0003626,C00987,P0100,4,121.05,France,2024-01-03
T0003627,C00039,P0034,3,130.27,UK,2024-04-23
T0003628,C00904,P0134,4,197.84,Spain,2024-01-22
T0003629,C00350,P0134,5,220.49,USA,2024-02-26
T0003630,C01985,P0009,2,23.1,Italy,2024-06-25
T0003631,C00507,P0077,3,79.18,Germany,2024-11-22
T0003632,C00427,P0075,4,364.92,UK,2024-07-10
T0003633,C00034,P0073,5,161.32,UK,2024-11-05
T0003634,C01366,P0042,3,114.08,Canada,2024-02-14
T0003635,C01865,P0077,3,66.35,Spain,2024-07-04
T0003636,C00162,P0020,1,377.53,Spain,2024-03-06
T0003637,C01837,P0113,5,345.73,Spain,2024-03-25
T0003638,C01160,P0029,5,268.9,Brazil,2024-09-24
T0003639,C00570,P0076,2,269.3,USA,2024-12-21
T0003640,C01496,P0045,3,62.94,Italy,2024-03-10
T0003641,C01892,P0136,4,142.75,Japan,2024-05-17
T0003642,C01205,P0134,5,188.86,Canada,2024-09-24
T0003643,C00321,P0156,3,238.27,Japan,2024-11-08
T0003644,C01089,P0048,2,312.69,Israel,2024-08-13
T0003645,C01252,P0057,1,111.37,USA,2024-10-10
T0003646,C00538,P0148,5,261.42,UK,2024-09-07
T0003647,C01800,P0109,3,45.07,Italy,2024-06-07
T0003648,C01331,P0067,1,253.69,Brazil,2024-05-20
T0003649,C01758,P0134,4,223.89,Canada,2024-07-04
T0003650,C01472,P0161,2,237.02,Japan,2024-08-28
T0003651,C00477,P0109,1,48.54,Italy,2024-06-19
T0003652,C00549,P0072,1,299.06,Spain,2024-07-08
T0003653,C00249,P0176,3,194.92,Israel,2024-06-09
T0003654,C00949,P0080,3,54.04,Germany,2024-02-03
T0003655,C01740,P0136,1,138.75,UK,2024-02-21
T0003656,C01179,P0048,5,294.72,Spain,2024-12-02
T0003657,C01923,P0115,1,326.02,Germany,2024-11-24
T0003658,C00248,P0065,2,278.87,Spain,2024-11-02
T0003659,C00975,P0134,3,226.78,Canada,2024-06-29
T0003660,C01953,P0138,2,56.14,UK,2024-07-22
T0003661,C01672,P0114,5,455.5,France,2024-02-10
T0003662,C00937,P0072,4,270.53,France,2024-12-08
T0003663,C01235,P0104,3,50.05,Japan,2024-12-16
T0003664,C01112,P0084,3,247.53,Germany,2024-12-06
T0003665,C01606,P0178,5,277.88,UK,2024-05-22
T0003666,C01760,P0047,2,238.11,Italy,2024-04-10
T0003667,C00909,P0057,2,108.29,Spain,2024-12-17
T0003668,C00238,P0101,4,478.58,USA,2024-06-30
T0003669,C00544,P0075,4,385.98,Spain,2024-07-24
T0003670,C01403,P0048,2,325.72,Italy,2024-07-05
T0003671,C00126,P0099,1,203.22,USA,2024-09-12
T0003672,C00242,P0180,3,386.28,Italy,2024-02-25
T0003673,C01443,P0045,3,63.23,Spain,2024-06-12
T0003674,C00045,P0076,2,250.56,Japan,2024-07-17
T0003675,C01267,P0103,5,384.42,Canada,2024-02-27
T0003676,C01112,P0084,5,253.46,France,2024-08-21
T0003677,C00981,P0192,3,260.09,Spain,2024-06-19
T0003678,C01797,P0062,1,168.53,Canada,2024-12-04
T0003679,C00224,P0142,2,63.19,UK,2024-09-01
T0003680,C01593,P0072,4,293.41,Germany,2024-03-13
T0003681,C01477,P0125,1,133.62,Germany,2024-10-05
T0003682,C01500,P0186,3,347.06,Canada,2024-04-19
T0003683,C01054,P0116,1,71.31,Brazil,2024-02-12
T0003684,C01006,P0138,1,55.09,Israel,2024-02-20
T0003685,C01039,P0037,2,89.58,UK,2024-01-23
T0003686,C00114,P0077,2,80.98,Israel,2024-01-22
T0003687,C00563,P0019,3,232.55,Brazil,2024-02-03
T0003688,C01645,P0059,4,323.19,Brazil,2024-12-13
T0003689,C00862,P0097,4,236.16,Brazil,2024-12-01
T0003690,C01130,P0000,5,211.04,USA,2024-07-04
T0003691,C00401,P0067,2,265.13,Israel,2024-07-01
T0003692,C01844,P0019,1,232.71,Germany,2024-08-25
T0003693,C00503,P0120,1,143.42,Canada,2024-12-09
T0003694,C01636,P0026,2,311.63,Canada,2024-10-02
T0003695,C01346,P0134,2,225.66,USA,2024-10-06
T0003696,C00213,P0009,2,20.09,Israel,2024-10-24
T0003697,C01636,P0081,3,105.36,USA,2024-07-08
T0003698,C01980,P0161,5,249.04,USA,2024-02-03
T0003699,C00690,P0065,1,289.44,Canada,2024-05-28
T0003700,C01171,P0117,5,191.58,Japan,2024-03-08
T0003701,C00783,P0086,3,61.63,Japan,2024-09-16
T0003702,C00368,P0078,1,442.88,Italy,2024-07-07
T0003703,C01309,P0099,5,173.91,Japan,2024-11-16
T0003704,C01131,P0019,3,195.92,Israel,2024-08-31
T0003705,C01696,P0164,5,297.36,Spain,2024-06-18
T0003706,C01254,P0134,5,195.38,Spain,2024-01-04
T0003707,C00747,P0101,2,497.82,Brazil,2024-10-21
T0003708,C00981,P0097,1,256.35,Canada,2024-05-12
T0003709,C00665,P0156,3,261.85,France,2024-11-10
T0003710,C00207,P0198,5,335.08,Italy,2024-06-25
T0003711,C00202,P0180,3,403.25,Italy,2024-03-05
T0003712,C00492,P0024,5,440.0,Germany,2024-05-17
T0003713,C00288,P0136,4,140.16,Spain,2024-03-22
T0003714,C01222,P0190,5,355.24,Canada,2024-03-24
T0003715,C01612,P0113,5,389.01,Brazil,2024-07-27
T0003716,C00812,P0018,5,319.55,Spain,2024-06-13
T0003717,C01709,P0159,1,209.16,Spain,2024-09-07
T0003718,C01981,P0131,2,123.96,Israel,2024-02-28
T0003719,C01185,P0124,1,330.11,Brazil,2024-08-28
T0003720,C00555,P0192,1,233.83,USA,2024-10-09
T0003721,C01348,P0080,4,47.96,Israel,2024-06-04
T0003722,C00649,P0057,3,108.41,Japan,2024-07-01
T0003723,C01798,P0003,3,371.12,Japan,2024-03-27
T0003724,C01818,P0023,2,409.4,Germany,2024-01-14
T0003725,C00357,P0142,1,65.44,Germany,2024-05-08
T0003726,C01915,P0019,3,214.29,Germany,2024-01-23
T0003727,C00766,P0062,2,164.49,UK,2024-02-02
T0003728,C00588,P0136,1,159.9,Germany,2024-06-28
T0003729,C01443,P0010,4,474.19,Spain,2024-02-14
T0003730,C00274,P0050,5,225.52,France,2024-07-15
T0003731,C00031,P0177,1,124.61,Germany,2024-03-27
T0003732,C01495,P0134,4,196.7,France,2024-05-30
T0003733,C01811,P0186,5,334.39,Japan,2024-12-10
T0003734,C01759,P0048,1,337.57,Israel,2024-06-15
T0003735,C01745,P0025,2,324.49,Brazil,2024-10-24
T0003736,C00811,P0103,3,377.55,Japan,2024-09-30
T0003737,C01109,P0084,5,264.96,Israel,2024-03-29
T0003738,C01432,P0004,4,191.64,Israel,2024-02-28
T0003739,C00563,P0083,2,236.96,USA,2024-10-10
T0003740,C00753,P0036,4,206.79,UK,2024-07-16
T0003741,C01335,P0193,4,196.68,Canada,2024-09-04
T0003742,C00433,P0069,2,191.93,Canada,2024-05-14
T0003743,C00878,P0067,3,257.18,USA,2024-04-22
T0003744,C01013,P0016,3,337.88,Italy,2024-02-10
T0003745,C01081,P0189,4,314.48,Brazil,2024-06-05
T0003746,C01607,P0120,5,141.01,Brazil,2024-04-14
T0003747,C01295,P0136,2,134.1,Israel,2024-05-12
T0003748,C00981,P0131,2,109.07,Israel,2024-05-29
T0003749,C00043,P0048,3,334.43,Germany,2024-11-03
T0003750,C01869,P0131,4,110.53,Brazil,2024-11-10
T0003751,C01935,P0000,5,188.75,Brazil,2024-05-19
T0003752,C01323,P0136,4,135.26,Japan,2024-01-20
T0003753,C00366,P0057,3,100.91,Italy,2024-11-12
T0003754,C01020,P0142,4,64.8,USA,2024-02-02
T0003755,C00357,P0010,4,442.99,France,2024-12-16
T0003756,C01881,P0037,5,88.1,Germany,2024-11-10
T0003757,C00202,P0134,4,219.19,Germany,2024-04-26
T0003758,C01654,P0012,3,245.96,USA,2024-12-21
T0003759,C01615,P0045,5,54.55,Japan,2024-02-03
T0003760,C01028,P0193,3,205.91,Brazil,2024-10-31
T0003761,C01948,P0125,1,130.65,Brazil,2024-04-01
T0003762,C01371,P0146,3,246.68,Japan,2024-06-16
T0003763,C00541,P0013,4,134.37,Canada,2024-07-17
T0003764,C01572,P0151,3,404.71,Germany,2024-10-02
T0003765,C01362,P0117,3,174.94,UK,2024-10-16
T0003766,C01135,P0176,5,161.76,Israel,2024-02-20
T0003767,C00704,P0177,4,134.84,Germany,2024-12-16
T0003768,C00522,P0017,2,234.18,Canada,2024-12-23
T0003769,C01274,P0071,2,75.11,Italy,2024-11-11
T0003770,C00795,P0156,5,262.2,UK,2024-08-28
T0003771,C01937,P0046,1,379.08,Israel,2024-10-23
T0003772,C00226,P0013,1,126.52,Spain,2024-02-20
T0003773,C00008,P0057,1,98.78,Israel,2024-04-22
T0003774,C01858,P0062,4,175.19,France,2024-12-10
T0003775,C01220,P0107,5,113.53,Israel,2024-08-10
T0003776,C01146,P0019,1,230.2,Brazil,2024-07-30
T0003777,C00263,P0053,3,269.29,Japan,2024-05-24
T0003778,C01030,P0129,4,35.97,Brazil,2024-10-19
T0003779,C00926,P0028,5,481.23,Israel,2024-10-06
T0003780,C01139,P0125,5,126.71,Israel,2024-09-02
T0003781,C01026,P0116,3,79.05,Israel,2024-03-14
T0003782,C00715,P0000,3,178.05,Germany,2024-06-29
T0003783,C00133,P0128,5,402.46,Japan,2024-09-19
T0003784,C00391,P0175,5,251.42,Italy,2024-06-15
T0003785,C00595,P0192,4,218.75,Italy,2024-02-16
T0003786,C00331,P0099,3,192.95,Germany,2024-08-04
T0003787,C00392,P0171,5,436.43,Germany,2024-11-01
T0003788,C00362,P0194,2,416.58,Canada,2024-04-06
T0003789,C00637,P0059,3,316.21,USA,2024-03-28
T0003790,C01916,P0048,2,347.09,Spain,2024-05-05
T0003791,C00015,P0046,5,337.16,Israel,2024-01-03
T0003792,C01462,P0046,3,369.43,France,2024-08-05
T0003793,C01621,P0113,5,381.92,Spain,2024-06-20
T0003794,C01550,P0175,3,235.64,France,2024-07-10
T0003795,C01236,P0062,2,171.13,UK,2024-04-05
T0003796,C01585,P0177,4,145.53,Japan,2024-08-20
T0003797,C00630,P0085,2,119.55,Germany,2024-06-02
T0003798,C00553,P0184,3,428.83,Brazil,2024-10-05
T0003799,C00562,P0065,4,295.67,Japan,2024-06-26
T0003800,C01760,P0004,5,177.01,Germany,2024-01-16
T0003801,C01446,P0131,3,102.44,USA,2024-03-23
T0003802,C01525,P0045,3,62.72,Italy,2024-08-06
T0003803,C01774,P0100,1,120.12,USA,2024-06-26
T0003804,C00337,P0186,2,391.98,Israel,2024-05-01
T0003805,C00163,P0105,4,188.91,Israel,2024-07-14
T0003806,C00491,P0111,5,412.86,Brazil,2024-02-06
T0003807,C01860,P0038,4,21.36,Italy,2024-05-20
T0003808,C01461,P0156,2,268.83,Israel,2024-07-23
T0003809,C01122,P0119,2,132.81,Brazil,2024-06-21
T0003810,C01852,P0101,5,436.33,Germany,2024-05-15
T0003811,C01283,P0046,4,347.49,USA,2024-03-25
T0003812,C00253,P0113,5,334.57,UK,2024-08-30
T0003813,C00425,P0156,3,270.19,Brazil,2024-06-08
T0003814,C00367,P0046,2,325.22,Brazil,2024-02-15
T0003815,C00219,P0145,5,317.46,Brazil,2024-12-05
T0003816,C01190,P0013,2,138.55,Israel,2024-04-23
T0003817,C01308,P0049,5,288.89,Italy,2024-10-18
T0003818,C01952,P0062,1,162.79,UK,2024-11-24
T0003819,C00181,P0136,4,158.71,France,2024-06-06
T0003820,C00342,P0111,3,410.6,Brazil,2024-12-07
T0003821,C01526,P0088,1,79.8,Italy,2024-10-01
T0003822,C01606,P0107,5,136.22,Spain,2024-04-08
T0003823,C01892,P0005,2,117.33,Canada,2024-10-23
T0003824,C00424,P0073,4,187.83,Spain,2024-12-30
T0003825,C01352,P0142,5,67.39,France,2024-07-11
T0003826,C00436,P0019,2,215.35,Israel,2024-04-06
T0003827,C01580,P0081,1,111.15,Spain,2024-04-22
T0003828,C01349,P0026,4,335.79,Brazil,2024-10-14
T0003829,C00887,P0000,1,214.26,USA,2024-04-18
T0003830,C00724,P0177,5,129.08,Canada,2024-01-22
T0003831,C00017,P0136,4,163.96,Brazil,2024-05-14
T0003832,C01845,P0113,5,392.09,USA,2024-07-30
T0003833,C00321,P0130,4,259.63,Germany,2024-10-29
T0003834,C01185,P0102,1,111.81,Japan,2024-04-09
T0003835,C01922,P0125,4,135.34,Brazil,2024-08-05
T0003836,C01591,P0085,1,123.58,Italy,2024-11-30
T0003837,C00544,P0059,2,302.91,Italy,2024-12-03
T0003838,C00724,P0099,2,200.67,Israel,2024-04-16
T0003839,C01157,P0134,3,192.04,Japan,2024-11-21
T0003840,C00509,P0117,2,195.59,Germany,2024-02-18
T0003841,C01843,P0136,3,143.13,Germany,2024-01-18
T0003842,C01168,P0103,5,405.78,Italy,2024-06-18
T0003843,C01284,P0021,3,152.13,USA,2024-06-30
T0003844,C01002,P0103,4,334.87,France,2024-09-01
T0003845,C01673,P0158,3,265.47,USA,2024-10-09
T0003846,C01728,P0037,2,78.24,Germany,2024-03-17
T0003847,C01704,P0099,5,195.03,USA,2024-09-22
T0003848,C00255,P0175,1,224.96,Canada,2024-01-29
T0003849,C01520,P0075,5,362.21,France,2024-05-16
T0003850,C01584,P0057,3,106.96,Italy,2024-02-01
T0003851,C01110,P0084,1,225.67,Germany,2024-11-18
T0003852,C00083,P0065,5,274.34,Israel,2024-11-03
T0003853,C01853,P0129,2,33.54,Japan,2024-11-02
T0003854,C00619,P0131,4,110.78,Italy,2024-11-22
T0003855,C00056,P0103,4,392.58,Spain,2024-03-24
T0003856,C00243,P0096,1,358.11,Canada,2024-01-12
T0003857,C00461,P0050,4,222.0,UK,2024-03-13
T0003858,C00165,P0046,4,368.6,Israel,2024-02-14
T0003859,C01725,P0060,1,382.27,Brazil,2024-01-24
T0003860,C01770,P0136,2,137.5,Spain,2024-11-28
T0003861,C01323,P0101,5,431.04,USA,2024-10-09
T0003862,C01129,P0064,4,145.26,Brazil,2024-05-01
T0003863,C00932,P0025,4,321.62,Canada,2024-12-01
T0003864,C00914,P0150,4,206.41,Brazil,2024-02-17
T0003865,C01011,P0106,5,74.88,Germany,2024-09-16
T0003866,C01269,P0064,3,121.85,Canada,2024-12-22
T0003867,C01316,P0045,5,60.42,Japan,2024-04-03
T0003868,C01082,P0075,5,338.65,Italy,2024-12-17
T0003869,C00887,P0193,2,186.13,Canada,2024-09-30
T0003870,C01348,P0109,3,46.91,Canada,2024-11-11
T0003871,C01504,P0084,3,261.48,Canada,2024-06-05
T0003872,C01913,P0185,3,353.33,Japan,2024-02-13
T0003873,C00081,P0045,2,53.35,Italy,2024-02-13
T0003874,C01019,P0049,5,325.4,Israel,2024-01-06
T0003875,C01242,P0046,3,344.1,Germany,2024-06-07
T0003876,C00740,P0004,1,189.85,Italy,2024-08-31
T0003877,C00841,P0075,4,379.8,Germany,2024-04-12
T0003878,C00311,P0075,2,378.64,Germany,2024-08-30
T0003879,C00646,P0166,1,319.8,USA,2024-03-01
T0003880,C00908,P0004,3,172.04,USA,2024-11-08
T0003881,C01015,P0077,4,76.77,Italy,2024-12-11
T0003882,C01926,P0060,2,356.68,Brazil,2024-06-30
T0003883,C01345,P0103,1,336.21,Spain,2024-04-21
T0003884,C01723,P0028,2,483.84,Italy,2024-10-02
T0003885,C01403,P0136,1,158.29,Japan,2024-06-16
T0003886,C01764,P0148,4,273.17,Israel,2024-09-19
T0003887,C00897,P0011,5,359.19,Italy,2024-10-30
T0003888,C00623,P0142,1,62.69,Italy,2024-02-14
T0003889,C00682,P0136,3,132.24,USA,2024-09-12
T0003890,C00392,P0011,1,336.72,Brazil,2024-07-21
T0003891,C01759,P0190,4,345.87,UK,2024-05-24
T0003892,C00967,P0075,1,330.98,France,2024-01-06
T0003893,C00684,P0057,1,110.21,UK,2024-08-08
T0003894,C00768,P0059,2,301.74,Brazil,2024-09-06
T0003895,C01922,P0084,4,225.06,USA,2024-10-08
T0003896,C00765,P0185,1,383.41,Israel,2024-11-03
T0003897,C00741,P0134,4,195.77,France,2024-06-23
T0003898,C00762,P0045,2,56.04,USA,2024-04-06
T0003899,C01054,P0175,4,216.38,France,2024-09-02
T0003900,C00484,P0054,5,251.03,Germany,2024-08-13
T0003901,C01185,P0000,1,188.26,Brazil,2024-12-13
T0003902,C00915,P0075,4,325.57,Japan,2024-10-09
T0003903,C00461,P0005,2,125.85,Japan,2024-05-12
T0003904,C01331,P0194,3,429.67,USA,2024-07-14
T0003905,C00212,P0045,4,53.71,Canada,2024-07-21
T0003906,C00692,P0054,2,239.8,Germany,2024-07-04
T0003907,C01549,P0168,4,114.46,Canada,2024-11-29
T0003908,C00722,P0156,5,N/A,Israel,2024-11-23
T0003909,C01233,P0078,4,374.48,Germany,2024-12-17
T0003910,C00987,P0070,5,21.33,UK,2024-09-11
T0003911,C01355,P0178,3,289.41,Germany,2024-05-15
T0003912,C01620,P0041,2,175.77,Japan,2024-12-09
T0003913,C01721,P0180,5,362.17,Israel,2024-03-23
T0003914,C00200,P0193,5,171.2,Canada,2024-01-07
T0003915,C01263,P0054,5,252.63,UK,2024-08-24
T0003916,C01029,P0101,3,438.49,France,2024-11-29
T0003917,C01015,P0059,3,331.34,USA,2024-10-28
T0003918,C00696,P0136,3,135.48,Israel,2024-04-03
T0003919,C01752,P0177,4,145.02,Italy,2024-01-24
T0003920,C01589,P0175,2,240.11,Spain,2024-04-23
T0003921,C00105,P0020,4,334.13,Germany,2024-11-24
T0003922,C00182,P0065,2,271.8,Germany,2024-12-15
T0003923,C01065,P0118,3,451.67,Israel,2024-06-22
T0003924,C00644,P0134,5,204.82,UK,2024-04-15
T0003925,C00370,P0008,1,336.59,Germany,2024-07-16
T0003926,C00640,P0156,5,254.68,Canada,2024-09-10
T0003927,C00964,P0046,1,365.3,Israel,2024-09-25
T0003928,C00847,P0062,3,150.02,Israel,2024-04-02
T0003929,C00350,P0194,5,410.34,Spain,2024-07-13
T0003930,C01911,P0083,1,270.66,Japan,2024-11-02
T0003931,C01398,P0179,4,215.41,Israel,2024-10-04
T0003932,C01500,P0028,1,432.02,UK,2024-09-25
T0003933,C01653,P0065,5,252.86,USA,2024-12-30
T0003934,C01354,P0109,2,47.46,Spain,2024-03-20
T0003935,C01780,P0082,2,109.88,France,2024-08-05
T0003936,C01938,P0048,2,334.01,USA,2024-12-16
T0003937,C00581,P0077,1,67.67,Israel,2024-05-29
T0003938,C01012,P0101,2,486.01,USA,2024-12-06
T0003939,C00005,P0113,1,322.57,Germany,2024-06-03
T0003940,C00028,P0134,4,209.46,Germany,2024-01-20
T0003941,C00441,P0109,2,53.55,Brazil,2024-02-24
T0003942,C01509,P0025,5,306.24,Canada,2024-07-24
T0003943,C01440,P0125,2,121.16,Italy,2024-10-05
T0003944,C00543,P0075,4,349.39,Israel,2024-12-06
T0003945,C01839,P0180,5,370.4,UK,2024-09-02
T0003946,C01118,P0025,2,302.66,Spain,2024-11-09
T0003947,C01655,P0038,1,18.34,Israel,2024-10-06
T0003948,C00536,P0041,3,183.86,Spain,2024-01-31
T0003949,C00233,P0077,1,74.76,Spain,2024-05-29
T0003950,C01792,P0024,5,475.72,Brazil,2024-10-27
T0003951,C00612,P0110,3,51.35,Germany,2024-11-09
T0003952,C00923,P0163,3,65.8,Japan,2024-01-09
T0003953,C01697,P0005,2,119.78,Japan,2024-08-05
T0003954,C01510,P0042,4,102.47,Spain,2024-11-15
T0003955,C01540,P0117,3,167.92,Israel,2024-02-25
T0003956,C01001,P0062,5,166.22,Japan,2024-10-29
T0003957,C01731,P0045,2,63.98,USA,2024-02-02
T0003958,C01441,P0136,2,150.87,UK,2024-08-13
T0003959,C01890,P0113,3,349.56,Canada,2024-06-17
T0003960,C01345,P0045,4,52.32,UK,2024-04-06
T0003961,C01654,P0150,3,204.98,Brazil,2024-11-13
T0003962,C00196,P0101,3,483.68,Brazil,2024-02-16
T0003963,C00293,P0084,5,262.12,Italy,2024-02-25
T0003964,C00873,P0175,2,244.63,Germany,2024-06-11
T0003965,C01612,P0125,1,128.53,Israel,2024-02-09
T0003966,C01265,P0187,3,413.87,Israel,2024-09-16
T0003967,C00044,P0019,2,203.48,Brazil,2024-01-08
T0003968,C00190,P0194,2,396.16,Japan,2024-02-25
T0003969,C00778,P0156,4,224.63,Germany,2024-01-02
T0003970,C01475,P0129,1,33.08,UK,2024-05-20
T0003971,C01193,P0017,4,242.94,Israel,2024-08-06
T0003972,C01546,P0144,3,165.95,Israel,2024-09-08
T0003973,C01242,P0165,5,445.09,Italy,2024-12-08
T0003974,C01436,P0069,2,203.43,Japan,2024-05-01
T0003975,C01421,P0059,2,317.38,UK,2024-12-13
T0003976,C00709,P0193,4,175.9,Germany,2024-08-06
T0003977,C00320,P0099,1,201.7,Germany,2024-10-30
T0003978,C00865,P0117,1,190.03,Germany,2024-11-21
T0003979,C00883,P0057,2,113.05,UK,2024-08-29
T0003980,C00190,P0130,1,234.66,Spain,2024-02-03
T0003981,C00969,P0019,1,204.93,France,2024-09-01
T0003982,C01956,P0084,1,274.49,Japan,2024-05-24
T0003983,C01647,P0054,2,234.01,Germany,2024-04-19
T0003984,C00010,P0103,1,370.87,Brazil,2024-05-01
T0003985,C01771,P0177,4,123.23,Italy,2024-06-30
T0003986,C00321,P0096,4,322.8,Japan,2024-05-04
T0003987,C01944,P0054,3,236.14,Canada,2024-11-21
T0003988,C00590,P0046,5,337.07,Brazil,2024-01-05
T0003989,C01593,P0140,4,241.29,Brazil,2024-09-13
T0003990,C01677,P0194,4,382.98,Israel,2024-12-31
T0003991,C01620,P0120,5,165.5,Canada,2024-09-28
T0003992,C00265,P0141,1,178.09,Japan,2024-05-01
T0003993,C01366,P0054,5,215.51,France,2024-01-27
T0003994,C00747,P0148,1,290.91,Germany,2024-10-18
T0003995,C01507,P0088,5,78.82,Canada,2024-05-20
T0003996,C01445,P0180,5,350.63,UK,2024-01-03
T0003997,C01277,P0190,3,347.06,UK,2024-12-25
T0003998,C00047,P0054,2,240.07,Japan,2024-06-27
T0003999,C00815,P0084,3,274.88,Japan,2024-05-19
T0004000,C00495,P0125,1,119.31,Brazil,2024-01-15
T0004001,C01822,P0178,5,290.36,Spain,2024-10-04
T0004002,C00216,P0084,4,250.25,Spain,2024-02-29
T0004003,C00627,P0013,4,113.79,Spain,2024-07-17
T0004004,C00036,P0025,1,332.18,Germany,2024-05-01
T0004005,C00219,P0013,1,129.58,Germany,2024-09-20
T0004006,C01065,P0062,5,149.84,Canada,2024-05-11
T0004007,C01913,P0045,4,52.2,Japan,2024-03-16
T0004008,C01566,P0065,1,280.37,Spain,2024-05-07
T0004009,C00308,P0156,5,252.33,Japan,2024-12-24
T0004010,C01001,P0156,2,238.44,USA,2024-10-31
T0004011,C00809,P0065,3,246.99,Brazil,2024-12-24
T0004012,C00686,P0066,5,342.88,USA,2024-05-06
T0004013,C00112,P0180,4,371.4,Germany,2024-09-10
T0004014,C01755,P0152,5,405.17,Israel,2024-09-28
T0004015,C01935,P0077,2,75.77,USA,2024-06-05
T0004016,C01643,P0005,5,106.85,Italy,2024-10-23
T0004017,C00238,P0001,3,231.47,France,2024-07-12
T0004018,C01135,P0134,3,229.55,Japan,2024-09-14
T0004019,C00525,P0059,4,339.01,France,2024-01-30
T0004020,C00907,P0136,5,139.0,Israel,2024-11-13
T0004021,C00715,P0028,2,446.39,Spain,2024-10-18
T0004022,C01209,P0055,3,411.05,Israel,2024-05-03
T0004023,C00481,P0184,1,414.05,Israel,2024-04-18
T0004024,C00081,P0185,1,354.24,Japan,2024-10-02
T0004025,C00453,P0088,5,81.84,France,2024-08-29
T0004026,C01122,P0152,1,346.95,UK,2024-09-03
T0004027,C00584,P0109,5,43.65,Brazil,2024-03-18
T0004028,C01991,P0117,1,167.18,Germany,2024-01-19
T0004029,C00432,P0194,2,389.11,Japan,2024-12-12
T0004030,C00205,P0045,5,54.2,Canada,2024-04-26
T0004031,C01027,P0173,5,117.95,Italy,2024-08-17
T0004032,C01773,P0113,2,333.45,Germany,2024-07-22
T0004033,C01254,P0036,1,199.71,Spain,2024-05-31
T0004034,C01980,P0076,2,283.25,France,2024-09-29
T0004035,C01641,P0046,3,379.46,Germany,2024-05-10
T0004036,C00082,P0023,4,404.95,Spain,2024-09-02
T0004037,C00325,P0099,1,169.66,France,2024-06-23
T0004038,C00580,P0054,3,215.99,Spain,2024-10-29
T0004039,C00990,P0025,1,313.8,UK,2024-01-01
T0004040,C00578,P0088,1,89.79,France,2024-05-13
T0004041,C01619,P0019,5,219.98,Canada,2024-12-24
T0004042,C00445,P0059,2,345.47,Japan,2024-11-10
T0004043,C01970,P0048,5,334.98,France,2024-05-28
T0004044,C01264,P0194,1,443.7,Brazil,2024-11-03
T0004045,C00085,P0069,5,192.67,USA,2024-08-29
T0004046,C01006,P0075,3,380.79,France,2024-11-24
T0004047,C01645,P0077,4,73.76,France,2024-01-25
T0004048,C00629,P0134,3,187.21,Spain,2024-01-15
T0004049,C00498,P0048,4,302.82,France,2024-08-26
T0004050,C01143,P0024,4,410.01,UK,2024-12-30
T0004051,C00954,P0141,4,186.36,Italy,2024-04-13
T0004052,C00376,P0193,3,173.07,USA,2024-08-15
T0004053,C01570,P0117,3,163.52,France,2024-04-09
T0004054,C00640,P0109,1,45.09,Canada,2024-07-27
T0004055,C00386,P0109,3,43.17,Germany,2024-03-26
T0004056,C00447,P0000,3,215.18,Brazil,2024-03-05
T0004057,C00459,P0048,3,288.28,Brazil,2024-08-03
T0004058,C00737,P0136,3,135.75,UK,2024-12-28
T0004059,C00011,P0176,3,181.97,Brazil,2024-11-20
T0004060,C00375,P0008,1,381.55,USA,2024-05-03
T0004061,C01309,P0080,3,55.33,Germany,2024-01-07
T0004062,C01827,P0093,4,32.98,Israel,2024-06-16
T0004063,C00769,P0103,3,356.91,Italy,2024-06-16
T0004064,C00320,P0177,2,141.82,Brazil,2024-03-26
T0004065,C00876,P0117,3,198.26,Israel,2024-07-09
T0004066,C00678,P0182,5,303.25,Spain,2024-10-29
T0004067,C01044,P0077,4,69.55,Germany,2024-03-03
T0004068,C00684,P0146,1,251.39,France,2024-12-21
T0004069,C01198,P0019,2,202.93,Italy,2024-09-03
T0004070,C01092,P0121,3,329.32,Spain,2024-10-18
T0004071,C00306,P0113,1,376.73,Brazil,2024-08-06
T0004072,C01705,P0049,5,317.33,Italy,2024-03-18
T0004073,C00310,P0002,5,411.07,Canada,2024-12-07
T0004074,C01893,P0059,3,353.13,Canada,2024-01-17
T0004075,C00598,P0185,3,331.38,France,2024-05-04
T0004076,C01372,P0168,3,104.74,Canada,2024-01-15
T0004077,C00513,P0099,3,200.91,Japan,2024-04-26
T0004078,C01428,P0187,5,338.54,France,2024-06-06
T0004079,C00625,P0051,3,234.56,Brazil,2024-06-29
T0004080,C01839,P0125,2,118.27,UK,2024-04-29
T0004081,C00143,P0065,2,273.6,USA,2024-01-27
T0004082,C01073,P0190,5,337.01,Canada,2024-09-25
T0004083,C01769,P0190,1,377.31,Brazil,2024-07-20
T0004084,C00733,P0057,2,102.29,Japan,2024-11-26
T0004085,C00917,P0192,5,222.29,UK,2024-06-06
T0004086,C01463,P0054,4,247.78,USA,2024-05-25
T0004087,C00384,P0019,4,206.01,UK,2024-01-17
T0004088,C01437,P0077,5,67.73,Brazil,2024-05-02
T0004089,C00289,P0169,4,71.8,Italy,2024-06-18
T0004090,C01377,P0045,4,61.28,Israel,2024-01-25
T0004091,C01814,P0049,5,330.62,Italy,2024-03-24
T0004092,C01677,P0140,5,215.77,Israel,2024-09-07
T0004093,C01853,P0099,5,192.54,UK,2024-07-17
T0004094,C01016,P0113,5,355.53,Italy,2024-04-15
T0004095,C00433,P0057,5,102.04,UK,2024-04-18
T0004096,C01008,P0069,4,167.7,Canada,2024-01-05
T0004097,C00231,P0036,2,194.37,Germany,2024-04-23
T0004098,C00095,P0040,2,383.14,Spain,2024-05-15
T0004099,C00028,P0134,1,214.49,Israel,2024-04-29
T0004100,C00219,P0117,4,171.74,UK,2024-05-29
T0004101,C00368,P0103,4,376.06,Israel,2024-09-18
T0004102,C01137,P0048,5,314.02,Spain,2024-08-29
T0004103,C01710,P0019,5,208.3,Germany,2024-09-17
T0004104,C01499,P0190,4,407.93,Spain,2024-01-11
T0004105,C01941,P0139,2,165.3,Japan,2024-01-21
T0004106,C01659,P0067,1,268.6,Japan,2024-08-06
T0004107,C01661,P0195,5,125.79,Israel,2024-09-12
T0004108,C01386,P0148,2,312.19,Japan,2024-04-27
T0004109,C00267,P0013,4,132.44,Brazil,2024-03-07
T0004110,C01973,P0064,1,135.95,Israel,2024-10-23
T0004111,C00323,P0110,3,54.09,Germany,2024-12-02
T0004112,C00099,P0103,4,330.48,USA,2024-04-03
T0004113,C01358,P0103,2,387.77,France,2024-10-06
T0004114,C00871,P0129,3,31.74,Germany,2024-12-29
T0004115,C00032,P0194,3,406.81,Israel,2024-08-26
T0004116,C01491,P0136,5,158.28,UK,2024-05-06
T0004117,C01180,P0101,2,474.73,France,2024-06-09
T0004118,C00937,P0042,5,123.25,USA,2024-06-04
T0004119,C00561,P0052,1,376.97,Spain,2024-11-02
T0004120,C00738,P0117,2,191.03,UK,2024-09-26
T0004121,C01502,P0179,2,194.15,Italy,2024-07-11
T0004122,C01466,P0141,4,219.82,USA,2024-01-18
T0004123,C01279,P0021,3,167.75,Japan,2024-06-27
T0004124,C00209,P0013,2,132.33,France,2024-07-28
T0004125,C00503,P0033,2,321.95,USA,2024-04-25
T0004126,C01956,P0065,4,244.67,USA,2024-06-12
T0004127,C00459,P0161,2,240.53,UK,2024-01-23
T0004128,C01414,P0109,4,53.76,Spain,2024-02-26
T0004129,C00720,P0088,3,87.1,Germany,2024-11-04
T0004130,C01327,P0075,5,379.67,USA,2024-07-14
T0004131,C01208,P0188,1,417.8,UK,2024-03-14
T0004132,C01237,P0082,5,116.49,Italy,2024-07-16
T0004133,C00691,P0125,1,131.69,USA,2024-08-16
T0004134,C01541,P0080,5,51.87,Germany,2024-11-23
T0004135,C01066,P0175,2,249.36,USA,2024-03-12
T0004136,C00672,P0059,4,371.84,Italy,2024-05-12
T0004137,C00006,P0084,5,259.59,Israel,2024-09-11
T0004138,C01316,P0140,3,208.56,France,2024-05-05
T0004139,C01118,P0171,3,427.25,Canada,2024-11-13
T0004140,C00242,P0019,1,214.53,Germany,2024-10-09
T0004141,C01947,P0185,1,378.11,UK,2024-05-28
T0004142,C00011,P0180,2,379.75,UK,2024-11-20
T0004143,C01723,P0103,3,374.0,Brazil,2024-02-18
T0004144,C01800,P0130,1,248.82,USA,2024-12-14
T0004145,C00390,P0175,5,255.24,USA,2024-05-27
T0004146,C00542,P0075,4,350.69,Japan,2024-10-14
T0004147,C00216,P0180,5,392.12,Israel,2024-06-06
T0004148,C00912,P0113,5,387.95,Canada,2024-11-05
T0004149,C00079,P0163,4,63.21,UK,2024-07-25
T0004150,C01180,P0184,4,405.25,Spain,2024-12-20
T0004151,C01005,P0075,3,374.79,Canada,2024-01-07
T0004152,C00214,P0104,5,45.81,USA,2024-06-05
T0004153,C01386,P0180,3,387.44,Brazil,2024-08-20
T0004154,C01475,P0148,4,286.71,Japan,2024-10-01
T0004155,C01071,P0154,5,53.99,Germany,2024-10-01
T0004156,C00123,P0190,2,382.12,Israel,2024-04-21
T0004157,C00691,P0194,4,447.53,USA,2024-02-14
T0004158,C00896,P0039,3,141.94,UK,2024-03-10
T0004159,C01750,P0101,1,494.34,France,2024-02-13
T0004160,C01096,P0102,5,113.54,Germany,2024-08-11
T0004161,C01869,P0010,5,427.95,UK,2024-09-16
T0004162,C01373,P0180,4,375.33,Japan,2024-03-24
T0004163,C01346,P0101,2,419.72,Canada,2024-04-22
T0004164,C00611,P0142,4,65.34,Spain,2024-07-05
T0004165,C00621,P0193,2,189.01,Israel,2024-03-19
T0004166,C01637,P0180,2,399.24,Brazil,2024-06-11
T0004167,C01054,P0096,1,369.67,Brazil,2024-04-11
T0004168,C00465,P0075,5,327.84,Germany,2024-06-07
T0004169,C00627,P0086,3,52.48,UK,2024-03-01
T0004170,C00059,P0189,5,325.09,Brazil,2024-06-26
T0004171,C00819,P0190,4,353.82,France,2024-05-08
T0004172,C00524,P0119,4,131.21,Brazil,2024-05-05
T0004173,C01865,P0177,4,130.74,Israel,2024-12-07
T0004174,C01804,P0046,3,321.95,Brazil,2024-03-13
T0004175,C00848,P0094,2,284.73,Spain,2024-08-31
T0004176,C00694,P0009,3,23.21,UK,2024-07-03
T0004177,C00624,P0100,4,115.27,UK,2024-03-09
T0004178,C01888,P0013,3,121.57,USA,2024-05-13
T0004179,C01801,P0148,3,311.39,UK,2024-09-09
T0004180,C00589,P0045,4,63.79,Italy,2024-03-24
T0004181,C01015,P0136,4,132.12,USA,2024-06-23
T0004182,C01032,P0136,4,158.93,Italy,2024-10-16
T0004183,C00686,P0080,5,46.5,Israel,2024-03-21
T0004184,C01664,P0096,5,325.8,Germany,2024-10-22
T0004185,C00861,P0046,1,334.54,Italy,2024-02-25
T0004186,C00052,P0160,2,270.72,Japan,2024-11-16
T0004187,C01038,P0019,1,194.21,Germany,2024-02-20
T0004188,C01427,P0017,3,235.24,Brazil,2024-07-13
T0004189,C01562,P0125,4,138.49,France,2024-09-04
T0004190,C00452,P0084,3,263.39,France,2024-02-10
T0004191,C01020,P0180,5,369.95,Canada,2024-11-12
T0004192,C01903,P0003,1,374.17,Germany,2024-12-11
T0004193,C00121,P0112,4,388.1,Spain,2024-06-12
T0004194,C00369,P0092,2,237.96,UK,2024-08-25
T0004195,C01456,P0008,1,397.92,France,2024-06-20
T0004196,C00174,P0042,2,119.38,Japan,2024-04-20
T0004197,C01064,P0013,5,129.31,Italy,2024-08-25
T0004198,C00844,P0077,1,74.67,Spain,2024-06-04
T0004199,C01009,P0196,4,96.62,Japan,2024-06-15
T0004200,C01284,P0117,3,192.68,Brazil,2024-03-17
T0004201,C01251,P0045,4,58.51,Israel,2024-08-24
T0004202,C00534,P0048,5,317.69,USA,2024-10-21
T0004203,C01106,P0046,3,362.96,Canada,2024-01-01
T0004204,C01120,P0000,2,212.23,Japan,2024-03-26
T0004205,C01550,P0057,3,100.97,Italy,2024-08-01
T0004206,C01488,P0065,3,241.95,Italy,2024-07-11
T0004207,C01467,P0136,2,158.6,UK,2024-01-24
T0004208,C00388,P0026,4,288.08,USA,2024-08-23
T0004209,C01363,P0140,2,247.54,Israel,2024-04-04
T0004210,C01925,P0099,1,183.68,Japan,2024-07-11
T0004211,C01210,P0075,1,329.19,Brazil,2024-12-25
T0004212,C00835,P0103,2,393.59,France,2024-01-18
T0004213,C01579,P0062,2,168.73,UK,2024-12-03
T0004214,C00902,P0011,1,373.74,Japan,2024-09-28
T0004215,C00394,P0156,2,229.87,UK,2024-01-13
T0004216,C01706,P0176,4,176.96,Japan,2024-04-26
T0004217,C00704,P0157,3,57.63,USA,2024-12-04
T0004218,C01686,P0082,2,110.82,Canada,2024-02-02
T0004219,C00867,P0023,5,459.44,Germany,2024-05-11
T0004220,C00882,P0057,2,103.64,UK,2024-01-10
T0004221,C00546,P0099,2,181.06,Germany,2024-01-27
T0004222,C00583,P0042,1,105.77,Canada,2024-08-17
T0004223,C00179,P0114,1,382.87,Italy,2024-10-31
T0004224,C01492,P0125,3,122.64,Spain,2024-04-21
T0004225,C00425,P0119,5,122.38,USA,2024-05-23
T0004226,C01316,P0051,3,256.07,Italy,2024-02-08
T0004227,C00203,P0109,5,46.01,Canada,2024-05-22
T0004228,C00828,P0136,2,136.24,USA,2024-06-27
T0004229,C00315,P0113,5,390.02,UK,2024-06-03
T0004230,C01375,P0059,4,309.74,Brazil,2024-05-21
T0004231,C00877,P0059,1,339.64,France,2024-12-06
T0004232,C00147,P0082,4,114.2,Canada,2024-09-01
T0004233,C00111,P0136,5,149.04,France,2024-11-08
T0004234,C00829,P0103,1,346.7,Italy,2024-09-18
T0004235,C01652,P0199,3,296.76,Spain,2024-10-02
T0004236,C00279,P0075,3,363.7,France,2024-08-08
T0004237,C00433,P0190,1,403.96,Germany,2024-12-01
T0004238,C00240,P0054,1,214.09,Germany,2024-10-21
T0004239,C00052,P0131,3,104.58,Spain,2024-06-08
T0004240,C00060,P0180,1,378.88,Italy,2024-01-14
T0004241,C01863,P0190,2,417.9,USA,2024-08-29
T0004242,C00981,P0054,1,245.12,UK,2024-09-03
T0004243,C00085,P0075,3,388.27,Japan,2024-03-13
T0004244,C01033,P0045,5,55.21,France,2024-12-29
T0004245,C00388,P0070,2,21.62,Canada,2024-03-26
T0004246,C01454,P0112,2,369.08,Brazil,2024-08-13
T0004247,C01371,P0008,5,352.45,Japan,2024-03-20
T0004248,C01739,P0059,5,356.31,USA,2024-11-21
T0004249,C01754,P0129,2,37.74,UK,2024-03-11
T0004250,C00545,P0049,1,333.96,France,2024-10-21
T0004251,C01143,P0077,3,78.12,Spain,2024-05-25
T0004252,C01790,P0004,5,177.21,Brazil,2024-10-27
T0004253,C00582,P0103,1,336.46,Israel,2024-12-21
T0004254,C00754,P0060,2,370.42,Israel,2024-06-07
T0004255,C00532,P0067,5,235.29,Spain,2024-02-27
T0004256,C00941,P0158,5,266.61,France,2024-09-27
T0004257,C00455,P0134,2,188.83,USA,2024-02-12
T0004258,C01822,P0057,4,112.61,Brazil,2024-08-07
T0004259,C01339,P0013,5,137.52,USA,2024-02-20
T0004260,C01703,P0084,1,274.65,USA,2024-05-04
T0004261,C00943,P0013,3,138.17,Japan,2024-01-17
T0004262,C01193,P0094,4,277.87,France,2024-11-26
T0004263,C00856,P0047,5,266.75,Japan,2024-01-08
T0004264,C00740,P0013,5,119.72,France,2024-05-26
T0004265,C00365,P0175,3,233.32,Italy,2024-06-18
T0004266,C00393,P0163,2,65.73,Brazil,2024-12-01
T0004267,C01041,P0133,5,268.08,Israel,2024-08-17
T0004268,C00823,P0047,2,251.51,UK,2024-08-02
T0004269,C01755,P0156,3,226.51,Germany,2024-12-10
T0004270,C01684,P0045,3,63.35,Israel,2024-12-25
T0004271,C00803,P0067,4,232.78,France,2024-05-21
T0004272,C01813,P0125,3,118.36,UK,2024-02-09
T0004273,C00884,P0096,3,391.02,Spain,2024-11-11
T0004274,C01703,P0191,4,38.25,Brazil,2024-06-18
T0004275,C01200,P0034,5,158.59,UK,2024-08-19
T0004276,C01862,P0054,2,246.44,Canada,2024-06-08
T0004277,C01048,P0119,5,122.03,Israel,2024-01-13
T0004278,C01719,P0180,5,336.59,Italy,2024-03-21
T0004279,C00615,P0119,5,132.59,Japan,2024-12-19
T0004280,C01499,P0057,2,101.5,Brazil,2024-06-01
T0004281,C00804,P0017,2,231.19,Spain,2024-03-09
T0004282,C01581,P0184,2,471.35,USA,2024-06-18
T0004283,C00371,P0088,4,91.28,Spain,2024-10-31
T0004284,C01264,P0190,3,388.69,Israel,2024-06-16
T0004285,C00795,P0087,1,127.56,Spain,2024-06-03
T0004286,C00732,P0175,2,208.66,Italy,2024-02-15
T0004287,C00742,P0180,4,334.37,Brazil,2024-05-15
T0004288,C01204,P0093,5,36.05,Italy,2024-01-01
T0004289,C01594,P0019,1,194.24,Japan,2024-05-10
T0004290,C00182,P0038,5,20.45,USA,2024-05-03
T0004291,C01271,P0008,1,397.85,Japan,2024-05-31
T0004292,C01029,P0106,3,71.32,UK,2024-12-03
T0004293,C01115,P0134,4,227.68,Italy,2024-04-13
T0004294,C01840,P0187,4,359.92,France,2024-04-23
T0004295,C01659,P0101,1,463.81,Spain,2024-11-06
T0004296,C01857,P0084,1,240.93,Israel,2024-06-19
T0004297,C01592,P0046,5,360.57,Brazil,2024-07-29
T0004298,C00386,P0129,1,38.51,Brazil,2024-01-05
T0004299,C01872,P0125,3,119.13,Spain,2024-09-11
T0004300,C00905,P0045,2,62.57,Japan,2024-09-26
T0004301,C01794,P0180,5,330.61,USA,2024-09-11
T0004302,C00787,P0121,3,296.73,France,2024-02-13
T0004303,C01744,P0174,4,342.29,Japan,2024-08-23
T0004304,C01096,P0017,2,237.6,Spain,2024-10-04
T0004305,C01107,P0099,5,172.05,Italy,2024-06-23
T0004306,C00115,P0120,4,152.91,USA,2024-06-25
T0004307,C01764,P0129,3,31.39,USA,2024-09-10
T0004308,C00116,P0190,4,356.82,Germany,2024-05-23
T0004309,C00353,P0084,2,261.78,Brazil,2024-01-20
T0004310,C00730,P0057,2,105.25,Italy,2024-07-11
T0004311,C01079,P0107,4,120.43,France,2024-08-10
T0004312,C00515,P0048,4,314.75,Italy,2024-12-07
T0004313,C00900,P0059,1,364.35,Canada,2024-02-04
T0004314,C01569,P0113,4,379.55,Japan,2024-04-06
T0004315,C00589,P0057,4,96.77,Israel,2024-06-11
T0004316,C00689,P0028,3,463.82,Italy,2024-08-10
T0004317,C01771,P0037,5,88.14,Italy,2024-05-05
T0004318,C00270,P0031,2,396.55,Germany,2024-08-12
T0004319,C00915,P0185,5,387.57,Israel,2024-05-08
T0004320,C00015,P0184,2,485.83,UK,2024-12-24
T0004321,C00810,P0156,5,235.56,Japan,2024-12-03
T0004322,C01861,P0194,1,417.28,UK,2024-01-04
T0004323,C01129,P0096,4,391.11,Japan,2024-11-13
T0004324,C01712,P0136,2,158.46,France,2024-05-09
T0004325,C01991,P0113,5,385.71,Spain,2024-04-12
T0004326,C00604,P0026,2,288.59,France,2024-12-21
T0004327,C01149,P0046,4,356.39,Israel,2024-05-10
T0004328,C01536,P0062,1,156.19,Israel,2024-11-24
T0004329,C00549,P0101,5,455.23,Canada,2024-08-17
T0004330,C01807,P0185,1,386.54,UK,2024-09-11
T0004331,C00011,P0088,1,78.09,USA,2024-12-06
T0004332,C01974,P0126,3,380.11,Canada,2024-11-29
T0004333,C01312,P0046,2,354.47,Italy,2024-10-23
T0004334,C01094,P0036,1,185.43,France,2024-07-20
T0004335,C00338,P0122,2,236.15,Italy,2024-08-12
T0004336,C01707,P0075,2,371.85,Germany,2024-12-07
T0004337,C00475,P0158,5,283.17,UK,2024-03-22
T0004338,C00482,P0156,4,247.6,USA,2024-09-30
T0004339,C00217,P0075,3,325.74,Spain,2024-12-31
T0004340,C00169,P0077,4,71.58,Japan,2024-01-14
T0004341,C00279,P0101,1,431.19,USA,2024-02-01
T0004342,C01470,P0185,4,385.88,Spain,2024-08-04
T0004343,C01906,P0082,2,100.57,USA,2024-08-29
T0004344,C00185,P0185,5,397.37,Canada,2024-02-12
T0004345,C01444,P0105,3,180.55,Brazil,2024-10-10
T0004346,C00245,P0134,3,186.7,Spain,2024-11-14
T0004347,C00830,P0033,1,389.69,Canada,2024-11-05
T0004348,C00791,P0101,5,479.35,Israel,2024-08-13
T0004349,C01437,P0075,2,371.75,Japan,2024-10-18
T0004350,C01552,P0194,4,431.29,Germany,2024-11-01
T0004351,C01073,P0054,2,257.64,UK,2024-03-30
T0004352,C01336,P0103,4,364.88,Italy,2024-01-21
T0004353,C00192,P0046,1,364.17,Canada,2024-02-07
T0004354,C01602,P0082,4,110.3,Italy,2024-08-30
T0004355,C01143,P0185,4,324.19,Italy,2024-10-02
T0004356,C00223,P0114,4,385.08,Brazil,2024-07-04
T0004357,C00732,P0111,1,415.71,Germany,2024-01-26
T0004358,C00487,P0187,2,401.05,UK,2024-12-25
T0004359,C00840,P0129,5,36.42,Italy,2024-03-18
T0004360,C00715,P0134,4,223.1,Canada,2024-01-07
T0004361,C00542,P0131,2,103.98,France,2024-07-22
T0004362,C01977,P0140,1,259.88,UK,2024-06-05
T0004363,C00488,P0156,2,253.2,UK,2024-04-25
T0004364,C00708,P0099,1,194.57,France,2024-12-24
T0004365,C00301,P0194,3,443.3,Spain,2024-08-03
T0004366,C01988,P0184,5,423.02,Spain,2024-12-03
T0004367,C01971,P0046,3,380.9,France,2024-07-21
T0004368,C00967,P0077,2,70.34,Japan,2024-03-14
T0004369,C01108,P0075,2,334.37,France,2024-10-10
T0004370,C00988,P0119,3,134.93,Spain,2024-07-02
T0004371,C00871,P0065,5,247.12,Spain,2024-11-09
T0004372,C01263,P0129,3,32.18,Spain,2024-02-29
T0004373,C01264,P0101,4,421.12,Japan,2024-09-04
T0004374,C00972,P0194,2,396.22,Japan,2024-10-23
T0004375,C00354,P0192,4,214.71,USA,2024-01-25
T0004376,C01206,P0077,5,68.36,Israel,2024-01-30
T0004377,C00748,P0103,1,406.25,UK,2024-11-18
T0004378,C01922,P0104,1,50.0,UK,2024-03-07
T0004379,C01341,P0171,4,440.28,Israel,2024-01-09
T0004380,C00508,P0046,1,351.98,Canada,2024-06-23
T0004381,C01738,P0046,2,314.77,Spain,2024-04-25
T0004382,C00105,P0013,1,123.1,Japan,2024-07-28
T0004383,C00121,P0109,4,45.6,Japan,2024-06-03
T0004384,C01414,P0062,5,169.92,Spain,2024-09-01
T0004385,C01619,P0070,2,19.36,Canada,2024-03-06
T0004386,C00774,P0177,3,136.54,UK,2024-09-24
T0004387,C00554,P0142,1,70.78,Japan,2024-09-12
T0004388,C01818,P0193,1,208.57,Spain,2024-11-11
T0004389,C01712,P0081,3,118.51,Brazil,2024-02-17
T0004390,C01206,P0194,3,379.75,Canada,2024-09-11
T0004391,C01554,P0091,3,63.3,Spain,2024-04-25
T0004392,C01321,P0090,1,163.63,France,2024-08-18
T0004393,C01290,P0187,2,373.01,Israel,2024-09-06
T0004394,C01367,P0150,2,213.45,Canada,2024-03-29
T0004395,C00048,P0190,5,371.08,Spain,2024-03-06
T0004396,C00221,P0120,3,158.34,France,2024-08-10
T0004397,C00479,P0096,2,373.12,Israel,2024-01-26
T0004398,C01926,P0141,5,214.92,Italy,2024-09-02
T0004399,C01481,P0150,2,194.84,UK,2024-08-07
T0004400,C01828,P0125,4,119.0,Israel,2024-03-24
T0004401,C01879,P0087,3,120.94,Israel,2024-08-13
T0004402,C00248,P0190,2,357.66,Italy,2024-10-04
T0004403,C00757,P0105,5,191.48,Germany,2024-02-07
T0004404,C01789,P0046,4,323.35,Spain,2024-05-13
T0004405,C01670,P0000,1,208.62,Brazil,2024-02-18
T0004406,C00332,P0005,1,109.39,USA,2024-12-14
T0004407,C01421,P0137,5,214.97,France,2024-08-15
T0004408,C01202,P0140,5,215.86,Spain,2024-05-21
T0004409,C00291,P0101,5,425.04,Germany,2024-08-21
T0004410,C01536,P0160,1,305.62,USA,2024-03-16
T0004411,C00436,P0190,1,410.42,France,2024-01-06
T0004412,C01046,P0141,5,210.9,USA,2024-09-14
T0004413,C00681,P0138,2,58.41,France,2024-09-05
T0004414,C01425,P0081,2,120.13,Israel,2024-08-08
T0004415,C00563,P0048,5,350.63,USA,2024-10-14
T0004416,C01601,P0156,1,253.31,Germany,2024-06-15
T0004417,C00763,P0136,5,163.62,Israel,2024-11-29
T0004418,C01321,P0117,2,161.76,Japan,2024-06-15
T0004419,C01338,P0042,5,114.39,Italy,2024-04-24
T0004420,C00553,P0075,5,324.84,Japan,2024-08-20
T0004421,C00525,P0010,2,439.07,Japan,2024-03-26
T0004422,C01540,P0032,1,414.82,Spain,2024-06-17
T0004423,C00805,P0114,4,421.79,USA,2024-03-20
T0004424,C01074,P0054,5,231.86,UK,2024-12-31
T0004425,C01169,P0185,2,336.48,Brazil,2024-10-20
T0004426,C01490,P0017,2,254.55,Germany,2024-03-22
T0004427,C01851,P0100,3,109.03,UK,2024-03-20
T0004428,C00072,P0019,3,225.78,Israel,2024-09-15
T0004429,C00272,P0096,4,361.99,UK,2024-05-27
T0004430,C00675,P0134,1,208.27,USA,2024-06-24
T0004431,C00029,P0017,5,264.19,Brazil,2024-12-19
T0004432,C01739,P0175,1,249.7,Israel,2024-10-14
T0004433,C00251,P0134,1,200.09,Spain,2024-09-02
T0004434,C00543,P0096,4,328.91,UK,2024-10-19
T0004435,C00588,P0113,3,370.88,Israel,2024-08-16
T0004436,C00779,P0163,4,58.08,UK,2024-01-15
T0004437,C00497,P0034,1,156.65,Brazil,2024-10-19
T0004438,C01189,P0077,3,75.31,USA,2024-04-13
T0004439,C00588,P0117,5,184.52,Spain,2024-03-14
T0004440,C01574,P0184,3,413.58,France,2024-10-11
T0004441,C00913,P0187,3,365.98,USA,2024-09-21
T0004442,C00934,P0057,1,93.58,Canada,2024-03-23
T0004443,C01641,P0032,1,460.55,Italy,2024-05-14
T0004444,C01647,P0003,3,348.38,Canada,2024-08-13
T0004445,C00706,P0134,5,209.47,Japan,2024-09-19
T0004446,C01794,P0011,3,351.47,USA,2024-03-04
T0004447,C01511,P0134,3,221.63,Israel,2024-07-08
T0004448,C00049,P0096,5,321.45,Canada,2024-12-02
T0004449,C00161,P0062,5,146.94,Japan,2024-01-30
T0004450,C01378,P0147,1,433.58,Japan,2024-07-27
T0004451,C00959,P0168,2,100.92,Brazil,2024-11-16
T0004452,C01892,P0180,1,385.03,Brazil,2024-03-13
T0004453,C00283,P0039,2,154.93,Japan,2024-09-10
T0004454,C01254,P0048,1,312.23,Brazil,2024-06-13
T0004455,C01671,P0013,5,126.2,Italy,2024-09-02
T0004456,C00365,P0028,1,476.97,France,2024-09-12
T0004457,C00588,P0110,1,53.43,Germany,2024-11-02
T0004458,C01986,P0092,1,265.04,Spain,2024-02-08
T0004459,C01073,P0192,3,248.16,Canada,2024-12-02
T0004460,C01372,P0057,2,100.08,Italy,2024-10-07
T0004461,C00360,P0189,2,301.47,Spain,2024-12-31
T0004462,C01668,P0129,4,33.68,France,2024-07-26
T0004463,C00758,P0194,1,445.39,UK,2024-02-23
T0004464,C01330,P0194,2,391.01,France,2024-07-14
T0004465,C01688,P0062,1,152.66,Canada,2024-01-10
T0004466,C00376,P0059,4,336.22,France,2024-12-29
T0004467,C00693,P0013,3,119.36,Spain,2024-08-12
T0004468,C01233,P0190,1,358.2,France,2024-04-30
T0004469,C01127,P0114,1,377.57,France,2024-11-03
T0004470,C01967,P0116,3,77.8,Israel,2024-01-03
T0004471,C00103,P0140,2,259.39,Italy,2024-03-07
T0004472,C00584,P0111,3,376.86,Japan,2024-09-20
T0004473,C01710,P0190,2,359.99,Israel,2024-09-21
T0004474,C01261,P0185,1,384.41,France,2024-07-10
T0004475,C00325,P0048,1,301.63,UK,2024-02-09
T0004476,C00622,P0062,5,161.35,USA,2024-09-05
T0004477,C01597,P0075,1,386.93,Italy,2024-03-11
T0004478,C01025,P0077,4,77.36,Japan,2024-09-27
T0004479,C00797,P0156,3,275.95,Canada,2024-09-01
T0004480,C01534,P0117,3,179.89,Italy,2024-04-02
T0004481,C01147,P0045,4,55.97,Israel,2024-01-14
T0004482,C01497,P0077,5,74.83,Germany,2024-01-22
T0004483,C00384,P0077,5,81.06,Spain,2024-05-19
T0004484,C01491,P0017,2,266.25,Spain,2024-03-07
T0004485,C00849,P0045,1,59.6,Japan,2024-10-17
T0004486,C00407,P0179,1,217.84,France,2024-05-24
T0004487,C01264,P0086,4,59.88,Japan,2024-04-05
T0004488,C00580,P0073,1,177.49,Israel,2024-10-21
T0004489,C00130,P0100,5,118.45,UK,2024-10-16
T0004490,C01438,P0154,3,54.31,France,2024-06-27
T0004491,C01257,P0194,3,429.41,UK,2024-02-24
T0004492,C00099,P0175,2,235.53,USA,2024-11-03
T0004493,C01373,P0129,5,38.92,Japan,2024-07-07
T0004494,C01296,P0046,5,314.82,USA,2024-04-26
T0004495,C01758,P0187,3,414.19,Japan,2024-01-31
T0004496,C01122,P0049,4,300.46,Japan,2024-10-08
T0004497,C00486,P0185,3,368.71,Spain,2024-08-18
T0004498,C00828,P0122,3,198.86,Japan,2024-11-18
T0004499,C00293,P0094,3,242.31,Germany,2024-06-22
T0004500,C00935,P0057,5,100.73,USA,2024-07-24
T0004501,C01474,P0013,5,121.63,Spain,2024-02-24
T0004502,C01747,P0134,2,225.15,Japan,2024-03-27
T0004503,C00150,P0080,3,51.11,Brazil,2024-04-09
T0004504,C00946,P0155,3,29.55,Canada,2024-06-24
T0004505,C00675,P0069,1,202.57,France,2024-11-18
T0004506,C00300,P0057,4,115.02,Japan,2024-11-09
T0004507,C00208,P0190,1,392.97,Japan,2024-10-08
T0004508,C01531,P0101,5,482.45,Canada,2024-12-02
T0004509,C01491,P0175,2,234.25,Canada,2024-05-14
T0004510,C01881,P0154,4,51.73,France,2024-11-19
T0004511,C01052,P0068,5,96.65,Canada,2024-10-26
T0004512,C00112,P0187,3,400.09,Canada,2024-09-05
T0004513,C00356,P0002,2,350.52,Spain,2024-12-30
T0004514,C01128,P0023,3,408.33,France,2024-12-05
T0004515,C00679,P0101,4,464.37,Canada,2024-08-14
T0004516,C00206,P0075,5,376.48,Japan,2024-01-25
T0004517,C01047,P0077,3,66.23,Canada,2024-02-04
T0004518,C00205,P0142,3,61.57,Canada,2024-06-02
T0004519,C00218,P0134,3,216.41,USA,2024-09-05
T0004520,C01582,P0042,3,121.52,USA,2024-03-31
T0004521,C01787,P0075,5,315.92,USA,2024-08-22
T0004522,C01886,P0084,3,260.56,Brazil,2024-11-30
T0004523,C00924,P0101,4,422.83,Israel,2024-07-30
T0004524,C01028,P0139,1,165.68,Canada,2024-11-12
T0004525,C00169,P0180,5,373.26,France,2024-10-24
T0004526,C01601,P0163,4,66.4,USA,2024-06-10
T0004527,C01563,P0028,1,442.83,Germany,2024-04-08
T0004528,C01092,P0075,2,382.3,Italy,2024-08-11
T0004529,C01214,P0148,1,316.27,Canada,2024-09-22
T0004530,C00451,P0125,2,140.47,Canada,2024-03-03
T0004531,C01511,P0062,3,175.15,UK,2024-05-20
T0004532,C00725,P0194,2,444.27,Spain,2024-02-03
T0004533,C01465,P0080,3,52.94,Japan,2024-02-14
T0004534,C01289,P0131,4,122.35,USA,2024-06-11
T0004535,C00800,P0125,3,117.4,Canada,2024-11-10
T0004536,C00122,P0136,5,157.58,Japan,2024-02-24
T0004537,C01142,P0076,4,258.74,Spain,2024-11-29
T0004538,C00780,P0114,4,392.35,Israel,2024-08-15
T0004539,C01698,P0184,3,474.14,Japan,2024-09-16
T0004540,C00142,P0180,1,375.7,Germany,2024-08-27
T0004541,C01563,P0115,5,317.39,UK,2024-07-22
T0004542,C01167,P0101,2,415.34,Italy,2024-10-22
T0004543,C00382,P0190,5,335.17,Germany,2024-03-05
T0004544,C01679,P0025,4,269.95,Italy,2024-08-11
T0004545,C00865,P0101,3,425.34,Brazil,2024-11-28
T0004546,C01572,P0019,1,200.19,USA,2024-10-23
T0004547,C01482,P0150,3,224.6,Canada,2024-07-12
T0004548,C00557,P0019,5,223.98,Israel,2024-07-01
T0004549,C01813,P0023,2,479.94,Italy,2024-11-24
T0004550,C01056,P0129,5,37.11,Spain,2024-07-18
T0004551,C00043,P0101,5,430.86,Japan,2024-09-15
T0004552,C01075,P0140,1,245.96,Germany,2024-04-11
T0004553,C00544,P0120,4,165.98,Brazil,2024-04-22
T0004554,C00555,P0094,1,275.38,Italy,2024-03-06
T0004555,C01298,P0185,5,328.5,Italy,2024-08-28
T0004556,C00935,P0078,1,407.21,UK,2024-02-11
T0004557,C01251,P0013,3,141.01,Canada,2024-05-24
T0004558,C00796,P0193,4,194.35,Germany,2024-10-08
T0004559,C00022,P0029,3,300.13,Canada,2024-07-16
T0004560,C00223,P0196,4,104.55,Japan,2024-02-20
T0004561,C01543,P0113,1,390.14,USA,2024-02-07
T0004562,C01076,P0190,2,352.13,Germany,2024-08-29
T0004563,C00178,P0198,2,359.61,Italy,2024-10-24
T0004564,C00291,P0125,5,116.61,USA,2024-07-09
T0004565,C01189,P0140,5,226.44,UK,2024-02-17
T0004566,C00520,P0168,2,113.28,Italy,2024-11-06
T0004567,C00751,P0167,1,297.78,Brazil,2024-08-09
T0004568,C00154,P0084,2,251.04,Spain,2024-10-03
T0004569,C00946,P0156,2,234.23,Brazil,2024-11-13
T0004570,C00228,P0184,4,464.53,Germany,2024-11-26
T0004571,C01842,P0088,2,92.89,Brazil,2024-10-24
T0004572,C01870,P0154,4,44.59,Israel,2024-04-19
T0004573,C00397,P0120,5,141.14,UK,2024-12-26
T0004574,C00574,P0167,3,285.5,USA,2024-11-29
T0004575,C01993,P0059,2,342.46,Israel,2024-02-03
T0004576,C00883,P0198,3,353.14,Canada,2024-05-05
T0004577,C00668,P0154,3,49.71,Spain,2024-12-31
T0004578,C01400,P0170,2,406.35,USA,2024-01-19
T0004579,C01410,P0017,3,238.99,Brazil,2024-01-09
T0004580,C01592,P0156,3,261.38,USA,2024-10-21
T0004581,C01988,P0131,3,123.35,USA,2024-03-18
T0004582,C01929,P0100,4,109.08,Israel,2024-02-13
T0004583,C00253,P0076,5,294.89,Germany,2024-01-08
T0004584,C00204,P0140,5,220.94,Japan,2024-08-17
T0004585,C00360,P0004,4,172.07,Israel,2024-09-21
T0004586,C00413,P0195,5,128.45,Italy,2024-05-24
T0004587,C01347,P0085,2,118.48,Germany,2024-09-04
T0004588,C00644,P0101,1,433.18,USA,2024-01-29
T0004589,C01124,P0124,1,324.58,Germany,2024-12-22
T0004590,C01051,P0146,4,213.08,France,2024-06-11
T0004591,C01095,P0045,3,53.81,Japan,2024-02-03
T0004592,C01866,P0186,3,330.92,France,2024-10-11
T0004593,C01770,P0119,4,141.35,UK,2024-05-18
T0004594,C01943,P0113,1,391.7,USA,2024-06-19
T0004595,C01405,P0027,3,227.61,Brazil,2024-11-30
T0004596,C00698,P0180,2,401.37,France,2024-08-06
T0004597,C01965,P0147,4,416.02,UK,2024-11-16
T0004598,C01433,P0062,3,165.45,Spain,2024-08-26
T0004599,C01689,P0080,4,55.21,UK,2024-03-08
T0004600,C01320,P0103,3,345.21,Brazil,2024-08-24
T0004601,C00764,P0198,5,366.11,Israel,2024-08-08
T0004602,C01133,P0185,5,362.87,Canada,2024-12-01
T0004603,C00393,P0185,1,373.64,Canada,2024-02-11
T0004604,C01189,P0134,2,200.07,Italy,2024-07-03
T0004605,C01266,P0046,2,343.41,Italy,2024-08-29
T0004606,C00364,P0050,3,233.97,Italy,2024-06-08
T0004607,C00517,P0113,5,347.2,Japan,2024-04-25
T0004608,C00116,P0046,5,342.52,Germany,2024-07-29
T0004609,C01180,P0101,2,450.26,Italy,2024-06-12
T0004610,C01689,P0107,1,128.48,Spain,2024-10-05
T0004611,C00375,P0150,2,221.3,Israel,2024-11-17
T0004612,C00519,P0012,5,263.91,Israel,2024-03-17
T0004613,C00379,P0136,2,161.41,Brazil,2024-11-19
T0004614,C00208,P0130,5,235.25,Italy,2024-06-09
T0004615,C00902,P0182,4,255.73,UK,2024-12-08
T0004616,C01775,P0079,2,273.74,UK,2024-03-13
T0004617,C00091,P0180,1,363.37,Japan,2024-10-23
T0004618,C00411,P0046,2,318.98,France,2024-03-22
T0004619,C00807,P0059,5,315.64,UK,2024-05-08
T0004620,C01651,P0188,3,361.39,Italy,2024-07-05
T0004621,C00867,P0122,4,235.74,Israel,2024-12-29
T0004622,C00614,P0156,1,264.7,Spain,2024-11-27
T0004623,C01654,P0136,5,164.13,France,2024-12-23
T0004624,C01039,P0119,2,121.04,France,2024-12-03
T0004625,C01630,P0044,5,316.17,Israel,2024-12-18
T0004626,C01253,P0126,5,338.47,Japan,2024-11-29
T0004627,C01585,P0156,5,220.8,Brazil,2024-01-03
T0004628,C01232,P0150,3,183.42,Brazil,2024-04-01
T0004629,C01129,P0146,5,246.47,Italy,2024-09-17
T0004630,C01716,P0017,2,233.24,Italy,2024-02-13
T0004631,C01447,P0057,5,107.77,Canada,2024-09-15
T0004632,C00190,P0067,1,228.72,USA,2024-12-15
T0004633,C00254,P0160,2,292.52,France,2024-11-08
T0004634,C00927,P0083,3,249.97,Italy,2024-02-19
T0004635,C01328,P0106,2,70.88,Italy,2024-12-29
T0004636,C01642,P0140,3,230.05,Brazil,2024-08-06
T0004637,C00849,P0046,2,375.11,Japan,2024-10-02
T0004638,C00705,P0156,3,262.99,Spain,2024-08-21
T0004639,C01068,P0107,3,116.38,Canada,2024-02-20
T0004640,C00266,P0024,2,420.23,Japan,2024-02-28
T0004641,C01898,P0011,4,327.73,Israel,2024-11-27
T0004642,C01122,P0088,4,85.82,UK,2024-02-03
T0004643,C00464,P0057,5,113.82,Italy,2024-04-27
T0004644,C01491,P0190,2,348.64,Spain,2024-02-12
T0004645,C00706,P0137,2,229.4,Italy,2024-11-05
T0004646,C01756,P0028,4,403.57,Brazil,2024-07-28
T0004647,C00591,P0190,2,366.59,UK,2024-07-19
T0004648,C01381,P0017,5,229.58,France,2024-11-05
T0004649,C00353,P0156,1,254.11,France,2024-12-16
T0004650,C01902,P0175,4,250.59,Brazil,2024-04-15
T0004651,C01270,P0088,4,80.46,Japan,2024-06-14
T0004652,C00908,P0129,5,31.88,Israel,2024-04-14
T0004653,C01880,P0103,5,395.6,Spain,2024-09-01
T0004654,C01364,P0009,4,22.85,UK,2024-10-22
T0004655,C01755,P0077,5,80.3,Brazil,2024-10-07
T0004656,C00693,P0103,5,355.26,Canada,2024-01-20
T0004657,C01611,P0062,3,167.06,Italy,2024-12-17
T0004658,C00342,P0077,1,71.05,Brazil,2024-12-09
T0004659,C00774,P0140,5,246.91,Italy,2024-09-27
T0004660,C01998,P0147,4,400.55,Japan,2024-08-17
T0004661,C00401,P0117,3,169.03,Brazil,2024-12-29
T0004662,C01792,P0088,1,77.32,Italy,2024-10-18
T0004663,C01089,P0045,2,54.17,Italy,2024-07-23
T0004664,C01827,P0129,2,33.07,USA,2024-11-17
T0004665,C01967,P0117,4,173.14,Germany,2024-10-02
T0004666,C01569,P0185,2,339.87,UK,2024-01-16
T0004667,C01613,P0096,4,352.24,USA,2024-11-28
T0004668,C00902,P0099,2,186.23,France,2024-07-14
T0004669,C01106,P0023,4,480.67,France,2024-09-01
T0004670,C00966,P0105,4,189.26,Spain,2024-12-10
T0004671,C00933,P0125,4,141.02,Israel,2024-02-23
T0004672,C00429,P0180,2,336.54,France,2024-04-03
T0004673,C01964,P0198,4,341.56,Germany,2024-05-04
T0004674,C00441,P0065,1,286.34,France,2024-03-11
T0004675,C01207,P0131,1,120.44,Brazil,2024-10-28
T0004676,C01090,P0103,1,402.9,UK,2024-09-09
T0004677,C00962,P0087,3,126.17,USA,2024-01-31
T0004678,C00518,P0134,3,207.47,Germany,2024-06-04
T0004679,C00079,P0137,4,232.55,USA,2024-09-24
T0004680,C00518,P0069,5,188.84,Germany,2024-05-29
T0004681,C00659,P0114,3,377.32,Canada,2024-04-21
T0004682,C01821,P0071,4,81.78,Japan,2024-08-13
T0004683,C01207,P0007,5,450.33,Canada,2024-06-30
T0004684,C00103,P0146,1,236.46,Germany,2024-11-04
T0004685,C00571,P0084,3,228.63,Germany,2024-04-12
T0004686,C00542,P0101,5,405.07,Spain,2024-04-15
T0004687,C00557,P0194,5,442.03,UK,2024-10-27
T0004688,C01140,P0054,1,240.67,France,2024-12-14
T0004689,C01209,P0194,5,364.22,Japan,2024-07-16
T0004690,C00529,P0042,5,112.48,Canada,2024-02-07
T0004691,C00212,P0157,4,67.8,Brazil,2024-02-24
T0004692,C01965,P0187,4,368.29,France,2024-03-07
T0004693,C00174,P0194,2,386.65,Italy,2024-03-31
T0004694,C00405,P0062,5,163.77,Canada,2024-07-06
T0004695,C00446,P0129,5,35.49,France,2024-01-21
T0004696,C00399,P0124,3,343.05,Italy,2024-05-21
T0004697,C01672,P0077,3,74.26,USA,2024-09-22
T0004698,C00475,P0190,2,408.9,France,2024-09-07
T0004699,C00040,P0057,1,109.04,USA,2024-09-29
T0004700,C01535,P0142,3,66.25,Germany,2024-07-29
T0004701,C01774,P0184,4,413.2,Israel,2024-07-14
T0004702,C00067,P0101,2,414.48,Germany,2024-04-24
T0004703,C01911,P0134,1,219.53,UK,2024-08-22
T0004704,C01302,P0109,3,43.08,Germany,2024-08-03
T0004705,C00173,P0013,3,116.37,Germany,2024-12-08
T0004706,C00470,P0007,2,424.23,UK,2024-11-19
T0004707,C01362,P0046,3,317.71,Israel,2024-06-06
T0004708,C01613,P0175,3,217.02,Brazil,2024-07-10
T0004709,C01938,P0101,3,399.07,France,2024-02-24
T0004710,C01973,P0198,5,340.26,Germany,2024-06-17
T0004711,C00992,P0054,5,253.54,Italy,2024-04-13
T0004712,C00347,P0136,5,149.87,Israel,2024-02-08
T0004713,C00456,P0057,5,100.74,Israel,2024-12-16
T0004714,C00945,P0114,1,425.17,Spain,2024-10-15
T0004715,C00291,P0103,2,355.84,USA,2024-03-28
T0004716,C00092,P0193,3,211.34,USA,2024-08-09
T0004717,C00533,P0048,4,340.65,Germany,2024-05-10
T0004718,C00268,P0048,4,300.45,Israel,2024-06-07
T0004719,C01653,P0065,1,296.35,Germany,2024-09-20
T0004720,C00275,P0086,1,62.01,Italy,2024-04-02
T0004721,C00721,P0052,1,422.77,Brazil,2024-12-20
T0004722,C00303,P0157,2,65.74,Italy,2024-02-19
T0004723,C01363,P0046,1,339.4,Brazil,2024-02-16
T0004724,C01171,P0076,3,254.33,Italy,2024-03-30
T0004725,C01047,P0034,2,159.45,Canada,2024-03-27
T0004726,C01068,P0062,1,176.99,France,2024-08-04
T0004727,C01320,P0129,2,32.96,Spain,2024-05-14
T0004728,C01466,P0186,1,334.17,Japan,2024-08-17
T0004729,C00496,P0052,5,397.79,Israel,2024-05-22
T0004730,C01223,P0156,4,233.36,USA,2024-05-03
T0004731,C00379,P0124,2,334.69,UK,2024-12-05
T0004732,C01902,P0180,1,336.41,Japan,2024-10-06
T0004733,C00508,P0113,4,372.96,UK,2024-11-15
T0004734,C01871,P0042,2,117.47,Italy,2024-03-17
T0004735,C01915,P0013,4,125.92,USA,2024-07-12
T0004736,C00907,P0134,5,220.64,France,2024-04-14
T0004737,C01522,P0150,2,220.36,Israel,2024-10-17
T0004738,C00162,P0155,3,28.7,France,2024-04-21
T0004739,C00874,P0185,2,325.45,USA,2024-08-11
T0004740,C00957,P0048,1,312.96,Brazil,2024-10-08
T0004741,C00378,P0071,1,81.71,France,2024-11-24
T0004742,C01090,P0048,2,312.23,France,2024-02-05
T0004743,C01928,P0046,5,346.28,France,2024-09-23
T0004744,C00954,P0084,4,263.84,Germany,2024-11-25
T0004745,C01561,P0075,3,375.11,Brazil,2024-07-05
T0004746,C00290,P0046,5,349.84,UK,2024-12-17
T0004747,C01250,P0131,4,121.5,France,2024-05-11
T0004748,C00787,P0190,1,380.52,Israel,2024-02-13
T0004749,C00285,P0187,5,355.73,Brazil,2024-11-26
T0004750,C01493,P0008,1,365.33,France,2024-07-25
T0004751,C00075,P0045,5,53.84,UK,2024-02-15
T0004752,C01532,P0070,1,22.18,Brazil,2024-03-18
T0004753,C00026,P0019,2,195.67,Canada,2024-01-03
T0004754,C00280,P0129,2,37.55,Japan,2024-11-01
T0004755,C00218,P0142,2,67.52,USA,2024-04-12
T0004756,C01930,P0003,3,323.75,USA,2024-11-08
T0004757,C01861,P0113,4,361.15,Spain,2024-04-11
T0004758,C01869,P0089,4,168.96,Canada,2024-12-19
T0004759,C00197,P0175,2,239.74,France,2024-08-04
T0004760,C01964,P0156,4,242.23,USA,2024-11-25
T0004761,C01999,P0019,4,219.55,UK,2024-01-03
T0004762,C01738,P0019,4,203.63,Canada,2024-12-24
T0004763,C00748,P0048,4,327.19,France,2024-01-17
T0004764,C01307,P0002,4,367.51,Canada,2024-09-28
T0004765,C00388,P0048,4,323.06,France,2024-07-23
T0004766,C01171,P0103,4,392.24,USA,2024-04-13
T0004767,C01705,P0169,5,75.91,USA,2024-03-30
T0004768,C00054,P0194,2,388.15,USA,2024-09-14
T0004769,C00709,P0045,5,61.23,Italy,2024-12-21
T0004770,C01413,P0103,2,383.28,Japan,2024-05-01
T0004771,C01175,P0076,3,290.18,Japan,2024-10-22
T0004772,C00296,P0141,4,202.19,Japan,2024-07-29
T0004773,C01603,P0045,3,64.67,France,2024-12-13
T0004774,C00836,P0134,2,194.85,Brazil,2024-02-18
T0004775,C00672,P0101,3,403.71,Brazil,2024-08-24
T0004776,C00525,P0134,4,210.88,Brazil,2024-10-29
T0004777,C01501,P0065,1,279.2,Spain,2024-03-17
T0004778,C01463,P0059,1,315.92,Italy,2024-08-15
T0004779,C00172,P0045,4,54.63,Italy,2024-04-29
T0004780,C00373,P0192,4,215.62,Israel,2024-08-10
T0004781,C01244,P0028,5,393.95,Italy,2024-08-30
T0004782,C01937,P0042,4,118.6,Spain,2024-08-26
T0004783,C00199,P0185,3,335.25,USA,2024-08-31
T0004784,C01862,P0046,4,384.01,Italy,2024-11-20
T0004785,C01772,P0134,5,196.37,Brazil,2024-02-17
T0004786,C00146,P0156,4,244.23,Israel,2024-03-07
T0004787,C00050,P0183,1,105.68,Japan,2024-03-17
T0004788,C01016,P0129,4,34.36,Israel,2024-05-17
T0004789,C00302,P0189,2,333.89,UK,2024-05-02
T0004790,C01119,P0094,3,257.88,UK,2024-06-20
T0004791,C00702,P0082,3,115.74,France,2024-10-30
T0004792,C00461,P0082,4,102.89,France,2024-02-01
T0004793,C01389,P0117,5,198.18,Canada,2024-11-27
T0004794,C01087,P0019,5,212.76,France,2024-05-06
T0004795,C00484,P0006,2,37.82,France,2024-01-31
T0004796,C00639,P0194,2,413.93,USA,2024-02-25
T0004797,C01167,P0137,3,246.03,Brazil,2024-01-24
T0004798,C01255,P0184,5,449.44,France,2024-06-29
T0004799,C00153,P0175,4,206.49,Brazil,2024-05-04
T0004800,C00621,P0134,3,221.3,Japan,2024-11-19
T0004801,C01165,P0048,5,325.72,USA,2024-09-26
T0004802,C00934,P0090,2,166.26,France,2024-10-31
T0004803,C01984,P0059,1,340.45,Canada,2024-04-26
T0004804,C01496,P0103,5,408.15,Italy,2024-03-05
T0004805,C00275,P0014,5,252.12,France,2024-09-10
T0004806,C01540,P0103,4,358.81,Spain,2024-11-27
T0004807,C01984,P0065,3,246.18,Israel,2024-12-20
T0004808,C00330,P0079,1,291.34,Israel,2024-01-24
T0004809,C01084,P0134,5,219.18,Japan,2024-01-21
T0004810,C00105,P0141,3,191.47,Germany,2024-10-22
T0004811,C00905,P0064,3,127.62,Japan,2024-12-17
T0004812,C00824,P0177,4,138.65,France,2024-08-10
T0004813,C01160,P0131,4,123.79,Spain,2024-12-20
T0004814,C01018,P0085,5,132.68,USA,2024-04-04
T0004815,C00401,P0013,4,136.39,Italy,2024-10-08
T0004816,C00730,P0152,4,397.97,Germany,2024-10-30
T0004817,C00064,P0101,4,401.22,France,2024-11-13
T0004818,C00632,P0146,2,214.21,Spain,2024-09-25
T0004819,C00484,P0140,3,210.19,Brazil,2024-05-05
T0004820,C01719,P0106,3,78.88,Germany,2024-05-16
T0004821,C00396,P0190,3,383.3,Israel,2024-08-16
T0004822,C00747,P0185,1,334.39,France,2024-07-03
T0004823,C00667,P0013,2,123.45,Canada,2024-07-01
T0004824,C01621,P0102,5,120.78,Germany,2024-11-17
T0004825,C00211,P0199,4,345.09,Brazil,2024-03-09
T0004826,C00748,P0048,2,318.58,Canada,2024-03-31
T0004827,C01339,P0062,2,148.69,USA,2024-05-15
T0004828,C00992,P0113,2,342.98,Canada,2024-05-25
T0004829,C00691,P0062,2,154.5,Spain,2024-11-23
T0004830,C00177,P0179,5,221.03,Brazil,2024-02-20
T0004831,C00018,P0088,2,84.85,Canada,2024-04-22
T0004832,C00074,P0019,5,217.57,Israel,2024-10-03
T0004833,C01762,P0099,2,191.85,Japan,2024-04-23
T0004834,C01118,P0071,2,83.19,France,2024-10-12
T0004835,C00927,P0177,4,137.52,USA,2024-12-17
T0004836,C00164,P0194,2,372.6,Israel,2024-09-24
T0004837,C01781,P0049,5,320.15,Israel,2024-01-16
T0004838,C00106,P0125,4,140.05,Japan,2024-01-08
T0004839,C01744,P0113,5,377.82,Canada,2024-08-03
T0004840,C01723,P0059,1,353.08,Canada,2024-03-14
T0004841,C00654,P0158,1,254.5,Israel,2024-03-11
T0004842,C01615,P0000,2,185.49,France,2024-01-18
T0004843,C01440,P0048,1,330.96,UK,2024-04-06
T0004844,C01830,P0134,2,225.59,Italy,2024-07-20
T0004845,C01067,P0045,5,60.72,Japan,2024-05-04
T0004846,C00117,P0045,4,55.88,Canada,2024-01-10
T0004847,C01216,P0049,2,294.97,Spain,2024-10-14
T0004848,C01646,P0089,4,152.9,Italy,2024-12-01
T0004849,C00797,P0113,2,386.95,Brazil,2024-02-23
T0004850,C01008,P0046,4,326.02,UK,2024-11-12
T0004851,C00005,P0113,5,362.24,France,2024-02-28
T0004852,C00094,P0178,2,304.3,Canada,2024-01-22
T0004853,C01527,P0084,2,271.0,Spain,2024-07-16
T0004854,C00840,P0028,2,469.79,Japan,2024-08-05
T0004855,C01235,P0156,3,266.3,Brazil,2024-01-20
T0004856,C00828,P0146,4,249.41,Brazil,2024-07-08
T0004857,C00632,P0016,5,375.68,Germany,2024-04-26
T0004858,C00569,P0137,5,223.62,Brazil,2024-11-17
T0004859,C00249,P0190,2,359.7,France,2024-08-07
T0004860,C00696,P0128,4,394.96,Japan,2024-01-08
T0004861,C00459,P0007,3,382.25,UK,2024-10-19
T0004862,C01388,P0124,3,338.94,Israel,2024-01-05
T0004863,C00030,P0132,4,270.68,Japan,2024-09-19
T0004864,C01508,P0159,4,218.24,Germany,2024-02-09
T0004865,C00125,P0194,1,397.08,UK,2024-11-21
T0004866,C00597,P0185,4,332.04,Israel,2024-09-12
T0004867,C01914,P0077,3,76.36,Italy,2024-02-04
T0004868,C00867,P0177,5,130.1,USA,2024-11-05
T0004869,C01982,P0023,2,431.3,Spain,2024-01-02
T0004870,C00781,P0156,1,226.62,Italy,2024-07-12
T0004871,C01336,P0129,5,34.05,USA,2024-07-10
T0004872,C00967,P0185,2,328.17,UK,2024-09-19
T0004873,C00812,P0113,1,381.47,UK,2024-12-05
T0004874,C00353,P0047,3,262.22,USA,2024-08-18
T0004875,C00858,P0109,1,44.08,UK,2024-12-23
T0004876,C00373,P0075,5,359.67,UK,2024-05-17
T0004877,C01501,P0117,4,194.62,USA,2024-08-30
T0004878,C01404,P0070,1,18.33,Brazil,2024-04-05
T0004879,C00174,P0113,3,392.8,France,2024-03-01
T0004880,C00075,P0191,3,39.71,Japan,2024-11-18
T0004881,C01915,P0190,3,418.36,Italy,2024-09-03
T0004882,C00787,P0077,4,67.76,Israel,2024-04-29
T0004883,C00944,P0113,2,383.64,UK,2024-01-18
T0004884,C00404,P0184,4,443.21,Brazil,2024-10-21
T0004885,C01877,P0075,2,N/A,France,2024-08-25
T0004886,C01039,P0046,1,354.07,Israel,2024-09-23
T0004887,C01328,P0150,5,205.48,Germany,2024-11-20
T0004888,C01242,P0057,5,102.87,France,2024-05-17
T0004889,C00901,P0119,5,134.87,Spain,2024-06-11
T0004890,C00223,P0134,3,225.2,Spain,2024-05-24
T0004891,C00566,P0090,2,184.49,Canada,2024-02-27
T0004892,C01581,P0129,2,38.43,Japan,2024-03-13
T0004893,C00524,P0176,5,156.99,USA,2024-12-13
T0004894,C01150,P0046,5,331.01,Canada,2024-05-19
T0004895,C00035,P0045,2,62.84,Brazil,2024-02-16
T0004896,C00802,P0000,2,185.37,Japan,2024-06-07
T0004897,C00421,P0084,1,239.95,Brazil,2024-04-18
T0004898,C01681,P0185,1,380.71,Canada,2024-07-26
T0004899,C00762,P0077,1,74.65,France,2024-07-12
T0004900,C01311,P0062,1,158.29,Italy,2024-06-27
T0004901,C01960,P0070,4,21.33,Israel,2024-02-06
T0004902,C01174,P0076,4,274.01,Italy,2024-06-29
T0004903,C01071,P0185,1,377.87,Canada,2024-04-08
T0004904,C00277,P0014,4,255.26,Japan,2024-09-30
T0004905,C00077,P0025,1,274.17,Japan,2024-08-04
T0004906,C01737,P0088,3,90.06,France,2024-02-18
T0004907,C01455,P0197,2,239.83,France,2024-10-23
T0004908,C01695,P0150,3,203.49,USA,2024-09-27
T0004909,C01332,P0119,5,144.5,UK,2024-11-19
T0004910,C01015,P0063,5,219.63,France,2024-03-08
T0004911,C01793,P0148,2,285.6,Spain,2024-04-11
T0004912,C00425,P0185,1,334.69,Italy,2024-07-26
T0004913,C00387,P0046,4,342.25,France,2024-02-25
T0004914,C00008,P0176,3,178.02,Japan,2024-06-19
T0004915,C00508,P0182,1,292.42,USA,2024-10-27
T0004916,C01955,P0025,2,270.81,France,2024-12-17
T0004917,C01968,P0054,2,208.61,Brazil,2024-07-26
T0004918,C00040,P0065,5,274.58,UK,2024-08-12
T0004919,C00984,P0096,4,335.58,Canada,2024-12-22
T0004920,C01543,P0079,2,299.36,Israel,2024-05-28
T0004921,C01856,P0163,4,59.78,Italy,2024-02-14
T0004922,C00262,P0021,3,159.74,UK,2024-01-25
T0004923,C00345,P0129,5,31.98,Japan,2024-11-15
T0004924,C01929,P0101,2,458.78,Brazil,2024-01-12
T0004925,C01488,P0048,3,317.99,USA,2024-10-06
T0004926,C01120,P0077,1,74.51,Canada,2024-11-11
T0004927,C01322,P0053,3,281.22,Canada,2024-07-01
T0004928,C01198,P0103,3,359.47,UK,2024-03-16
T0004929,C01794,P0192,2,244.26,France,2024-10-24
T0004930,C00445,P0114,1,420.1,France,2024-11-05
T0004931,C01591,P0158,3,296.71,Canada,2024-12-18
T0004932,C00223,P0134,5,186.71,Israel,2024-03-21
T0004933,C00154,P0054,5,209.98,Brazil,2024-10-10
T0004934,C01132,P0119,1,135.43,Canada,2024-03-04
T0004935,C01182,P0129,4,35.95,Brazil,2024-05-25
T0004936,C01439,P0049,3,340.33,USA,2024-05-18
T0004937,C01193,P0129,2,33.81,Canada,2024-12-13
T0004938,C00253,P0049,1,324.18,France,2024-11-29
T0004939,C01015,P0045,5,59.1,Israel,2024-02-29
T0004940,C00874,P0084,5,257.97,Canada,2024-03-05
T0004941,C00250,P0129,3,38.78,UK,2024-01-21
T0004942,C01614,P0156,2,248.87,France,2024-09-21
T0004943,C01906,P0134,3,209.78,Japan,2024-11-18
T0004944,C01473,P0058,5,241.19,USA,2024-09-30
T0004945,C00508,P0184,3,457.89,UK,2024-06-23
T0004946,C00024,P0103,5,340.57,Canada,2024-03-01
T0004947,C01136,P0186,2,375.53,Brazil,2024-02-04
T0004948,C01554,P0013,5,130.63,Spain,2024-04-05
T0004949,C01168,P0180,3,373.14,Germany,2024-01-01
T0004950,C01402,P0013,1,121.06,USA,2024-07-06
T0004951,C00468,P0013,4,118.07,Italy,2024-06-14
T0004952,C01516,P0019,1,215.84,Germany,2024-02-26
T0004953,C01987,P0140,3,238.48,Brazil,2024-01-05
T0004954,C01685,P0190,4,392.74,Canada,2024-10-29
T0004955,C01372,P0103,4,390.61,Japan,2024-08-15
T0004956,C00674,P0077,3,68.68,Canada,2024-05-04
T0004957,C00734,P0129,4,34.66,Italy,2024-09-07
T0004958,C01993,P0180,3,336.33,Israel,2024-06-08
T0004959,C00251,P0134,2,190.22,France,2024-02-09
T0004960,C00735,P0070,3,21.51,Canada,2024-09-09
T0004961,C00764,P0178,1,261.57,USA,2024-06-11
T0004962,C00639,P0175,5,238.72,Canada,2024-07-19
T0004963,C00953,P0190,3,410.26,Germany,2024-09-11
T0004964,C01371,P0075,4,348.7,USA,2024-01-31
T0004965,C01404,P0075,3,348.88,Canada,2024-02-22
T0004966,C01288,P0033,1,354.49,Japan,2024-01-13
T0004967,C01533,P0121,4,312.22,Japan,2024-05-30
T0004968,C00796,P0107,2,121.05,Canada,2024-03-31
T0004969,C00681,P0045,4,55.39,Japan,2024-04-29
T0004970,C01125,P0136,3,148.56,USA,2024-03-01
T0004971,C01786,P0009,4,21.24,UK,2024-06-29
T0004972,C01296,P0184,2,421.31,France,2024-04-06
T0004973,C00214,P0164,4,273.74,France,2024-04-24
T0004974,C00568,P0156,5,271.89,Israel,2024-07-18
T0004975,C01112,P0013,1,134.18,USA,2024-06-12
T0004976,C01385,P0141,4,180.52,Germany,2024-02-22
T0004977,C01166,P0190,5,387.67,Italy,2024-12-31
T0004978,C00554,P0195,3,127.46,Canada,2024-10-03
T0004979,C01269,P0052,2,420.27,Italy,2024-11-21
T0004980,C00873,P0073,1,189.73,Germany,2024-03-23
T0004981,C00779,P0019,5,225.16,UK,2024-08-21
T0004982,C00445,P0154,4,53.82,Brazil,2024-06-23
T0004983,C00092,P0012,3,255.35,Italy,2024-05-15
T0004984,C00575,P0057,1,104.46,Germany,2024-01-17
T0004985,C01478,P0028,3,433.7,Brazil,2024-04-03
T0004986,C00517,P0175,3,212.41,Italy,2024-04-02
T0004987,C00101,P0136,3,150.8,Israel,2024-10-22
T0004988,C01330,P0117,3,167.33,France,2024-11-06
T0004989,C00414,P0028,4,461.04,Italy,2024-01-21
T0004990,C01105,P0067,3,244.08,Spain,2024-02-11
T0004991,C00557,P0051,1,234.71,France,2024-08-30
T0004992,C00653,P0131,2,105.52,Germany,2024-01-21
T0004993,C01676,P0101,2,459.55,Italy,2024-04-04
T0004994,C00032,P0185,4,390.67,France,2024-04-13
T0004995,C00759,P0117,2,170.4,Spain,2024-11-23
T0004996,C00251,P0193,5,208.24,Spain,2024-04-20
T0004997,C01543,P0013,1,128.71,Spain,2024-09-05
T0004998,C01137,P0192,2,220.09,Israel,2024-10-26
T0004999,C01524,P0190,2,414.8,Japan,2024-01-26
T0005000,C01252,P0033,4,374.23,France,2024-05-29
T0005001,C01860,P0125,5,115.62,Canada,2024-09-12
T0005002,C01882,P0180,4,353.29,Spain,2024-08-10
T0005003,C01087,P0129,5,31.67,Canada,2024-11-13
T0005004,C00520,P0111,2,464.8,Germany,2024-03-25
T0005005,C00769,P0125,3,137.5,Israel,2024-07-16
T0005006,C00765,P0099,3,189.33,Canada,2024-02-21
T0005007,C01837,P0017,5,276.83,Brazil,2024-01-22
T0005008,C01290,P0180,2,364.25,UK,2024-01-06
T0005009,C01746,P0124,3,354.88,Israel,2024-08-29
T0005010,C01751,P0104,5,43.64,UK,2024-01-24
T0005011,C01923,P0013,1,131.66,Israel,2024-12-13
T0005012,C00000,P0048,4,328.31,USA,2024-09-23
T0005013,C01499,P0185,4,335.02,USA,2024-09-09
T0005014,C01978,P0113,5,331.85,Israel,2024-09-17
T0005015,C00792,P0185,1,391.1,Germany,2024-03-27
T0005016,C00234,P0007,4,456.46,Japan,2024-09-22
T0005017,C00319,P0101,2,408.21,USA,2024-09-25
T0005018,C00957,P0113,2,353.83,Brazil,2024-04-27
T0005019,C00349,P0062,1,179.59,USA,2024-09-29
T0005020,C00096,P0142,4,64.11,France,2024-09-20
T0005021,C01817,P0156,2,272.94,Canada,2024-06-17
T0005022,C00802,P0194,4,384.31,Spain,2024-05-07
T0005023,C00874,P0018,2,313.77,Germany,2024-09-02
T0005024,C01584,P0065,3,249.06,Canada,2024-06-28
T0005025,C00218,P0057,4,109.49,Israel,2024-02-22
T0005026,C01927,P0129,1,36.6,Brazil,2024-03-26
T0005027,C01819,P0159,3,188.85,Japan,2024-02-03
T0005028,C01367,P0010,2,437.47,Brazil,2024-10-15
T0005029,C00258,P0076,4,301.87,France,2024-06-26
T0005030,C01856,P0187,2,339.35,Japan,2024-07-31
T0005031,C01483,P0175,4,254.58,Canada,2024-12-21
T0005032,C00047,P0129,2,32.21,Canada,2024-12-05
T0005033,C00066,P0007,1,386.17,Brazil,2024-10-22
T0005034,C01748,P0048,1,307.8,USA,2024-01-03
T0005035,C01872,P0013,4,113.94,UK,2024-11-07
T0005036,C00218,P0036,1,179.76,France,2024-07-09
T0005037,C00306,P0017,2,227.67,Italy,2024-06-22
T0005038,C00086,P0038,3,19.55,Italy,2024-10-27
T0005039,C00231,P0136,2,136.94,USA,2024-10-29
T0005040,C00365,P0192,2,236.48,Spain,2024-08-24
T0005041,C01615,P0086,1,51.59,Japan,2024-08-19
T0005042,C00710,P0125,3,134.9,Italy,2024-09-13
T0005043,C00882,P0084,5,246.51,Spain,2024-05-17
T0005044,C01807,P0114,3,433.73,USA,2024-11-13
T0005045,C00999,P0134,2,198.17,Japan,2024-09-17
T0005046,C00985,P0054,4,241.86,USA,2024-10-14
T0005047,C00815,P0178,5,260.26,Brazil,2024-10-22
T0005048,C01587,P0115,2,358.14,Spain,2024-06-06
T0005049,C00984,P0190,2,413.16,Canada,2024-01-19
T0005050,C00246,P0154,4,46.7,France,2024-01-30
T0005051,C00891,P0187,5,410.78,Japan,2024-06-24
T0005052,C01988,P0057,3,102.1,France,2024-12-17
T0005053,C01814,P0146,1,234.25,USA,2024-05-29
T0005054,C00930,P0034,3,150.27,Canada,2024-12-20
T0005055,C01432,P0136,3,154.53,Japan,2024-08-04
T0005056,C01888,P0184,1,443.09,UK,2024-01-13
T0005057,C01244,P0045,3,56.44,Italy,2024-05-28
T0005058,C01309,P0062,5,182.13,Brazil,2024-07-02
T0005059,C00155,P0019,4,237.61,USA,2024-06-26
T0005060,C00423,P0086,4,54.13,USA,2024-03-17
T0005061,C00534,P0047,4,280.53,Canada,2024-01-01
T0005062,C01053,P0096,1,355.44,Brazil,2024-11-12
T0005063,C00105,P0129,3,35.03,Spain,2024-05-26
T0005064,C00949,P0141,2,205.22,Germany,2024-03-17
T0005065,C00604,P0059,3,352.0,UK,2024-05-19
T0005066,C01802,P0180,3,386.06,Spain,2024-08-31
T0005067,C00675,P0177,3,141.85,France,2024-07-26
T0005068,C01406,P0042,2,102.15,Canada,2024-07-31
T0005069,C00417,P0086,3,57.55,Japan,2024-02-29
T0005070,C01115,P0198,4,364.5,Spain,2024-05-05
T0005071,C01215,P0122,3,245.43,Japan,2024-07-15
T0005072,C00217,P0054,4,246.5,Japan,2024-08-12
T0005073,C00653,P0054,5,239.91,France,2024-04-05
T0005074,C00112,P0103,4,385.23,Italy,2024-12-29
T0005075,C00057,P0129,2,31.36,UK,2024-02-21
T0005076,C01998,P0140,1,218.57,France,2024-07-14
T0005077,C01144,P0140,1,255.84,USA,2024-01-09
T0005078,C00705,P0114,3,459.32,France,2024-01-18
T0005079,C00507,P0040,3,372.95,Germany,2024-12-30
T0005080,C01924,P0185,1,351.31,Canada,2024-01-27
T0005081,C00360,P0014,5,265.81,USA,2024-09-06
T0005082,C01191,P0048,4,297.89,France,2024-06-13
T0005083,C01337,P0059,3,329.47,Japan,2024-08-20
T0005084,C00310,P0081,3,116.86,Israel,2024-06-13
T0005085,C01470,P0048,2,310.91,Italy,2024-02-18
T0005086,C00537,P0131,1,99.6,Israel,2024-11-01
T0005087,C01952,P0003,3,327.23,Brazil,2024-07-06
T0005088,C00997,P0024,1,466.97,Italy,2024-02-17
T0005089,C00668,P0004,1,169.61,Japan,2024-08-28
T0005090,C00985,P0129,4,34.53,Italy,2024-09-29
T0005091,C00144,P0013,4,121.68,Germany,2024-02-04
T0005092,C01332,P0077,1,66.54,Germany,2024-05-24
T0005093,C00185,P0142,2,64.86,Japan,2024-08-26
T0005094,C00575,P0082,1,118.86,Brazil,2024-02-11
T0005095,C00023,P0117,1,184.68,Spain,2024-07-29
T0005096,C00334,P0054,2,236.36,Germany,2024-04-10
T0005097,C01289,P0142,1,58.72,UK,2024-10-15
T0005098,C01253,P0019,5,216.79,Japan,2024-02-21
T0005099,C00753,P0075,4,339.24,Spain,2024-06-20
T0005100,C01484,P0180,4,346.08,Brazil,2024-10-31
T0005101,C01255,P0119,2,129.9,Brazil,2024-06-03
T0005102,C01715,P0021,5,161.44,USA,2024-02-05
T0005103,C01133,P0185,2,379.02,Israel,2024-09-18
T0005104,C00741,P0154,5,52.96,USA,2024-02-09
T0005105,C01220,P0084,4,268.25,Brazil,2024-10-15
T0005106,C01581,P0071,5,75.64,Spain,2024-01-28
T0005107,C01330,P0194,1,440.52,UK,2024-03-05
T0005108,C01366,P0196,5,108.84,Brazil,2024-10-31
T0005109,C00453,P0060,1,410.4,Italy,2024-12-10
T0005110,C00731,P0114,4,433.69,France,2024-06-06
T0005111,C00546,P0113,1,357.85,Germany,2024-07-18
T0005112,C01076,P0071,2,83.04,USA,2024-10-16
T0005113,C00104,P0075,4,335.41,France,2024-07-26
T0005114,C01593,P0079,5,240.62,Canada,2024-04-03
T0005115,C00397,P0067,4,240.77,Canada,2024-05-17
T0005116,C01182,P0029,4,246.13,Israel,2024-01-21
T0005117,C01847,P0013,1,137.99,Italy,2024-12-26
T0005118,C01936,P0127,1,482.18,France,2024-08-24
T0005119,C00122,P0012,4,237.5,UK,2024-03-25
T0005120,C01175,P0097,1,244.94,Israel,2024-03-18
T0005121,C00849,P0043,4,12.85,Italy,2024-01-14
T0005122,C00964,P0125,4,123.38,France,2024-10-28
T0005123,C00450,P0185,2,384.96,Israel,2024-08-10
T0005124,C01780,P0084,2,275.14,Germany,2024-11-10
T0005125,C00565,P0096,5,323.81,Brazil,2024-03-10
T0005126,C01422,P0057,3,109.68,USA,2024-04-05
T0005127,C00285,P0054,4,211.45,UK,2024-06-15
T0005128,C00931,P0125,4,133.98,Italy,2024-06-13
T0005129,C01121,P0156,5,225.19,Brazil,2024-01-28
T0005130,C00124,P0134,4,228.2,Germany,2024-08-26
T0005131,C01953,P0111,4,385.75,Spain,2024-12-23
T0005132,C00156,P0199,1,330.81,Israel,2024-03-25
T0005133,C01114,P0013,2,118.22,Israel,2024-12-11
T0005134,C00311,P0156,5,270.29,Canada,2024-02-15
T0005135,C01465,P0084,1,253.76,Italy,2024-06-29
T0005136,C01387,P0054,2,238.49,USA,2024-09-01
T0005137,C01277,P0176,2,195.03,Israel,2024-05-11
T0005138,C00868,P0120,5,153.29,Italy,2024-05-19
T0005139,C01219,P0045,2,53.28,Italy,2024-02-14
T0005140,C01645,P0046,4,367.83,Brazil,2024-12-20
T0005141,C01142,P0167,4,306.07,Germany,2024-07-12
T0005142,C00495,P0136,2,162.58,France,2024-12-29
T0005143,C01197,P0131,3,111.06,Brazil,2024-05-07
T0005144,C00602,P0048,5,295.72,Japan,2024-10-10
T0005145,C01071,P0075,3,315.58,Brazil,2024-07-17
T0005146,C00324,P0002,5,419.42,Germany,2024-08-11
T0005147,C00544,P0192,2,232.81,Japan,2024-03-07
T0005148,C01316,P0166,3,317.48,Israel,2024-02-19
T0005149,C00683,P0054,1,256.52,Brazil,2024-05-09
T0005150,C01855,P0002,1,343.9,France,2024-02-05
T0005151,C01694,P0047,3,272.37,Germany,2024-08-13
T0005152,C00543,P0045,2,55.05,Germany,2024-06-07
T0005153,C01284,P0101,5,464.39,Israel,2024-04-11
T0005154,C01653,P0019,4,232.75,Italy,2024-09-28
T0005155,C01960,P0027,1,217.22,Germany,2024-06-28
T0005156,C00608,P0075,3,333.2,Israel,2024-10-29
T0005157,C00578,P0077,5,67.95,Israel,2024-06-11
T0005158,C01779,P0077,1,68.63,Canada,2024-02-04
T0005159,C00979,P0054,2,258.02,France,2024-05-13
T0005160,C01994,P0099,4,193.55,Spain,2024-06-26
T0005161,C01581,P0058,5,266.68,Italy,2024-02-19
T0005162,C01304,P0170,5,437.21,Italy,2024-10-09
T0005163,C00077,P0190,3,334.96,Germany,2024-05-18
T0005164,C01270,P0136,4,151.41,Germany,2024-02-20
T0005165,C00405,P0059,4,349.84,USA,2024-01-05
T0005166,C01534,P0103,3,382.89,Spain,2024-10-25
T0005167,C01819,P0049,5,309.28,Israel,2024-05-16
T0005168,C01938,P0113,5,360.3,Japan,2024-09-05
T0005169,C01247,P0075,5,358.74,Spain,2024-07-17
T0005170,C00062,P0180,2,347.39,Spain,2024-11-02
T0005171,C00341,P0185,4,333.21,Canada,2024-10-26
T0005172,C01916,P0079,3,253.3,Israel,2024-06-06
T0005173,C01731,P0084,2,224.77,Canada,2024-02-15
T0005174,C01940,P0127,5,420.44,Germany,2024-02-16
T0005175,C01316,P0077,4,74.65,Israel,2024-09-10
T0005176,C01200,P0090,4,169.52,Brazil,2024-04-06
T0005177,C01653,P0046,3,329.07,Canada,2024-07-17
T0005178,C01311,P0073,4,188.1,Canada,2024-12-04
T0005179,C00810,P0012,5,240.76,Canada,2024-10-11
T0005180,C00096,P0156,2,266.01,France,2024-10-16
T0005181,C01442,P0113,3,318.2,Italy,2024-06-02
T0005182,C01261,P0067,3,274.44,Canada,2024-07-18
T0005183,C01875,P0054,5,257.98,Japan,2024-07-31
T0005184,C01091,P0012,2,272.47,Israel,2024-02-18
T0005185,C01899,P0075,2,344.85,Brazil,2024-11-06
T0005186,C01173,P0101,2,404.7,Italy,2024-04-27
T0005187,C01228,P0108,4,464.99,Brazil,2024-07-08
T0005188,C01729,P0134,3,226.37,Israel,2024-03-22
T0005189,C00326,P0185,2,383.01,France,2024-11-26
T0005190,C01798,P0059,3,324.92,Israel,2024-05-09
T0005191,C00673,P0059,5,325.4,France,2024-03-08
T0005192,C01308,P0113,5,348.47,Italy,2024-03-02
T0005193,C00195,P0018,3,353.07,Spain,2024-02-19
T0005194,C00624,P0185,1,386.86,Canada,2024-07-23
T0005195,C00283,P0198,4,358.18,Brazil,2024-03-13
T0005196,C00450,P0185,3,350.7,Italy,2024-06-06
T0005197,C01069,P0076,1,254.52,France,2024-04-29
T0005198,C00065,P0013,5,113.96,Brazil,2024-04-25
T0005199,C01002,P0180,1,347.17,France,2024-12-09
T0005200,C01394,P0180,2,352.65,Brazil,2024-07-11
T0005201,C00115,P0048,2,329.93,Italy,2024-08-10
T0005202,C01330,P0017,2,229.47,Spain,2024-01-24
T0005203,C00416,P0187,4,345.27,Italy,2024-08-24
T0005204,C01324,P0105,3,169.46,France,2024-11-29
T0005205,C00165,P0064,5,139.0,UK,2024-04-01
T0005206,C00690,P0146,1,227.63,UK,2024-09-30
T0005207,C00654,P0113,2,376.08,Italy,2024-01-16
T0005208,C01901,P0057,4,103.77,Italy,2024-08-25
T0005209,C01347,P0091,3,63.98,Brazil,2024-01-30
T0005210,C00258,P0101,1,475.55,France,2024-06-21
T0005211,C00499,P0101,5,467.13,USA,2024-10-22
T0005212,C00778,P0086,5,51.8,Japan,2024-03-18
T0005213,C01682,P0178,2,261.61,France,2024-11-23
T0005214,C00770,P0061,3,443.37,USA,2024-04-26
T0005215,C00274,P0180,1,377.05,Italy,2024-12-20
T0005216,C01292,P0032,3,411.73,Germany,2024-02-14
T0005217,C01808,P0101,4,480.73,France,2024-09-19
T0005218,C00012,P0140,2,223.73,France,2024-08-09
T0005219,C00548,P0198,5,355.74,Brazil,2024-07-21
T0005220,C00173,P0185,2,377.39,UK,2024-04-15
T0005221,C01467,P0136,4,139.95,Japan,2024-09-14
T0005222,C01630,P0171,5,380.34,Brazil,2024-05-08
T0005223,C00543,P0129,3,32.59,UK,2024-08-18
T0005224,C01458,P0040,2,399.88,Brazil,2024-08-15
T0005225,C01534,P0057,5,100.65,Brazil,2024-08-01
T0005226,C01757,P0008,4,337.01,Germany,2024-01-03
T0005227,C01173,P0103,3,386.48,Japan,2024-06-04
T0005228,C01656,P0134,5,228.09,Canada,2024-07-06
T0005229,C01564,P0070,5,18.01,UK,2024-02-06
T0005230,C01223,P0071,1,86.54,UK,2024-10-22
T0005231,C00623,P0103,4,332.15,Canada,2024-12-25
T0005232,C00482,P0190,3,336.3,UK,2024-11-29
T0005233,C01856,P0125,4,119.4,Japan,2024-03-25
T0005234,C00457,P0045,1,64.42,UK,2024-12-07
T0005235,C01899,P0135,3,202.79,Germany,2024-10-02
T0005236,C01779,P0075,5,327.48,Spain,2024-06-18
T0005237,C00419,P0136,1,153.99,Brazil,2024-05-13
T0005238,C01058,P0187,5,341.68,Germany,2024-07-14
T0005239,C01061,P0180,4,340.46,Israel,2024-11-01
T0005240,C00585,P0110,4,45.95,Israel,2024-07-27
T0005241,C00591,P0019,5,199.94,Canada,2024-09-14
T0005242,C00039,P0057,1,110.1,Israel,2024-11-06
T0005243,C01011,P0042,1,111.81,UK,2024-09-30
T0005244,C00794,P0001,4,263.79,Canada,2024-02-27
T0005245,C01877,P0142,2,65.09,UK,2024-05-16
T0005246,C01224,P0141,4,187.81,Italy,2024-04-09
T0005247,C01139,P0083,2,278.48,Brazil,2024-11-06
T0005248,C01955,P0185,2,394.2,Japan,2024-02-27
T0005249,C01931,P0120,3,143.21,Italy,2024-10-09
T0005250,C00225,P0154,1,50.07,UK,2024-03-07
T0005251,C00585,P0091,1,61.23,USA,2024-05-28
T0005252,C00141,P0129,5,37.73,Canada,2024-09-30
T0005253,C01097,P0015,5,132.39,Italy,2024-08-08
T0005254,C01716,P0156,2,251.06,Spain,2024-05-16
T0005255,C01764,P0134,4,215.46,Israel,2024-04-10
T0005256,C01090,P0004,1,178.53,UK,2024-03-14
T0005257,C01731,P0114,2,401.19,Germany,2024-07-24
T0005258,C01734,P0129,2,38.02,Canada,2024-01-01
T0005259,C01344,P0168,1,124.3,France,2024-10-19
T0005260,C00208,P0015,1,139.08,Brazil,2024-05-09
T0005261,C01737,P0107,4,122.79,Italy,2024-02-23
T0005262,C01177,P0038,1,22.43,Spain,2024-01-18
T0005263,C01522,P0194,3,414.44,Brazil,2024-10-05
T0005264,C01068,P0113,5,393.28,Brazil,2024-03-26
T0005265,C01582,P0184,5,476.06,Canada,2024-10-11
T0005266,C01834,P0134,3,208.47,Israel,2024-08-03
T0005267,C01472,P0080,3,52.05,Canada,2024-06-07
T0005268,C00539,P0122,2,244.34,Brazil,2024-07-22
T0005269,C00022,P0152,1,388.44,Germany,2024-08-10
T0005270,C00844,P0050,2,248.02,Italy,2024-05-29
T0005271,C01487,P0122,3,218.45,Canada,2024-03-27
T0005272,C00300,P0143,2,262.63,Israel,2024-11-09
T0005273,C01988,P0008,4,396.0,Japan,2024-03-19
T0005274,C00179,P0134,2,230.86,Israel,2024-03-01
T0005275,C00033,P0076,4,295.85,Brazil,2024-03-02
T0005276,C00457,P0073,3,164.29,Israel,2024-11-21
T0005277,C01314,P0076,5,295.68,Israel,2024-01-03
T0005278,C01732,P0180,3,371.42,Spain,2024-07-24
T0005279,C00334,P0113,3,374.61,Spain,2024-11-19
T0005280,C01694,P0184,5,467.57,Brazil,2024-07-24
T0005281,C00595,P0136,4,144.19,Canada,2024-12-10
T0005282,C00636,P0090,1,158.22,France,2024-10-14
T0005283,C00259,P0180,2,400.08,USA,2024-12-21
T0005284,C00570,P0061,5,407.72,Brazil,2024-03-24
T0005285,C00310,P0129,3,33.68,Germany,2024-03-21
T0005286,C01728,P0103,1,372.34,Israel,2024-04-05
T0005287,C01945,P0046,4,373.74,Israel,2024-10-04
T0005288,C00470,P0066,2,336.49,Israel,2024-01-04
T0005289,C00668,P0119,4,126.14,Israel,2024-06-09
T0005290,C00628,P0109,4,52.4,Brazil,2024-01-19
T0005291,C01639,P0153,5,415.85,Japan,2024-09-04
T0005292,C00467,P0081,5,120.28,Germany,2024-05-19
T0005293,C01660,P0174,5,321.28,France,2024-08-24
T0005294,C01295,P0136,2,160.75,Italy,2024-03-11
T0005295,C00379,P0129,4,32.81,UK,2024-08-22
T0005296,C01895,P0046,2,348.6,Brazil,2024-12-07
T0005297,C00693,P0134,5,230.73,France,2024-08-09
T0005298,C01982,P0054,4,220.81,Italy,2024-04-01
T0005299,C00245,P0140,4,245.77,USA,2024-09-27
T0005300,C00458,P0007,4,386.54,Spain,2024-08-29
T0005301,C00148,P0019,4,201.84,UK,2024-04-23
T0005302,C00247,P0075,3,380.09,Canada,2024-10-09
T0005303,C01925,P0189,5,323.71,France,2024-12-14
T0005304,C00526,P0099,2,199.71,Brazil,2024-04-12
T0005305,C00567,P0088,1,83.48,UK,2024-09-15
T0005306,C00961,P0045,1,59.13,Spain,2024-09-10
T0005307,C00374,P0178,5,261.33,Italy,2024-05-21
T0005308,C00333,P0097,3,238.17,Italy,2024-02-09
T0005309,C01586,P0009,3,19.06,Italy,2024-06-07
T0005310,C01425,P0047,1,241.78,Canada,2024-06-06
T0005311,C00971,P0119,5,118.6,Brazil,2024-08-03
T0005312,C01591,P0102,2,128.8,USA,2024-08-27
T0005313,C01088,P0131,1,107.9,UK,2024-05-13
T0005314,C00599,P0134,2,200.06,Canada,2024-03-14
T0005315,C00937,P0103,3,344.44,Canada,2024-03-16
T0005316,C01499,P0180,4,391.16,Brazil,2024-06-21
T0005317,C00956,P0130,5,242.77,Germany,2024-02-27
T0005318,C01689,P0077,1,80.27,UK,2024-06-29
T0005319,C01782,P0119,5,122.81,UK,2024-06-25
T0005320,C00756,P0142,1,67.41,Israel,2024-02-29
T0005321,C00816,P0077,5,81.04,UK,2024-10-24
T0005322,C01423,P0150,3,200.15,Canada,2024-03-08
T0005323,C01345,P0185,5,346.2,USA,2024-02-03
T0005324,C01527,P0136,2,135.42,Spain,2024-03-27
T0005325,C01310,P0104,5,47.13,Spain,2024-06-10
T0005326,C01312,P0019,4,205.25,Germany,2024-10-05
T0005327,C01442,P0170,3,418.85,Canada,2024-03-03
T0005328,C00732,P0134,3,226.65,Germany,2024-11-04
T0005329,C00462,P0125,1,124.75,Brazil,2024-04-30
T0005330,C01517,P0059,4,329.02,Germany,2024-06-15
T0005331,C00403,P0065,1,277.43,UK,2024-12-17
T0005332,C00794,P0075,4,321.05,Italy,2024-11-27
T0005333,C01176,P0019,4,191.14,USA,2024-07-15
T0005334,C00124,P0180,4,379.56,France,2024-06-18
T0005335,C00351,P0156,1,266.04,Israel,2024-10-06
T0005336,C00919,P0113,4,359.11,USA,2024-12-03
T0005337,C01730,P0013,5,141.75,Canada,2024-03-27
T0005338,C01927,P0117,4,161.54,Canada,2024-03-05
T0005339,C01978,P0062,5,180.02,Germany,2024-01-03
T0005340,C01055,P0019,3,206.76,Italy,2024-04-27
T0005341,C01148,P0088,5,93.64,Canada,2024-07-18
T0005342,C01941,P0017,2,270.91,Japan,2024-01-27
T0005343,C01122,P0178,5,259.53,Spain,2024-11-16
T0005344,C00804,P0125,5,120.9,Israel,2024-07-16
T0005345,C01946,P0109,4,50.9,Spain,2024-09-17
T0005346,C00600,P0136,1,157.37,Spain,2024-09-02
T0005347,C00309,P0196,3,106.81,Japan,2024-07-19
T0005348,C00679,P0101,4,427.73,USA,2024-03-21
T0005349,C00482,P0186,4,326.07,Canada,2024-04-24
T0005350,C01815,P0075,3,361.46,Japan,2024-01-05
T0005351,C00947,P0097,5,261.16,Germany,2024-04-28
T0005352,C01046,P0075,1,386.05,Germany,2024-01-02
T0005353,C01255,P0036,4,212.63,Japan,2024-01-02
T0005354,C01598,P0077,1,66.19,Italy,2024-08-13
T0005355,C00197,P0013,3,124.05,Canada,2024-12-20
T0005356,C00293,P0194,4,375.51,USA,2024-11-13
T0005357,C01238,P0045,2,53.48,Israel,2024-03-03
T0005358,C00293,P0156,2,221.17,UK,2024-06-05
T0005359,C01102,P0019,5,233.78,France,2024-07-22
T0005360,C00929,P0109,1,50.59,Germany,2024-05-10
T0005361,C01712,P0131,5,119.89,Brazil,2024-09-04
T0005362,C01326,P0134,3,208.0,Spain,2024-12-10
T0005363,C00946,P0129,5,33.17,Brazil,2024-12-23
T0005364,C00850,P0194,2,436.35,UK,2024-05-19
T0005365,C01751,P0109,5,45.96,Germany,2024-10-01
T0005366,C01426,P0075,3,386.82,Italy,2024-09-20
T0005367,C00245,P0062,2,173.03,Germany,2024-09-11
T0005368,C01359,P0084,3,224.47,UK,2024-04-24
T0005369,C01308,P0077,2,75.58,USA,2024-04-19
T0005370,C00925,P0096,5,385.0,Brazil,2024-02-16
T0005371,C00085,P0054,3,214.37,Brazil,2024-03-28
T0005372,C01576,P0017,1,270.89,USA,2024-05-23
T0005373,C00072,P0057,1,94.15,Israel,2024-12-03
T0005374,C00248,P0022,3,153.33,Israel,2024-05-15
T0005375,C01402,P0109,2,51.37,Japan,2024-04-29
T0005376,C01807,P0166,4,334.49,Italy,2024-01-22
T0005377,C01338,P0180,2,376.68,Italy,2024-11-28
T0005378,C00663,P0109,2,45.07,Japan,2024-04-15
T0005379,C00813,P0087,2,123.92,Canada,2024-01-25
T0005380,C01560,P0008,4,398.11,USA,2024-10-19
T0005381,C00881,P0051,3,231.14,Spain,2024-06-28
T0005382,C01811,P0048,3,333.87,Spain,2024-08-14
T0005383,C01015,P0109,5,48.81,Japan,2024-06-18
T0005384,C01314,P0025,5,312.18,UK,2024-06-22
T0005385,C01562,P0140,5,220.52,Spain,2024-06-09
T0005386,C01098,P0194,5,416.35,Italy,2024-10-22
T0005387,C01517,P0088,2,91.37,Germany,2024-10-01
T0005388,C00230,P0193,4,171.18,Canada,2024-07-11
T0005389,C01500,P0198,3,316.27,Israel,2024-02-07
T0005390,C01445,P0084,3,265.57,Brazil,2024-08-17
T0005391,C00328,P0197,2,229.7,France,2024-03-18
T0005392,C01999,P0057,5,93.17,Spain,2024-12-10
T0005393,C01715,P0185,4,374.72,USA,2024-05-11
T0005394,C00074,P0111,2,456.88,France,2024-01-20
T0005395,C01898,P0101,1,469.19,Italy,2024-06-22
T0005396,C00330,P0185,1,366.7,USA,2024-05-17
T0005397,C00987,P0028,3,446.35,Japan,2024-04-06
T0005398,C00546,P0060,2,414.71,Spain,2024-11-12
T0005399,C01166,P0057,5,111.6,Italy,2024-08-23
T0005400,C01742,P0091,2,66.87,UK,2024-03-02
T0005401,C00669,P0050,5,260.94,Germany,2024-10-17
T0005402,C00348,P0054,1,249.43,Canada,2024-06-29
T0005403,C00063,P0154,4,50.18,Spain,2024-03-20
T0005404,C01887,P0145,3,333.28,Spain,2024-07-04
T0005405,C00062,P0077,5,81.19,Japan,2024-09-17
T0005406,C00291,P0054,2,255.95,Spain,2024-08-07
T0005407,C01228,P0195,3,111.43,Japan,2024-10-02
T0005408,C01455,P0046,4,386.14,UK,2024-05-27
T0005409,C00615,P0057,3,100.21,USA,2024-11-13
T0005410,C01917,P0077,2,78.86,Germany,2024-12-02
T0005411,C00378,P0045,5,64.78,Israel,2024-10-05
T0005412,C01093,P0041,4,208.49,Israel,2024-01-27
T0005413,C00015,P0180,2,378.57,Japan,2024-07-14
T0005414,C00597,P0160,5,289.16,France,2024-10-10
T0005415,C00252,P0148,2,318.07,Japan,2024-06-16
T0005416,C00338,P0061,2,420.33,Israel,2024-04-02
T0005417,C01552,P0136,3,164.1,Italy,2024-09-01
T0005418,C01898,P0064,5,116.29,USA,2024-09-18
T0005419,C01135,P0148,3,303.42,Israel,2024-07-29
T0005420,C01169,P0015,1,122.72,France,2024-09-25
T0005421,C01225,P0176,2,189.5,Canada,2024-12-19
T0005422,C01545,P0185,4,381.78,Japan,2024-02-04
T0005423,C00953,P0194,5,361.48,Italy,2024-12-16
T0005424,C00558,P0051,2,232.46,Brazil,2024-08-28
T0005425,C01184,P0075,2,391.05,UK,2024-07-25
T0005426,C00776,P0190,1,398.68,Brazil,2024-09-19
T0005427,C00386,P0134,5,190.84,Canada,2024-02-05
T0005428,C00937,P0185,1,396.01,Germany,2024-06-28
T0005429,C01867,P0156,1,250.98,France,2024-09-22
T0005430,C01812,P0019,3,231.95,Brazil,2024-11-27
T0005431,C01635,P0019,1,197.98,Japan,2024-04-10
T0005432,C00541,P0117,1,168.9,Israel,2024-04-07
T0005433,C01966,P0020,1,405.13,Israel,2024-06-20
T0005434,C01612,P0062,4,179.86,Israel,2024-03-16
T0005435,C00543,P0156,5,229.25,Spain,2024-12-02
T0005436,C00731,P0175,5,238.78,UK,2024-08-08
T0005437,C00215,P0103,1,342.57,Brazil,2024-12-29
T0005438,C00766,P0023,3,472.03,Canada,2024-06-11
T0005439,C01744,P0024,4,444.66,France,2024-08-20
T0005440,C01852,P0184,1,435.18,Canada,2024-07-02
T0005441,C01113,P0103,2,370.14,France,2024-03-10
T0005442,C01553,P0180,3,335.47,Italy,2024-10-15
T0005443,C01060,P0092,4,232.96,USA,2024-07-20
T0005444,C00582,P0125,3,116.93,Germany,2024-09-06
T0005445,C00263,P0084,1,237.87,France,2024-03-06
T0005446,C00884,P0109,3,48.66,Israel,2024-06-27
T0005447,C00168,P0027,1,201.26,Brazil,2024-09-18
T0005448,C01821,P0133,2,324.71,Italy,2024-06-11
T0005449,C01506,P0142,4,66.99,UK,2024-01-02
T0005450,C00839,P0142,4,72.33,Italy,2024-07-01
T0005451,C00931,P0093,2,34.41,USA,2024-12-24
T0005452,C01341,P0070,2,21.31,UK,2024-01-12
T0005453,C00340,P0075,3,385.02,Italy,2024-03-16
T0005454,C01432,P0088,4,88.37,Israel,2024-03-19
T0005455,C01398,P0146,5,227.1,Japan,2024-11-15
T0005456,C00295,P0045,2,55.73,USA,2024-01-19
T0005457,C01005,P0004,3,189.19,USA,2024-11-23
T0005458,C01104,P0159,3,199.63,USA,2024-04-20
T0005459,C01491,P0103,4,360.78,Japan,2024-11-12
T0005460,C00953,P0082,1,114.53,Canada,2024-09-01
T0005461,C00191,P0104,1,45.34,Brazil,2024-07-24
T0005462,C01887,P0194,2,373.51,Germany,2024-05-01
T0005463,C01996,P0180,4,404.78,Germany,2024-01-07
T0005464,C00338,P0075,1,387.95,Italy,2024-08-22
T0005465,C00006,P0046,2,329.55,Canada,2024-07-09
T0005466,C01428,P0180,4,356.16,Japan,2024-12-18
T0005467,C00238,P0094,5,294.47,USA,2024-03-27
T0005468,C00038,P0101,1,427.87,Israel,2024-05-17
T0005469,C00442,P0073,5,182.58,Germany,2024-12-20
T0005470,C01424,P0046,5,333.19,Italy,2024-05-19
T0005471,C00574,P0101,3,457.27,Spain,2024-05-30
T0005472,C01070,P0063,4,225.07,Italy,2024-08-01
T0005473,C01912,P0172,1,118.46,USA,2024-11-21
T0005474,C00348,P0000,5,176.8,France,2024-06-11
T0005475,C01059,P0021,4,143.81,Canada,2024-10-06
T0005476,C01859,P0057,1,114.69,Germany,2024-07-20
T0005477,C01742,P0143,3,261.95,USA,2024-02-25
T0005478,C01737,P0051,3,274.5,Japan,2024-07-23
T0005479,C00404,P0190,5,372.27,Italy,2024-11-17
T0005480,C00731,P0156,3,227.35,Spain,2024-03-19
T0005481,C00886,P0101,2,418.08,Italy,2024-11-09
T0005482,C01497,P0045,2,57.03,Brazil,2024-01-06
T0005483,C01923,P0113,4,360.17,Spain,2024-01-15
T0005484,C00308,P0047,1,255.44,Italy,2024-10-26
T0005485,C01413,P0107,2,122.67,Italy,2024-03-09
T0005486,C01851,P0121,1,291.38,Japan,2024-09-05
T0005487,C01674,P0019,1,204.81,Canada,2024-08-07
T0005488,C01104,P0160,2,267.2,Israel,2024-05-15
T0005489,C01749,P0038,4,20.45,Japan,2024-09-10
T0005490,C01500,P0075,2,317.74,Israel,2024-11-15
T0005491,C00550,P0103,3,388.17,USA,2024-12-08
T0005492,C00305,P0114,2,398.93,Spain,2024-10-13
T0005493,C01999,P0049,2,285.66,Spain,2024-04-06
T0005494,C01723,P0155,5,29.92,Israel,2024-03-26
T0005495,C01585,P0103,1,344.3,Japan,2024-05-21
T0005496,C01831,P0049,3,310.2,Germany,2024-06-09
T0005497,C01917,P0046,2,315.79,UK,2024-11-20
T0005498,C00477,P0046,1,326.46,Germany,2024-04-17
T0005499,C01253,P0004,4,179.44,Spain,2024-02-21
T0005500,C00935,P0060,1,359.79,Spain,2024-02-04
T0005501,C00352,P0140,3,222.62,Canada,2024-02-07
T0005502,C00066,P0034,4,135.56,UK,2024-03-29
T0005503,C01966,P0192,1,242.76,Canada,2024-12-31
T0005504,C00013,P0062,2,151.55,Canada,2024-08-23
T0005505,C00749,P0156,3,241.79,Israel,2024-04-14
T0005506,C00006,P0019,1,195.57,USA,2024-04-24
T0005507,C00174,P0180,2,383.66,Spain,2024-06-25
T0005508,C00980,P0187,5,361.86,Spain,2024-08-27
T0005509,C00366,P0122,4,239.42,Spain,2024-08-12
T0005510,C00508,P0113,1,370.42,Spain,2024-11-19
T0005511,C01256,P0136,1,142.39,Italy,2024-06-14
T0005512,C00500,P0134,1,219.84,USA,2024-10-12
T0005513,C00646,P0113,3,329.49,Italy,2024-01-13
T0005514,C01079,P0101,2,449.33,USA,2024-11-03
T0005515,C01334,P0065,3,254.5,USA,2024-02-05
T0005516,C00285,P0190,5,405.29,Italy,2024-08-05
T0005517,C01685,P0109,3,51.01,France,2024-03-21
T0005518,C00538,P0042,2,109.9,Israel,2024-02-19
T0005519,C01868,P0077,2,74.25,Brazil,2024-08-27
T0005520,C00114,P0015,2,125.93,Germany,2024-05-03
T0005521,C00525,P0019,1,222.82,Israel,2024-10-19
T0005522,C01362,P0131,3,116.6,Israel,2024-02-17
T0005523,C00144,P0040,5,373.45,Brazil,2024-09-16
T0005524,C00729,P0113,2,350.22,Israel,2024-06-30
T0005525,C00404,P0008,5,393.81,Israel,2024-07-24
T0005526,C01825,P0141,5,177.56,Spain,2024-12-06
T0005527,C00842,P0145,4,288.66,Italy,2024-09-23
T0005528,C01650,P0117,4,170.46,Brazil,2024-12-09
T0005529,C01420,P0185,5,346.69,Canada,2024-01-25
T0005530,C01710,P0136,5,145.77,Italy,2024-12-27
T0005531,C00569,P0199,2,300.09,Israel,2024-06-16
T0005532,C00181,P0155,1,32.07,Japan,2024-05-24
T0005533,C01776,P0013,5,132.2,Israel,2024-02-02
T0005534,C00923,P0062,2,153.83,Germany,2024-02-17
T0005535,C00663,P0094,1,293.02,France,2024-05-23
T0005536,C01601,P0104,4,50.75,UK,2024-06-28
T0005537,C01232,P0180,5,380.55,Germany,2024-12-03
T0005538,C00182,P0100,4,122.36,Japan,2024-09-22
T0005539,C01471,P0055,2,369.58,Canada,2024-03-26
T0005540,C01105,P0019,2,197.9,Germany,2024-04-11
T0005541,C00638,P0154,2,45.38,UK,2024-06-17
T0005542,C01683,P0158,2,246.82,Japan,2024-05-28
T0005543,C01451,P0196,1,97.84,Israel,2024-12-04
T0005544,C00560,P0096,4,393.28,Germany,2024-01-08
T0005545,C00090,P0071,2,77.15,Japan,2024-06-16
T0005546,C00441,P0196,2,94.0,Brazil,2024-05-29
T0005547,C01891,P0070,3,20.27,Canada,2024-05-25
T0005548,C01072,P0019,4,217.87,USA,2024-11-01
T0005549,C00939,P0094,2,255.23,Brazil,2024-10-19
T0005550,C00492,P0081,1,103.69,Spain,2024-12-08
T0005551,C01523,P0190,1,355.95,USA,2024-03-22
T0005552,C00054,P0166,1,340.71,Canada,2024-11-13
T0005553,C00895,P0134,2,190.35,France,2024-07-28
T0005554,C01258,P0045,3,64.77,Germany,2024-03-26
T0005555,C01804,P0052,1,374.82,Canada,2024-06-03
T0005556,C00425,P0013,1,130.03,Israel,2024-04-27
T0005557,C00966,P0156,1,233.0,Germany,2024-09-20
T0005558,C01737,P0100,5,114.37,Japan,2024-05-21
T0005559,C01871,P0048,3,292.54,France,2024-12-01
T0005560,C00461,P0101,5,442.76,UK,2024-04-21
T0005561,C00794,P0142,4,70.42,Spain,2024-05-07
T0005562,C00352,P0156,3,254.09,France,2024-10-01
T0005563,C00357,P0054,3,226.79,Israel,2024-06-23
T0005564,C00138,P0084,2,233.32,Brazil,2024-07-30
T0005565,C00658,P0086,5,51.23,Italy,2024-12-22
T0005566,C00548,P0000,4,187.6,France,2024-05-17
T0005567,C00626,P0150,3,214.25,UK,2024-11-17
T0005568,C00850,P0062,5,155.19,France,2024-09-30
T0005569,C01863,P0065,1,293.08,Israel,2024-10-21
T0005570,C00789,P0031,2,384.27,UK,2024-10-19
T0005571,C00540,P0110,4,50.24,Canada,2024-07-21
T0005572,C00162,P0197,5,223.35,Canada,2024-04-23
T0005573,C00678,P0194,3,411.45,Germany,2024-03-27
T0005574,C00841,P0084,1,221.06,UK,2024-08-06
T0005575,C01367,P0076,2,289.31,Italy,2024-09-19
T0005576,C00151,P0054,5,227.35,Italy,2024-10-27
T0005577,C01080,P0099,3,184.74,Spain,2024-05-11
T0005578,C00488,P0013,5,131.88,France,2024-07-29
T0005579,C00259,P0101,2,494.39,Spain,2024-07-11
T0005580,C01044,P0085,4,112.58,UK,2024-05-01
T0005581,C00191,P0194,5,379.31,Brazil,2024-12-14
T0005582,C01482,P0109,4,49.12,Brazil,2024-08-05
T0005583,C00872,P0119,5,120.31,Germany,2024-08-01
T0005584,C01171,P0178,5,294.2,USA,2024-12-23
T0005585,C01714,P0023,5,457.67,Italy,2024-03-23
T0005586,C00733,P0129,2,37.5,Brazil,2024-07-06
T0005587,C01137,P0159,1,219.37,Japan,2024-11-05
T0005588,C00282,P0013,1,131.82,Israel,2024-06-05
T0005589,C00555,P0077,3,67.06,Brazil,2024-05-24
T0005590,C00570,P0196,4,108.23,Brazil,2024-05-11
T0005591,C00663,P0019,3,203.25,Germany,2024-09-25
T0005592,C00846,P0125,3,135.55,Germany,2024-05-30
T0005593,C00335,P0086,2,58.44,France,2024-03-02
T0005594,C00426,P0059,2,351.23,USA,2024-06-27
T0005595,C01488,P0045,3,62.0,USA,2024-08-04
T0005596,C00445,P0194,1,366.25,Brazil,2024-11-07
T0005597,C00814,P0076,5,265.38,Spain,2024-02-01
T0005598,C00692,P0000,2,214.52,France,2024-03-24
T0005599,C00599,P0119,5,120.55,Italy,2024-01-05
T0005600,C00712,P0136,5,134.48,Canada,2024-10-23
T0005601,C00204,P0028,1,470.44,Germany,2024-06-01
T0005602,C01354,P0017,2,228.29,Japan,2024-12-08
T0005603,C01070,P0190,5,340.34,Italy,2024-03-22
T0005604,C01503,P0193,2,187.46,Italy,2024-10-14
T0005605,C00991,P0129,4,39.09,UK,2024-05-15
T0005606,C00932,P0109,3,53.36,Italy,2024-08-28
T0005607,C00226,P0054,3,237.0,France,2024-07-26
T0005608,C01521,P0061,5,437.09,USA,2024-08-22
T0005609,C00730,P0130,5,216.14,France,2024-11-05
T0005610,C01948,P0113,5,362.42,Israel,2024-07-28
T0005611,C00222,P0125,5,123.72,USA,2024-10-28
T0005612,C00099,P0129,1,31.58,France,2024-10-16
T0005613,C01465,P0014,3,260.97,Italy,2024-10-17
T0005614,C01451,P0103,5,394.71,UK,2024-02-15
T0005615,C00403,P0128,4,340.6,Canada,2024-12-03
T0005616,C01888,P0057,4,110.05,Japan,2024-08-24
T0005617,C00495,P0114,4,388.5,Spain,2024-05-08
T0005618,C01619,P0048,3,327.14,Italy,2024-11-02
T0005619,C01894,P0000,3,188.07,UK,2024-03-30
T0005620,C01506,P0129,5,35.75,Spain,2024-04-18
T0005621,C00397,P0190,1,394.35,Canada,2024-06-22
T0005622,C01821,P0125,1,115.31,UK,2024-06-25
T0005623,C01115,P0134,3,230.27,USA,2024-06-11
T0005624,C01727,P0004,2,185.83,Spain,2024-05-02
T0005625,C01764,P0113,5,364.71,Spain,2024-08-02
T0005626,C00789,P0081,2,114.79,Germany,2024-10-21
T0005627,C01105,P0190,1,341.81,Spain,2024-05-07
T0005628,C01894,P0120,2,153.24,Germany,2024-02-24
T0005629,C01869,P0088,4,80.28,USA,2024-04-04
T0005630,C01508,P0125,5,135.25,France,2024-04-19
T0005631,C01998,P0000,1,196.16,UK,2024-09-17
T0005632,C01243,P0046,2,386.03,Italy,2024-07-05
T0005633,C00902,P0131,1,104.38,Germany,2024-09-11
T0005634,C01454,P0002,1,373.37,France,2024-02-04
T0005635,C01421,P0057,3,111.88,Israel,2024-03-26
T0005636,C01040,P0054,1,254.9,Spain,2024-11-25
T0005637,C01056,P0128,5,371.94,France,2024-11-11
T0005638,C00669,P0164,3,316.07,Spain,2024-06-16
T0005639,C00389,P0103,4,407.46,USA,2024-12-22
T0005640,C01558,P0194,4,388.58,France,2024-03-12
T0005641,C01911,P0048,3,307.86,Brazil,2024-10-10
T0005642,C01052,P0045,1,64.63,Canada,2024-07-17
T0005643,C01244,P0101,4,446.29,Brazil,2024-11-29
T0005644,C01204,P0048,5,337.14,USA,2024-12-01
T0005645,C01810,P0039,3,159.73,France,2024-08-06
T0005646,C01080,P0008,1,358.16,Italy,2024-02-28
T0005647,C00172,P0134,5,215.5,Germany,2024-10-30
T0005648,C01511,P0159,3,224.59,Japan,2024-03-31
T0005649,C00877,P0082,2,113.11,Israel,2024-03-01
T0005650,C01987,P0115,3,310.3,USA,2024-08-24
T0005651,C01156,P0084,1,230.93,Germany,2024-01-07
T0005652,C00266,P0054,1,232.89,France,2024-09-18
T0005653,C01891,P0073,1,162.54,France,2024-08-01
T0005654,C00746,P0159,1,211.13,France,2024-03-28
T0005655,C01027,P0156,2,272.37,Israel,2024-06-02
T0005656,C01191,P0096,5,343.59,Brazil,2024-08-28
T0005657,C01648,P0180,4,332.02,France,2024-08-12
T0005658,C01865,P0077,5,67.31,Israel,2024-08-19
T0005659,C00657,P0155,5,29.39,UK,2024-01-12
T0005660,C00029,P0185,5,366.1,UK,2024-01-29
T0005661,C01398,P0057,1,95.84,Germany,2024-01-15
T0005662,C01420,P0083,2,252.92,Spain,2024-06-18
T0005663,C00895,P0098,1,446.9,UK,2024-09-30
T0005664,C01731,P0134,3,225.5,Japan,2024-12-21
T0005665,C00558,P0190,1,416.6,Germany,2024-08-06
T0005666,C01240,P0054,3,238.93,France,2024-01-05
T0005667,C00832,P0025,1,328.79,Canada,2024-08-14
T0005668,C01950,P0129,2,34.29,France,2024-06-06
T0005669,C01137,P0136,2,162.77,Brazil,2024-07-30
T0005670,C01323,P0136,4,143.66,Brazil,2024-08-30
T0005671,C00136,P0078,4,413.55,Israel,2024-01-13
T0005672,C00207,P0101,3,420.58,Italy,2024-12-12
T0005673,C00056,P0176,5,157.72,Japan,2024-07-03
T0005674,C01521,P0101,5,434.37,Brazil,2024-07-15
T0005675,C00564,P0013,4,130.37,Canada,2024-01-27
T0005676,C01696,P0136,1,152.57,UK,2024-07-21
T0005677,C01009,P0047,1,249.36,Brazil,2024-03-16
T0005678,C00632,P0086,1,58.43,Canada,2024-10-25
T0005679,C01898,P0103,3,404.67,UK,2024-09-04
T0005680,C01023,P0078,4,422.84,Brazil,2024-07-10
T0005681,C00004,P0019,1,229.78,Brazil,2024-04-30
T0005682,C00342,P0062,1,170.38,Spain,2024-08-19
T0005683,C00515,P0117,5,189.64,Brazil,2024-03-07
T0005684,C01594,P0180,1,408.39,Canada,2024-07-14
T0005685,C01974,P0156,3,225.57,USA,2024-05-28
T0005686,C00856,P0070,5,21.01,UK,2024-03-28
T0005687,C00295,P0124,3,308.03,Israel,2024-11-07
T0005688,C01805,P0013,1,125.42,France,2024-11-07
T0005689,C00667,P0194,2,437.07,Spain,2024-01-10
T0005690,C00701,P0140,3,219.24,Italy,2024-12-27
T0005691,C01672,P0156,3,239.4,Italy,2024-03-20
T0005692,C00458,P0115,2,327.01,UK,2024-12-06
T0005693,C01665,P0193,3,193.57,USA,2024-03-27
T0005694,C01507,P0136,4,143.15,Italy,2024-07-19
T0005695,C01713,P0065,4,284.62,Germany,2024-11-05
T0005696,C01512,P0175,2,235.07,Italy,2024-11-21
T0005697,C00618,P0185,5,388.31,Germany,2024-12-14
T0005698,C01761,P0194,3,411.35,Brazil,2024-10-18
T0005699,C01329,P0190,4,366.32,Italy,2024-02-24
T0005700,C01519,P0185,4,389.78,Japan,2024-09-24
T0005701,C00891,P0099,1,164.57,Italy,2024-07-27
T0005702,C01063,P0025,1,306.39,Brazil,2024-01-09
T0005703,C01075,P0190,1,362.81,USA,2024-02-15
T0005704,C00322,P0021,1,139.36,Brazil,2024-11-25
T0005705,C01604,P0136,2,154.55,Japan,2024-09-13
T0005706,C00195,P0069,5,190.93,Spain,2024-11-16
T0005707,C00128,P0054,5,241.6,UK,2024-08-22
T0005708,C01389,P0119,4,121.41,Japan,2024-09-06
T0005709,C01023,P0191,3,35.82,France,2024-08-09
T0005710,C00804,P0198,3,335.68,USA,2024-04-10
T0005711,C01895,P0161,4,231.41,USA,2024-03-24
T0005712,C01696,P0101,1,458.98,USA,2024-03-04
T0005713,C00332,P0156,4,275.1,Brazil,2024-09-10
T0005714,C01939,P0048,2,347.28,Germany,2024-12-17
T0005715,C01083,P0131,2,105.43,Spain,2024-11-10
T0005716,C01947,P0084,3,227.57,Israel,2024-12-16
T0005717,C01548,P0077,1,82.04,France,2024-06-06
T0005718,C00623,P0101,3,421.88,Spain,2024-12-17
T0005719,C01246,P0007,5,397.72,Germany,2024-07-06
T0005720,C00971,P0146,4,216.08,Germany,2024-05-25
T0005721,C00973,P0011,5,346.08,USA,2024-06-14
T0005722,C01433,P0070,1,20.58,Germany,2024-02-12
T0005723,C00174,P0093,4,34.26,Japan,2024-04-10
T0005724,C00662,P0195,5,112.96,USA,2024-01-19
T0005725,C01831,P0113,2,366.45,USA,2024-03-21
T0005726,C00385,P0011,2,386.96,UK,2024-02-12
T0005727,C00894,P0140,3,248.46,Japan,2024-10-06
T0005728,C00675,P0062,3,148.96,Israel,2024-04-12
T0005729,C00948,P0057,5,113.78,France,2024-03-06
T0005730,C00209,P0000,1,193.21,Israel,2024-11-07
T0005731,C00598,P0184,4,404.53,Japan,2024-01-15
T0005732,C01309,P0049,2,327.73,Italy,2024-07-05
T0005733,C00933,P0087,4,122.87,Brazil,2024-03-07
T0005734,C00376,P0129,2,32.1,France,2024-06-21
T0005735,C00429,P0054,1,223.13,Germany,2024-06-16
T0005736,C00376,P0017,4,254.21,Italy,2024-10-19
T0005737,C01219,P0186,2,319.04,Italy,2024-11-16
T0005738,C00888,P0190,2,411.31,Germany,2024-08-25
T0005739,C01686,P0138,2,56.57,USA,2024-03-26
T0005740,C01156,P0059,5,336.53,Italy,2024-05-22
T0005741,C00083,P0187,5,409.58,Israel,2024-04-28
T0005742,C00259,P0045,3,63.6,Germany,2024-03-06
T0005743,C01305,P0140,4,249.6,UK,2024-02-04
T0005744,C00689,P0077,5,76.25,Italy,2024-08-26
T0005745,C00494,P0194,4,364.25,Japan,2024-03-13
T0005746,C00899,P0046,4,386.63,Canada,2024-01-15
T0005747,C00388,P0164,3,272.22,Israel,2024-01-01
T0005748,C00579,P0046,4,355.28,Canada,2024-01-02
T0005749,C01727,P0096,1,331.6,Brazil,2024-12-09
T0005750,C01944,P0054,1,227.58,Germany,2024-04-26
T0005751,C01874,P0019,1,237.21,USA,2024-01-24
T0005752,C01592,P0156,2,249.1,Japan,2024-02-07
T0005753,C00943,P0103,5,359.79,UK,2024-08-30
T0005754,C01367,P0194,5,424.92,Germany,2024-09-06
T0005755,C00698,P0101,1,422.86,Japan,2024-02-07
T0005756,C01111,P0054,1,257.58,Brazil,2024-09-16
T0005757,C01294,P0075,5,386.54,UK,2024-08-04
T0005758,C01856,P0177,5,137.06,USA,2024-11-22
T0005759,C00364,P0146,3,241.28,Brazil,2024-10-24
T0005760,C01962,P0077,3,73.02,Italy,2024-09-06
T0005761,C01684,P0088,4,89.93,Italy,2024-11-12
T0005762,C00479,P0117,1,164.31,Spain,2024-06-18
T0005763,C01592,P0187,4,344.34,France,2024-08-10
T0005764,C00366,P0113,4,375.18,France,2024-06-23
T0005765,C00711,P0129,5,31.55,Germany,2024-03-31
T0005766,C00487,P0113,1,373.34,Brazil,2024-11-15
T0005767,C01216,P0042,1,101.21,Japan,2024-06-23
T0005768,C00058,P0048,1,322.24,UK,2024-12-29
T0005769,C00285,P0077,4,72.8,Japan,2024-10-16
T0005770,C00891,P0078,1,371.66,UK,2024-07-05
T0005771,C01711,P0157,2,63.26,USA,2024-02-25
T0005772,C00605,P0136,2,150.63,Japan,2024-09-05
T0005773,C00533,P0148,3,264.39,Germany,2024-08-05
T0005774,C01534,P0190,1,399.32,Israel,2024-11-01
T0005775,C01369,P0131,5,111.78,Canada,2024-07-06
T0005776,C00140,P0048,5,319.46,Germany,2024-03-10
T0005777,C00721,P0194,3,435.25,Italy,2024-06-02
T0005778,C00765,P0103,1,360.65,Spain,2024-12-27
T0005779,C00821,P0054,2,240.31,Japan,2024-04-24
T0005780,C00876,P0158,5,276.33,Israel,2024-06-19
T0005781,C00055,P0048,5,333.33,Canada,2024-09-21
T0005782,C01275,P0060,5,377.98,Canada,2024-10-14
T0005783,C00345,P0154,3,48.12,Spain,2024-01-18
T0005784,C00716,P0069,5,197.45,Brazil,2024-04-15
T0005785,C00536,P0123,3,375.32,UK,2024-09-03
T0005786,C00316,P0194,3,394.23,Germany,2024-03-23
T0005787,C00390,P0084,2,225.89,UK,2024-02-10
T0005788,C01062,P0184,3,447.52,Germany,2024-10-09
T0005789,C00737,P0103,3,411.76,Brazil,2024-04-12
T0005790,C00822,P0099,3,167.96,Brazil,2024-05-31
T0005791,C00948,P0142,4,64.88,France,2024-12-19
T0005792,C01655,P0105,2,193.9,Germany,2024-11-27
T0005793,C01089,P0007,5,454.67,Japan,2024-03-31
T0005794,C01876,P0190,5,400.2,Italy,2024-12-23
T0005795,C01935,P0077,1,75.66,UK,2024-10-26
T0005796,C00892,P0113,5,338.15,France,2024-08-23
T0005797,C01882,P0103,5,385.88,Israel,2024-09-30
T0005798,C01275,P0097,3,247.65,Israel,2024-11-27
T0005799,C00338,P0138,2,56.59,Canada,2024-08-24
T0005800,C00830,P0013,1,113.86,Spain,2024-01-13
T0005801,C00171,P0147,5,407.08,Brazil,2024-08-29
T0005802,C01122,P0019,3,213.0,Canada,2024-12-06
T0005803,C01011,P0180,5,331.97,Israel,2024-03-03
T0005804,C00528,P0125,2,135.02,Spain,2024-07-24
T0005805,C00237,P0194,1,374.06,Brazil,2024-06-04
T0005806,C01725,P0156,1,248.31,France,2024-04-05
T0005807,C00335,P0054,2,212.93,Israel,2024-10-13
T0005808,C00824,P0015,3,115.35,Israel,2024-11-03
T0005809,C00173,P0198,2,375.5,Israel,2024-03-06
T0005810,C00746,P0136,3,142.77,Japan,2024-11-19
T0005811,C00744,P0070,3,18.78,France,2024-10-12
T0005812,C00860,P0097,2,223.67,Canada,2024-01-06
T0005813,C01819,P0084,1,266.25,Spain,2024-09-28
T0005814,C01247,P0029,3,296.71,Germany,2024-01-14
T0005815,C01100,P0180,2,347.24,Canada,2024-05-30
T0005816,C01071,P0140,5,248.42,USA,2024-12-09
T0005817,C01009,P0122,3,238.74,France,2024-07-26
T0005818,C01411,P0042,5,122.18,Spain,2024-05-12
T0005819,C01368,P0021,1,141.56,France,2024-11-21
T0005820,C00843,P0063,5,254.72,Spain,2024-09-30
T0005821,C01685,P0039,1,164.94,Brazil,2024-03-17
T0005822,C01739,P0084,4,231.97,Brazil,2024-04-12
T0005823,C01630,P0019,3,201.48,Brazil,2024-08-24
T0005824,C00592,P0013,2,126.14,Spain,2024-08-10
T0005825,C01491,P0193,4,181.25,Italy,2024-04-05
T0005826,C01799,P0007,1,402.64,Japan,2024-07-07
T0005827,C00978,P0136,1,149.52,Brazil,2024-02-05
T0005828,C00525,P0098,2,380.96,Canada,2024-03-02
T0005829,C00805,P0114,3,425.96,Germany,2024-10-14
T0005830,C01597,P0134,5,201.82,Canada,2024-06-30
T0005831,C00220,P0045,2,60.71,France,2024-07-29
T0005832,C00318,P0142,2,68.23,Brazil,2024-01-20
T0005833,C00868,P0099,3,198.62,USA,2024-06-30
T0005834,C00214,P0067,2,228.37,Japan,2024-10-23
T0005835,C00905,P0003,1,328.86,France,2024-10-25
T0005836,C01126,P0134,3,225.74,Italy,2024-07-26
T0005837,C00404,P0058,2,237.65,Italy,2024-08-06
T0005838,C01911,P0084,1,241.4,UK,2024-07-16
T0005839,C01091,P0190,3,361.21,Brazil,2024-08-19
T0005840,C01726,P0063,4,260.51,France,2024-07-27
T0005841,C00955,P0017,3,277.35,France,2024-05-31
T0005842,C00050,P0129,2,36.8,Spain,2024-03-20
T0005843,C00387,P0113,4,357.13,Spain,2024-09-26
T0005844,C01885,P0019,2,233.45,Italy,2024-04-06
T0005845,C01715,P0180,2,378.01,Japan,2024-05-07
T0005846,C00493,P0068,5,93.42,Italy,2024-02-11
T0005847,C00275,P0103,2,380.22,Brazil,2024-10-14
T0005848,C00681,P0180,1,387.62,UK,2024-01-08
T0005849,C00801,P0065,4,248.24,France,2024-02-02
T0005850,C01378,P0136,5,142.15,Israel,2024-03-05
T0005851,C01385,P0131,2,109.49,UK,2024-05-09
T0005852,C01647,P0085,1,118.6,Germany,2024-05-16
T0005853,C00148,P0046,4,321.46,Germany,2024-12-08
T0005854,C00504,P0048,5,344.89,Israel,2024-09-09
T0005855,C01281,P0142,4,70.43,Canada,2024-08-23
T0005856,C01711,P0029,4,281.32,Spain,2024-03-20
T0005857,C00530,P0185,4,375.23,Japan,2024-05-21
T0005858,C01857,P0196,3,108.59,Israel,2024-04-27
T0005859,C01259,P0185,4,373.73,Canada,2024-09-27
T0005860,C01291,P0088,1,89.72,Italy,2024-12-14
T0005861,C01760,P0054,3,232.13,UK,2024-08-23
T0005862,C01493,P0000,4,N/A,Spain,2024-01-21
T0005863,C01237,P0049,4,293.62,Italy
T0005864,C01440,P0077,3,74.78,Germany,2024-01-03
T0005865,C01009,P0015,5,120.5,Brazil,2024-09-14
T0005866,C00398,P0017,5,227.89,USA,2024-04-28
T0005867,C01019,P0131,2,122.1,France,2024-02-27
T0005868,C01333,P0156,3,231.02,USA,2024-10-23
T0005869,C00209,P0190,5,340.73,Spain,2024-08-15
T0005870,C01589,P0163,4,69.8,Japan,2024-12-28
T0005871,C01148,P0176,2,164.44,Brazil,2024-02-05
T0005872,C01732,P0194,3,445.8,UK,2024-05-29
T0005873,C00546,P0065,3,244.28,Germany,2024-12-07
T0005874,C00764,P0190,1,371.15,Italy,2024-01-10
T0005875,C00254,P0090,4,172.06,Italy,2024-09-09
T0005876,C01350,P0045,3,60.17,Japan,2024-01-22
T0005877,C01895,P0084,5,237.39,Japan,2024-05-18
T0005878,C01596,P0148,4,288.4,UK,2024-06-19
T0005879,C01542,P0077,1,77.36,Germany,2024-12-22
T0005880,C00338,P0032,2,459.87,Spain,2024-04-19
T0005881,C00528,P0013,5,127.99,UK,2024-04-04
T0005882,C00017,P0180,4,352.92,Germany,2024-09-18
T0005883,C00177,P0134,1,205.35,Israel,2024-09-17
T0005884,C00424,P0113,3,331.73,Italy,2024-10-28
T0005885,C00517,P0148,1,267.63,Germany,2024-01-09
T0005886,C00660,P0045,1,63.44,Germany,2024-02-28
T0005887,C00406,P0047,3,238.73,Israel,2024-10-13
T0005888,C00251,P0044,1,317.75,Germany,2024-03-15
T0005889,C01127,P0119,5,118.35,Israel,2024-05-12
T0005890,C00345,P0077,5,72.35,Japan,2024-04-08
T0005891,C00624,P0156,3,270.97,USA,2024-09-08
T0005892,C01421,P0010,5,457.8,Brazil,2024-10-29
T0005893,C01699,P0117,1,165.47,Brazil,2024-10-16
T0005894,C01994,P0156,4,229.21,Japan,2024-05-05
T0005895,C01943,P0088,2,79.77,Japan,2024-05-17
T0005896,C01118,P0179,1,221.98,Germany,2024-05-15
T0005897,C00856,P0129,3,38.36,Italy,2024-07-07
T0005898,C01443,P0113,3,345.88,Japan,2024-03-28
T0005899,C00127,P0045,2,57.64,USA,2024-04-03
T0005900,C00791,P0096,5,365.43,Spain,2024-06-13
T0005901,C00444,P0046,2,341.63,UK,2024-07-31
T0005902,C00670,P0194,4,377.15,Japan,2024-09-29
T0005903,C00051,P0063,3,253.91,Germany,2024-05-22
T0005904,C01763,P0195,5,113.85,USA,2024-01-27
T0005905,C00794,P0077,1,80.84,Canada,2024-01-30
T0005906,C01552,P0069,5,167.94,USA,2024-04-02
T0005907,C01027,P0160,5,256.13,France,2024-06-16
T0005908,C01903,P0047,1,235.28,Brazil,2024-12-02
T0005909,C01696,P0095,3,182.01,Italy,2024-11-04
T0005910,C00821,P0013,4,128.37,Japan,2024-11-08
T0005911,C01516,P0177,5,126.98,Canada,2024-09-08
T0005912,C01267,P0070,4,22.38,Canada,2024-02-16
T0005913,C01734,P0054,1,217.48,Japan,2024-12-08
T0005914,C00601,P0134,5,209.08,Israel,2024-09-07
T0005915,C01080,P0167,4,319.7,USA,2024-05-22
T0005916,C01376,P0095,3,187.55,France,2024-05-28
T0005917,C00705,P0084,4,236.07,Germany,2024-05-18
T0005918,C00328,P0001,4,222.78,France,2024-12-25
T0005919,C01974,P0077,1,68.56,France,2024-05-13
T0005920,C01083,P0119,1,142.1,Israel,2024-01-26
T0005921,C00345,P0045,5,61.84,Japan,2024-05-05
T0005922,C01224,P0046,5,382.63,Canada,2024-01-09
T0005923,C00490,P0177,2,145.69,Brazil,2024-10-23
T0005924,C00811,P0134,4,230.74,Brazil,2024-05-07
T0005925,C01447,P0079,2,293.69,France,2024-09-27
T0005926,C00581,P0134,4,229.23,UK,2024-03-04
T0005927,C00088,P0096,4,325.48,Japan,2024-02-02
T0005928,C01599,P0134,1,209.37,France,2024-02-08
T0005929,C01667,P0160,1,299.36,Canada,2024-11-29
T0005930,C01996,P0013,1,123.55,Brazil,2024-07-02
T0005931,C01950,P0129,2,32.8,Japan,2024-01-23
T0005932,C01778,P0048,2,290.62,Brazil,2024-04-06
T0005933,C01310,P0187,4,384.95,France,2024-01-29
T0005934,C01915,P0153,1,368.08,Spain,2024-09-15
T0005935,C01584,P0184,5,458.74,Germany,2024-07-03
T0005936,C00579,P0013,2,138.31,Germany,2024-11-03
T0005937,C01132,P0084,2,261.69,Israel,2024-09-05
T0005938,C01944,P0057,5,100.03,Israel,2024-01-18
T0005939,C00713,P0132,4,245.89,UK,2024-12-30
T0005940,C01839,P0114,3,448.3,Spain,2024-03-18
T0005941,C01269,P0019,4,234.22,USA,2024-11-24
T0005942,C00735,P0075,2,328.47,Japan,2024-10-27
T0005943,C00030,P0097,4,227.31,Spain,2024-11-20
T0005944,C00706,P0096,1,321.77,Brazil,2024-11-26
T0005945,C01884,P0180,1,348.04,Canada,2024-03-31
T0005946,C00882,P0119,5,135.62,Israel,2024-01-17
T0005947,C00485,P0046,1,330.52,Spain,2024-05-16
T0005948,C01726,P0103,3,363.19,Japan,2024-10-11
T0005949,C00767,P0084,3,235.24,Canada,2024-07-19
T0005950,C00620,P0048,1,307.06,Italy,2024-12-19
T0005951,C01559,P0070,2,19.07,Brazil,2024-07-14
T0005952,C00265,P0000,4,191.63,Spain,2024-07-23
T0005953,C00208,P0062,4,148.94,Israel,2024-11-30
T0005954,C01430,P0129,2,32.15,Canada,2024-04-23
T0005955,C01137,P0117,5,192.18,Canada,2024-02-07
T0005956,C00012,P0080,2,50.88,Brazil,2024-04-19
T0005957,C01571,P0057,5,110.42,UK,2024-07-08
T0005958,C01197,P0119,3,139.25,UK,2024-12-05
T0005959,C00769,P0119,2,143.61,Brazil,2024-05-25
T0005960,C01387,P0175,3,241.14,Italy,2024-11-10
T0005961,C01066,P0088,5,84.39,Israel,2024-05-02
T0005962,C01986,P0131,2,106.1,Japan,2024-01-20
T0005963,C01648,P0013,1,134.56,USA,2024-05-01
T0005964,C01824,P0082,3,109.4,Canada,2024-07-01
T0005965,C00110,P0113,5,374.2,Israel,2024-05-30
T0005966,C01411,P0191,3,36.04,Spain,2024-07-08
T0005967,C01739,P0013,1,132.24,Brazil,2024-02-12
T0005968,C01437,P0156,5,248.59,Canada,2024-11-26
T0005969,C01215,P0180,1,349.61,France,2024-08-27
T0005970,C01113,P0075,5,378.36,Canada,2024-06-26
T0005971,C00407,P0125,3,121.41,Japan,2024-12-02
T0005972,C00000,P0190,3,372.44,Brazil,2024-12-27
T0005973,C00846,P0042,2,114.52,UK,2024-03-30
T0005974,C00996,P0054,3,254.23,Israel,2024-03-20
T0005975,C00181,P0134,2,205.21,Spain,2024-12-11
T0005976,C01704,P0122,4,203.91,Spain,2024-03-19
T0005977,C01881,P0054,1,247.71,Brazil,2024-09-29
T0005978,C00243,P0185,2,341.76,UK,2024-03-23
T0005979,C01649,P0126,2,387.59,Spain,2024-11-20
T0005980,C00089,P0046,5,351.29,Israel,2024-03-08
T0005981,C01639,P0185,2,368.18,Canada,2024-10-28
T0005982,C00071,P0122,4,211.66,UK,2024-12-15
T0005983,C01297,P0042,3,122.16,USA,2024-04-28
T0005984,C01948,P0134,2,201.57,Canada,2024-02-07
T0005985,C01172,P0071,3,90.39,USA,2024-05-07
T0005986,C01258,P0156,2,271.97,UK,2024-10-25
T0005987,C00749,P0048,5,342.27,Germany,2024-03-12
T0005988,C01850,P0078,3,399.52,France,2024-01-24
T0005989,C00608,P0180,4,404.92,Japan,2024-01-13
T0005990,C01611,P0142,3,71.26,Spain,2024-02-12
T0005991,C00683,P0084,3,268.94,Israel,2024-08-20
T0005992,C01562,P0042,1,105.15,Israel,2024-11-03
T0005993,C01731,P0065,2,273.87,USA,2024-02-04
T0005994,C00172,P0134,5,197.99,USA,2024-12-21
T0005995,C00284,P0065,4,259.05,France,2024-02-01
T0005996,C00168,P0136,1,151.67,USA,2024-06-06
T0005997,C01012,P0077,2,80.14,Spain,2024-06-07
T0005998,C01919,P0059,3,298.79,France,2024-07-16
T0005999,C01516,P0022,2,146.03,Japan,2024-03-07
T0006000,C00199,P0065,1,263.02,Brazil,2024-09-12
T0006001,C01451,P0045,1,58.66,France,2024-06-24
T0006002,C01214,P0062,2,162.23,Canada,2024-07-04
T0006003,C01590,P0053,5,271.53,Spain,2024-08-17
T0006004,C01161,P0173,4,133.39,USA,2024-10-31
T0006005,C00995,P0109,5,45.96,Israel,2024-05-12
T0006006,C00249,P0138,1,50.24,Italy,2024-08-12
T0006007,C00550,P0087,5,119.94,Germany,2024-11-10
T0006008,C00782,P0077,5,76.85,UK,2024-10-02
T0006009,C00997,P0185,4,348.14,France,2024-06-14
T0006010,C00245,P0171,2,412.67,UK,2024-04-22
T0006011,C01204,P0180,1,352.8,Spain,2024-09-28
T0006012,C00459,P0159,2,185.75,Israel,2024-10-09
T0006013,C00673,P0054,2,226.12,USA,2024-03-07
T0006014,C00546,P0032,1,460.76,Israel,2024-04-21
T0006015,C00558,P0148,2,271.1,Italy,2024-09-09
T0006016,C00252,P0129,5,32.86,USA,2024-11-30
T0006017,C00414,P0054,5,227.67,Italy,2024-01-29
T0006018,C00204,P0103,1,411.36,Brazil,2024-01-14
T0006019,C01045,P0194,4,380.07,UK,2024-08-17
T0006020,C01228,P0094,3,242.91,Italy,2024-08-13
T0006021,C00340,P0157,3,67.05,France,2024-08-26
T0006022,C00934,P0075,1,361.86,USA,2024-08-30
T0006023,C01339,P0190,4,347.11,France,2024-03-06
T0006024,C01172,P0062,4,148.27,UK,2024-07-07
T0006025,C01048,P0075,3,368.98,Japan,2024-05-06
T0006026,C01763,P0177,5,128.66,Spain,2024-03-19
T0006027,C01388,P0048,4,297.97,Brazil,2024-06-21
T0006028,C00130,P0109,4,48.53,Israel,2024-05-18
T0006029,C01033,P0125,3,126.96,USA,2024-01-08
T0006030,C00487,P0013,1,120.73,UK,2024-07-11
T0006031,C00955,P0002,1,392.82,France,2024-04-12
T0006032,C00730,P0032,2,376.28,Brazil,2024-11-25
T0006033,C01561,P0045,1,54.07,Israel,2024-02-17
T0006034,C01357,P0124,2,333.04,Israel,2024-10-16
T0006035,C00526,P0098,2,405.44,Canada,2024-09-16
T0006036,C00242,P0125,5,130.06,Israel,2024-05-04
T0006037,C00141,P0103,3,385.9,Canada,2024-01-12
T0006038,C01000,P0156,5,236.58,Spain,2024-02-14
T0006039,C00492,P0143,5,248.99,Italy,2024-09-30
T0006040,C00250,P0134,1,208.32,Japan,2024-04-25
T0006041,C00745,P0175,1,248.95,Brazil,2024-01-29
T0006042,C00959,P0117,5,200.93,UK,2024-04-27
T0006043,C01254,P0139,1,198.25,USA,2024-10-26
T0006044,C00747,P0101,1,446.97,Israel,2024-04-03
T0006045,C01094,P0057,5,113.31,Canada,2024-05-16
T0006046,C01220,P0152,2,401.42,France,2024-12-25
T0006047,C00293,P0147,5,426.13,Japan,2024-08-31
T0006048,C00929,P0013,3,141.64,Germany,2024-10-23
T0006049,C00454,P0065,5,243.22,Canada,2024-11-26
T0006050,C00837,P0068,4,84.49,Brazil,2024-03-26
T0006051,C01011,P0050,2,257.25,Spain,2024-11-16
T0006052,C00442,P0098,5,395.19,USA,2024-09-24
T0006053,C00761,P0185,1,365.39,Brazil,2024-10-12
T0006054,C00679,P0049,1,336.47,Japan,2024-06-11
T0006055,C01356,P0163,1,64.92,France,2024-02-27
T0006056,C01025,P0131,3,117.07,Canada,2024-02-22
T0006057,C01713,P0048,2,321.21,Germany,2024-07-11
T0006058,C01327,P0059,3,310.5,USA,2024-06-30
T0006059,C00294,P0080,3,54.84,Japan,2024-04-20
T0006060,C00181,P0046,4,382.89,USA,2024-02-27
T0006061,C01604,P0154,5,45.43,Germany,2024-09-03
T0006062,C01250,P0059,2,299.65,Japan,2024-03-20
T0006063,C01679,P0019,2,193.77,Japan,2024-04-13
T0006064,C01359,P0073,4,169.58,USA,2024-06-17
T0006065,C00576,P0194,5,362.92,Brazil,2024-10-06
T0006066,C00846,P0129,1,32.06,Canada,2024-02-12
T0006067,C01655,P0075,5,383.94,Italy,2024-07-06
T0006068,C00036,P0156,2,255.28,Italy,2024-01-06
T0006069,C01364,P0156,1,231.88,UK,2024-10-09
T0006070,C01993,P0013,5,132.09,Italy,2024-03-05
T0006071,C00846,P0044,1,336.52,Israel,2024-10-21
T0006072,C01590,P0116,2,74.13,USA,2024-12-30
T0006073,C01148,P0007,2,412.9,Israel,2024-04-22
T0006074,C01706,P0048,4,336.01,Spain,2024-03-06
T0006075,C00479,P0073,5,157.59,Spain,2024-07-11
T0006076,C01105,P0075,1,339.07,Japan,2024-12-21
T0006077,C01789,P0061,1,392.44,France,2024-01-18
T0006078,C01926,P0184,2,433.51,USA,2024-12-14
T0006079,C00285,P0146,1,236.19,Spain,2024-01-03
T0006080,C00435,P0084,4,270.55,Canada,2024-09-28
T0006081,C00306,P0117,1,166.3,Italy,2024-01-30
T0006082,C01293,P0009,1,22.84,UK,2024-10-04
T0006083,C01197,P0134,2,199.9,France,2024-03-12
T0006084,C00589,P0048,5,336.64,USA,2024-11-27
T0006085,C01255,P0132,3,261.67,Israel,2024-11-26
T0006086,C01525,P0048,4,296.31,Japan,2024-08-25
T0006087,C00276,P0076,5,251.37,Canada,2024-11-04
T0006088,C01497,P0156,1,274.02,Brazil,2024-09-20
T0006089,C01492,P0077,4,75.13,Italy,2024-08-23
T0006090,C00119,P0156,4,271.1,UK,2024-05-22
T0006091,C00787,P0109,1,48.33,UK,2024-11-06
T0006092,C00075,P0111,5,434.67,USA,2024-07-01
T0006093,C01341,P0136,4,142.42,USA,2024-09-07
T0006094,C00312,P0099,2,178.08,UK,2024-04-14
T0006095,C01025,P0051,2,249.59,USA,2024-08-25
T0006096,C00477,P0000,2,208.4,France,2024-05-07
T0006097,C00600,P0198,4,315.25,Japan,2024-05-15
T0006098,C01962,P0159,1,204.39,USA,2024-04-28
T0006099,C00856,P0004,5,195.12,Canada,2024-12-01
T0006100,C00965,P0146,4,231.75,Spain,2024-06-12
T0006101,C01646,P0030,3,143.42,Japan,2024-11-03
T0006102,C01891,P0136,5,150.51,France,2024-12-27
T0006103,C01779,P0184,1,449.4,Italy,2024-07-20
T0006104,C00552,P0082,1,113.6,Italy,2024-08-06
T0006105,C01174,P0195,3,115.26,France,2024-05-29
T0006106,C00669,P0048,5,318.09,Germany,2024-01-11
T0006107,C00694,P0187,3,389.73,UK,2024-06-28
T0006108,C00965,P0184,3,445.9,Canada,2024-05-10
T0006109,C00942,P0146,3,244.22,Brazil,2024-04-23
T0006110,C00191,P0190,1,371.69,Germany,2024-01-02
T0006111,C01327,P0024,2,443.31,Spain,2024-05-06
T0006112,C01082,P0155,5,30.17,USA,2024-04-16
T0006113,C00236,P0045,4,63.9,Italy,2024-06-30
T0006114,C01931,P0045,2,63.6,Canada,2024-10-09
T0006115,C00524,P0129,4,35.48,Spain,2024-03-18
T0006116,C01995,P0078,4,405.44,Spain,2024-03-22
T0006117,C01397,P0174,1,334.87,Canada,2024-11-20
T0006118,C01625,P0174,4,321.43,Brazil,2024-07-11
T0006119,C01517,P0146,1,227.55,UK,2024-07-27
T0006120,C00708,P0109,1,46.42,Spain,2024-06-12
T0006121,C00891,P0195,1,119.84,USA,2024-07-16
T0006122,C00244,P0013,5,139.31,Germany,2024-05-14
T0006123,C00283,P0155,2,30.61,Germany,2024-07-07
T0006124,C00299,P0101,3,467.51,USA,2024-05-25
T0006125,C01932,P0099,2,174.56,Japan,2024-08-09
T0006126,C01858,P0190,1,409.41,Israel,2024-10-23
T0006127,C00169,P0193,3,208.42,USA,2024-02-05
T0006128,C01707,P0140,4,226.95,Canada,2024-04-05
T0006129,C00505,P0054,5,217.4,Spain,2024-11-18
T0006130,C01913,P0019,4,210.35,Spain,2024-07-05
T0006131,C00475,P0184,1,427.95,Canada,2024-02-04
T0006132,C00862,P0196,1,95.14,Canada,2024-10-03
T0006133,C01173,P0045,5,59.41,Canada,2024-09-01
T0006134,C01087,P0134,1,202.94,France,2024-01-06
T0006135,C01764,P0111,2,434.52,Canada,2024-06-17
T0006136,C00922,P0046,2,368.95,UK,2024-08-25
T0006137,C01567,P0124,2,325.22,Israel,2024-04-22
T0006138,C01057,P0113,4,329.19,Japan,2024-08-01
T0006139,C01573,P0128,2,372.84,UK,2024-08-02
T0006140,C00719,P0180,2,400.74,France,2024-01-14
T0006141,C01202,P0013,4,139.69,Brazil,2024-12-13
T0006142,C00872,P0059,2,330.36,France,2024-10-17
T0006143,C01043,P0028,3,460.23,UK,2024-01-10
T0006144,C01534,P0156,2,221.16,Germany,2024-09-15
T0006145,C00779,P0196,1,100.66,Brazil,2024-03-13
T0006146,C01528,P0077,4,81.44,USA,2024-10-22
T0006147,C00856,P0054,1,247.74,Spain,2024-12-29
T0006148,C01997,P0008,5,377.63,Brazil,2024-03-04
T0006149,C01211,P0076,5,293.43,Israel,2024-10-14
T0006150,C00187,P0103,3,330.52,France,2024-12-08
T0006151,C01805,P0146,3,237.67,Canada,2024-08-14
T0006152,C01754,P0101,3,463.12,Israel,2024-01-18
T0006153,C00781,P0101,4,442.04,Germany,2024-10-10
T0006154,C01309,P0025,5,327.16,UK,2024-04-11
T0006155,C00662,P0180,5,341.16,Canada,2024-06-25
T0006156,C00717,P0187,3,336.94,Germany,2024-03-03
T0006157,C01882,P0077,2,75.16,Germany,2024-12-29
T0006158,C00680,P0054,2,247.95,Japan,2024-05-26
T0006159,C01855,P0017,3,266.83,UK,2024-08-21
T0006160,C01987,P0101,1,473.53,Israel,2024-03-19
T0006161,C01836,P0054,1,244.64,Japan,2024-10-30
T0006162,C00594,P0100,2,113.68,Brazil,2024-05-20
T0006163,C00822,P0156,1,236.49,Japan,2024-04-12
T0006164,C00359,P0131,5,122.21,USA,2024-10-01
T0006165,C00624,P0162,5,457.29,Spain,2024-08-23
T0006166,C01428,P0158,4,242.74,Brazil,2024-03-12
T0006167,C00393,P0019,2,221.63,Italy,2024-01-17
T0006168,C00851,P0047,3,284.44,Italy,2024-12-14
T0006169,C01296,P0057,2,101.24,USA,2024-06-19
T0006170,C00158,P0101,3,469.31,Italy,2024-09-26
T0006171,C00770,P0158,1,263.14,USA,2024-03-27
T0006172,C00311,P0021,4,158.86,USA,2024-05-16
T0006173,C00816,P0102,1,116.85,USA,2024-10-29
T0006174,C01145,P0084,5,255.74,France,2024-01-24
T0006175,C00640,P0019,4,225.06,France,2024-09-06
T0006176,C01432,P0059,3,347.52,UK,2024-03-18
T0006177,C01992,P0057,5,99.87,France,2024-06-12
T0006178,C01820,P0078,2,380.26,UK,2024-02-18
T0006179,C00296,P0029,1,251.84,Spain,2024-11-06
T0006180,C00427,P0109,2,47.75,Germany,2024-09-12
T0006181,C01153,P0097,1,255.57,Brazil,2024-06-17
T0006182,C00434,P0057,2,98.37,Spain,2024-06-05
T0006183,C00509,P0008,5,386.29,USA,2024-06-24
T0006184,C01203,P0180,4,351.74,Brazil,2024-02-17
T0006185,C00931,P0062,5,164.3,Germany,2024-03-03
T0006186,C01371,P0036,4,174.52,France,2024-09-27
T0006187,C01292,P0070,4,18.17,Spain,2024-02-04
T0006188,C01065,P0013,3,140.01,UK,2024-10-14
T0006189,C00174,P0156,3,253.66,Brazil,2024-11-19
T0006190,C00274,P0163,2,57.69,Italy,2024-02-01
T0006191,C01882,P0049,5,326.22,USA,2024-10-18
T0006192,C00172,P0129,2,34.6,France,2024-08-26
T0006193,C00872,P0103,5,382.17,Germany,2024-06-23
T0006194,C01405,P0102,5,124.81,Canada,2024-03-10
T0006195,C00402,P0180,3,343.84,Spain,2024-11-25
T0006196,C01865,P0156,3,265.37,UK,2024-02-29
T0006197,C00264,P0125,1,116.39,Canada,2024-09-05
T0006198,C00235,P0166,4,282.81,Canada,2024-05-15
T0006199,C00794,P0194,1,398.84,Japan,2024-12-22
T0006200,C00939,P0122,2,243.23,Israel,2024-01-19
T0006201,C01473,P0062,2,148.73,Canada,2024-11-19
T0006202,C01819,P0190,1,408.83,Israel,2024-12-10
T0006203,C00774,P0161,5,237.32,Brazil,2024-10-08
T0006204,C00981,P0153,4,410.73,France,2024-07-13
T0006205,C00320,P0082,2,106.34,Canada,2024-12-28
T0006206,C01513,P0075,4,372.98,Canada,2024-09-30
T0006207,C00048,P0080,2,48.6,Spain,2024-03-23
T0006208,C00414,P0084,3,255.38,Germany,2024-05-15
T0006209,C01065,P0099,5,181.06,France,2024-01-28
T0006210,C01646,P0194,3,395.87,Canada,2024-08-02
T0006211,C00902,P0076,1,248.78,Brazil,2024-06-04
T0006212,C00318,P0053,5,304.22,USA,2024-11-28
T0006213,C01312,P0062,3,173.68,Israel,2024-07-07
T0006214,C01335,P0077,3,74.18,Japan,2024-03-20
T0006215,C00772,P0094,4,241.31,France,2024-05-11
T0006216,C01192,P0134,5,196.32,Israel,2024-10-21
T0006217,C01156,P0125,2,126.47,Canada,2024-11-26
T0006218,C00053,P0048,3,328.13,Italy,2024-10-30
T0006219,C00948,P0103,5,401.52,UK,2024-03-02
T0006220,C00488,P0185,3,371.42,Italy,2024-03-17
T0006221,C01041,P0101,4,495.56,Japan,2024-03-15
T0006222,C01398,P0136,4,141.62,Germany,2024-10-09
T0006223,C00596,P0013,3,118.47,UK,2024-06-03
T0006224,C00670,P0084,4,246.53,Germany,2024-06-18
T0006225,C01622,P0099,1,198.5,USA,2024-07-15
T0006226,C00052,P0046,5,343.34,UK,2024-03-25
T0006227,C00775,P0185,5,360.94,Spain,2024-07-23
T0006228,C00538,P0076,4,296.93,Spain,2024-10-28
T0006229,C00387,P0052,3,425.9,Spain,2024-12-21
T0006230,C01116,P0062,4,170.38,Israel,2024-07-12
T0006231,C00367,P0199,1,291.69,Italy,2024-12-30
T0006232,C00665,P0140,2,245.02,USA,2024-04-09
T0006233,C01992,P0101,1,415.46,Canada,2024-12-20
T0006234,C00864,P0156,2,253.62,Canada,2024-11-02
T0006235,C00537,P0000,5,183.24,Italy,2024-11-21
T0006236,C00705,P0194,2,367.04,Canada,2024-10-16
T0006237,C01531,P0134,2,198.77,Japan,2024-02-10
T0006238,C01665,P0178,1,262.85,Italy,2024-06-09
T0006239,C01913,P0069,2,172.79,USA,2024-12-17
T0006240,C00265,P0111,4,415.11,Israel,2024-01-25
T0006241,C00840,P0084,1,242.6,Brazil,2024-10-25
T0006242,C00646,P0154,5,46.16,UK,2024-02-25
T0006243,C01752,P0075,1,330.19,Canada,2024-10-27
T0006244,C00364,P0125,2,134.62,Brazil,2024-08-12
T0006245,C00526,P0134,4,207.57,Italy,2024-11-21
T0006246,C00417,P0195,4,129.83,France,2024-04-09
T0006247,C01804,P0193,4,173.97,Italy,2024-10-19
T0006248,C01759,P0190,5,406.06,Japan,2024-05-10
T0006249,C01752,P0113,4,320.47,Germany,2024-05-04
T0006250,C00276,P0142,1,58.41,Spain,2024-12-13
T0006251,C00711,P0125,3,118.62,Brazil,2024-03-07
T0006252,C00576,P0075,5,373.33,Brazil,2024-05-22
T0006253,C00058,P0048,2,327.38,Italy,2024-10-21
T0006254,C01743,P0059,1,298.94,France,2024-03-09
T0006255,C00883,P0111,5,440.66,Spain,2024-09-01
T0006256,C01872,P0084,5,225.37,Brazil,2024-04-21
T0006257,C00588,P0156,2,257.43,Italy,2024-04-18
T0006258,C01101,P0141,4,194.96,France,2024-09-24
T0006259,C01420,P0076,3,303.47,Brazil,2024-04-07
T0006260,C01299,P0057,2,92.62,Brazil,2024-12-15
T0006261,C00316,P0013,4,128.25,Brazil,2024-01-31
T0006262,C00158,P0176,4,191.49,Italy,2024-06-03
T0006263,C00879,P0070,4,22.37,Italy,2024-01-11
T0006264,C00135,P0080,4,44.95,UK,2024-09-15
T0006265,C01439,P0069,1,178.98,France,2024-04-25
T0006266,C00887,P0152,5,397.0,Italy,2024-05-20
T0006267,C01106,P0019,1,203.43,Japan,2024-06-14
T0006268,C00755,P0013,2,137.86,UK,2024-03-01
T0006269,C01736,P0046,5,333.53,UK,2024-03-14
T0006270,C00712,P0129,2,38.47,Canada,2024-04-11
T0006271,C00180,P0184,5,412.25,Italy,2024-11-21
T0006272,C01474,P0086,3,58.82,Japan,2024-10-07
T0006273,C00781,P0106,4,86.05,Germany,2024-09-26
T0006274,C00797,P0109,1,43.35,Japan,2024-11-11
T0006275,C00455,P0101,2,450.46,Brazil,2024-04-07
T0006276,C01695,P0013,5,138.94,Spain,2024-07-03
T0006277,C01398,P0103,4,376.81,Israel,2024-07-27
T0006278,C00761,P0052,3,426.12,Canada,2024-06-18
T0006279,C00923,P0092,1,244.6,Germany,2024-07-01
T0006280,C01089,P0103,1,389.54,France,2024-07-31
T0006281,C01144,P0100,3,121.74,Canada,2024-03-20
T0006282,C01808,P0103,1,349.25,Brazil,2024-05-21
T0006283,C00877,P0108,5,462.29,USA,2024-07-30
T0006284,C00378,P0069,3,181.62,Canada,2024-07-20
T0006285,C00961,P0077,1,80.04,Brazil,2024-01-27
T0006286,C00435,P0014,4,229.16,Canada,2024-02-08
T0006287,C00864,P0088,3,90.49,Germany,2024-08-13
T0006288,C00204,P0046,2,349.18,Japan,2024-12-29
T0006289,C01556,P0048,3,285.66,Japan,2024-04-12
T0006290,C00560,P0048,4,320.89,Spain,2024-05-21
T0006291,C01515,P0013,1,139.07,USA,2024-02-26
T0006292,C01965,P0019,2,191.51,Japan,2024-03-20
T0006293,C01128,P0079,2,273.2,Israel,2024-01-16
T0006294,C01210,P0125,1,119.08,France,2024-06-10
T0006295,C00147,P0034,5,151.67,France,2024-09-02
T0006296,C00796,P0070,2,22.27,Spain,2024-01-06
T0006297,C00093,P0140,2,254.22,Japan,2024-10-19
T0006298,C00421,P0103,2,373.26,Brazil,2024-11-16
T0006299,C00251,P0134,5,200.75,France,2024-12-05
T0006300,C01027,P0008,2,388.8,Japan,2024-09-20
T0006301,C00703,P0019,3,228.58,Israel,2024-12-23
T0006302,C00535,P0025,5,287.29,Israel,2024-09-08
T0006303,C01465,P0134,1,190.1,UK,2024-05-08
T0006304,C01695,P0119,5,126.44,Spain,2024-07-03
T0006305,C01791,P0019,1,201.72,Spain,2024-06-08
T0006306,C01835,P0011,1,345.62,Japan,2024-06-24
T0006307,C00507,P0136,4,147.06,France,2024-01-17
T0006308,C01677,P0125,4,131.29,Germany,2024-09-01
T0006309,C01917,P0185,5,375.88,France,2024-02-10
T0006310,C00727,P0103,2,366.36,Germany,2024-04-07
T0006311,C01802,P0176,1,191.56,Canada,2024-07-16
T0006312,C00983,P0048,5,339.06,France,2024-02-24
T0006313,C01050,P0187,5,374.46,France,2024-07-22
T0006314,C01392,P0189,4,322.3,USA,2024-02-03
T0006315,C01918,P0134,4,206.44,Canada,2024-10-11
T0006316,C00366,P0117,3,184.69,Germany,2024-07-08
T0006317,C01182,P0185,2,354.2,Israel,2024-01-24
T0006318,C00138,P0084,2,265.72,USA,2024-07-16
T0006319,C00275,P0108,2,442.9,Canada,2024-02-24
T0006320,C00217,P0190,4,388.95,Japan,2024-07-25
T0006321,C01430,P0194,1,410.49,USA,2024-07-24
T0006322,C00230,P0022,5,141.83,UK,2024-06-17
T0006323,C00090,P0045,4,54.75,Canada,2024-02-18
T0006324,C01775,P0180,5,378.75,UK,2024-11-03
T0006325,C01425,P0088,1,96.42,Brazil,2024-09-23
T0006326,C00647,P0057,5,100.77,Canada,2024-11-06
T0006327,C01331,P0084,4,274.35,UK,2024-02-15
T0006328,C01984,P0059,4,355.87,Japan,2024-09-05
T0006329,C00122,P0164,1,323.81,Japan,2024-05-20
T0006330,C00709,P0045,4,62.43,Brazil,2024-10-20
T0006331,C01082,P0028,2,414.68,Brazil,2024-09-22
T0006332,C01002,P0194,3,374.79,Spain,2024-09-01
T0006333,C01353,P0065,3,261.93,France,2024-09-14
T0006334,C01685,P0163,3,65.12,USA,2024-05-25
T0006335,C01024,P0160,4,280.63,Italy,2024-01-29
T0006336,C01706,P0004,4,170.35,France,2024-03-21
T0006337,C01718,P0056,5,269.07,Italy,2024-01-23
T0006338,C00999,P0075,4,343.5,Israel,2024-10-01
T0006339,C01003,P0000,5,207.66,France,2024-03-27
T0006340,C01184,P0028,1,399.64,France,2024-02-29
T0006341,C00973,P0013,4,131.23,Germany,2024-07-24
T0006342,C01058,P0025,5,281.28,Japan,2024-01-21
T0006343,C01489,P0101,4,484.35,Italy,2024-04-14
T0006344,C01416,P0131,3,115.13,USA,2024-08-30
T0006345,C01000,P0035,2,20.24,France,2024-10-01
T0006346,C01164,P0017,4,252.13,Brazil,2024-10-10
T0006347,C01665,P0084,3,221.31,Italy,2024-11-25
T0006348,C00469,P0101,2,479.1,Japan,2024-02-14
T0006349,C01034,P0070,2,19.73,Germany,2024-10-08
T0006350,C01694,P0095,2,187.11,Brazil,2024-08-09
T0006351,C01924,P0185,3,346.41,Japan,2024-05-20
T0006352,C01408,P0096,1,319.97,Canada,2024-02-24
T0006353,C00521,P0019,2,229.9,Israel,2024-11-02
T0006354,C00806,P0054,1,219.6,Germany,2024-08-29
T0006355,C00930,P0072,3,310.02,France,2024-11-11
T0006356,C01136,P0101,5,401.56,USA,2024-03-04
T0006357,C01646,P0180,2,371.87,Canada,2024-04-19
T0006358,C01214,P0192,2,214.2,USA,2024-06-12
T0006359,C01575,P0117,4,183.07,Italy,2024-07-05
T0006360,C01564,P0136,3,138.4,Japan,2024-12-03
T0006361,C01503,P0093,5,31.53,Italy,2024-03-06
T0006362,C01437,P0180,1,337.29,Germany,2024-06-15
T0006363,C01896,P0133,2,293.59,Brazil,2024-04-30
T0006364,C00734,P0056,3,314.16,UK,2024-09-06
T0006365,C00028,P0017,3,257.22,USA,2024-07-19
T0006366,C00267,P0148,4,273.97,Canada,2024-09-03
T0006367,C01617,P0057,4,101.24,Germany,2024-02-29
T0006368,C01673,P0019,2,232.18,Spain,2024-10-06
T0006369,C01754,P0087,3,127.65,USA,2024-08-01
T0006370,C01946,P0101,4,417.25,France,2024-11-19
T0006371,C01409,P0054,2,235.69,UK,2024-06-01
T0006372,C01999,P0190,2,358.78,Spain,2024-01-30
T0006373,C01485,P0134,4,211.56,Israel,2024-05-05
T0006374,C01810,P0185,2,347.61,France,2024-01-27
T0006375,C01912,P0100,1,104.56,Canada,2024-04-16
T0006376,C00251,P0013,4,122.24,USA,2024-02-26
T0006377,C00362,P0126,3,352.13,France,2024-07-09
T0006378,C01661,P0140,5,248.92,Brazil,2024-04-20
T0006379,C01504,P0113,5,392.38,Japan,2024-07-08
T0006380,C01541,P0065,1,260.19,USA,2024-06-21
T0006381,C01324,P0150,4,207.63,Canada,2024-10-24
T0006382,C01732,P0019,1,218.76,Italy,2024-04-07
T0006383,C00826,P0013,3,119.11,Israel,2024-01-04
T0006384,C00295,P0009,1,21.76,Canada,2024-06-25
T0006385,C01557,P0109,1,51.27,France,2024-12-01
T0006386,C00777,P0113,3,377.76,Germany,2024-04-22
T0006387,C00299,P0064,1,132.92,UK,2024-09-22
T0006388,C01626,P0103,2,375.54,France,2024-08-01
T0006389,C00839,P0062,5,181.09,UK,2024-12-07
T0006390,C00102,P0114,2,448.96,Brazil,2024-08-09
T0006391,C00759,P0077,3,76.73,UK,2024-11-01
T0006392,C00262,P0185,3,379.23,Germany,2024-11-24
T0006393,C00211,P0089,1,173.81,Canada,2024-09-04
T0006394,C01605,P0116,5,73.56,UK,2024-10-19
T0006395,C00893,P0057,5,96.52,Japan,2024-01-13
T0006396,C01577,P0156,5,240.48,Japan,2024-12-04
T0006397,C00499,P0144,2,144.42,Spain,2024-10-23
T0006398,C00304,P0069,3,185.66,UK,2024-06-06
T0006399,C01747,P0135,1,178.86,Germany,2024-07-24
T0006400,C01606,P0075,2,352.31,USA,2024-12-23
T0006401,C00436,P0148,3,299.07,UK,2024-08-22
T0006402,C00891,P0113,2,373.96,Spain,2024-09-06
T0006403,C01027,P0000,4,185.69,France,2024-02-02
T0006404,C00801,P0065,4,251.71,Israel,2024-12-08
T0006405,C01334,P0103,2,406.01,Canada,2024-09-08
T0006406,C00176,P0034,1,132.65,Canada,2024-08-22
T0006407,C00455,P0060,4,395.59,UK,2024-02-01
T0006408,C00666,P0070,4,18.76,France,2024-01-30
T0006409,C01159,P0084,2,256.27,USA,2024-03-18
T0006410,C01771,P0079,3,246.85,USA,2024-12-18
T0006411,C01985,P0194,3,445.23,Italy,2024-06-04
T0006412,C00072,P0101,1,489.38,France,2024-12-07
T0006413,C00956,P0069,5,193.73,Canada,2024-03-11
T0006414,C00839,P0048,4,285.7,UK,2024-03-01
T0006415,C01998,P0178,5,271.35,Japan,2024-11-21
T0006416,C01943,P0085,5,136.05,Canada,2024-12-08
T0006417,C01250,P0126,5,402.41,UK,2024-06-03
T0006418,C01415,P0113,2,330.33,France,2024-11-20
T0006419,C01037,P0076,3,273.42,Japan,2024-03-18
T0006420,C00628,P0101,5,405.66,USA,2024-08-17
T0006421,C00613,P0152,4,368.59,Italy,2024-09-18
T0006422,C01752,P0116,1,83.86,UK,2024-09-03
T0006423,C00458,P0096,2,395.06,Germany,2024-03-13
T0006424,C00279,P0013,1,127.02,Israel,2024-05-08
T0006425,C00159,P0062,4,149.23,UK,2024-05-20
T0006426,C00934,P0185,3,354.47,Israel,2024-11-16
T0006427,C00384,P0153,4,387.04,Germany,2024-04-23
T0006428,C01441,P0049,2,310.35,Brazil,2024-11-07
T0006429,C01731,P0057,3,105.67,Brazil,2024-02-02
T0006430,C00221,P0013,2,132.12,UK,2024-01-10
T0006431,C00015,P0028,3,465.53,Japan,2024-12-25
T0006432,C01672,P0092,1,284.91,Germany,2024-09-06
T0006433,C01835,P0097,1,219.92,UK,2024-08-16
T0006434,C01395,P0096,2,321.93,Brazil,2024-07-11
T0006435,C00122,P0013,1,134.79,Germany,2024-01-29
T0006436,C00448,P0140,5,250.28,Italy,2024-01-10
T0006437,C01503,P0150,2,218.58,UK,2024-04-10
T0006438,C01220,P0076,4,283.99,Spain,2024-07-24
T0006439,C01669,P0070,2,22.23,Canada,2024-02-07
T0006440,C00604,P0114,5,458.36,UK,2024-02-11
T0006441,C01831,P0128,4,380.1,UK,2024-05-05
T0006442,C00877,P0100,1,116.1,Italy,2024-10-27
T0006443,C00141,P0108,2,479.14,Italy,2024-10-02
T0006444,C01988,P0192,2,232.52,Italy,2024-04-03
T0006445,C01155,P0090,5,159.93,USA,2024-01-09
T0006446,C00060,P0103,2,405.26,UK,2024-11-11
T0006447,C01624,P0096,3,362.27,UK,2024-04-12
T0006448,C01112,P0101,4,474.86,France,2024-09-27
T0006449,C01512,P0097,3,244.22,Brazil,2024-07-13
T0006450,C00167,P0057,2,103.91,Canada,2024-11-08
T0006451,C00223,P0136,4,133.06,Germany,2024-06-13
T0006452,C01510,P0129,5,35.03,USA,2024-06-10
T0006453,C00623,P0114,5,378.4,USA,2024-11-06
T0006454,C01355,P0063,2,211.53,USA,2024-07-06
T0006455,C01994,P0198,5,369.58,Germany,2024-01-10
T0006456,C00071,P0117,1,169.39,France,2024-12-17
T0006457,C01625,P0054,2,233.96,Japan,2024-12-15
T0006458,C01256,P0012,1,256.63,USA,2024-12-29
T0006459,C00075,P0045,3,64.43,Japan,2024-02-12
T0006460,C01344,P0035,4,21.48,Italy,2024-10-31
T0006461,C00502,P0062,4,181.02,Italy,2024-06-02
T0006462,C01210,P0122,2,243.22,Italy,2024-06-19
T0006463,C01021,P0103,1,337.61,Italy,2024-11-16
T0006464,C00439,P0171,2,414.71,France,2024-03-14
T0006465,C01143,P0048,2,354.87,France,2024-01-13
T0006466,C00378,P0032,2,407.81,Germany,2024-07-25
T0006467,C00590,P0101,1,474.32,Brazil,2024-10-31
T0006468,C01379,P0111,5,446.55,Brazil,2024-09-07
T0006469,C01472,P0125,1,137.25,Germany,2024-09-24
T0006470,C01765,P0128,3,356.93,Canada,2024-06-24
T0006471,C00891,P0140,1,221.68,Canada,2024-03-02
T0006472,C00633,P0103,1,371.63,Japan,2024-04-11
T0006473,C01714,P0129,3,32.54,Italy,2024-06-01
T0006474,C00604,P0096,1,384.6,Italy,2024-11-17
T0006475,C01228,P0156,5,249.94,Canada,2024-10-02
T0006476,C00067,P0140,1,245.49,Italy,2024-06-04
T0006477,C01160,P0019,3,224.76,Spain,2024-12-07
T0006478,C00238,P0076,2,255.89,Italy,2024-12-19
T0006479,C01216,P0013,3,125.98,Canada,2024-02-06
T0006480,C00243,P0165,2,461.09,Israel,2024-10-01
T0006481,C01840,P0158,2,240.52,Brazil,2024-09-07
T0006482,C01634,P0094,1,285.87,Italy,2024-03-30
T0006483,C01482,P0184,1,472.96,France,2024-10-17
T0006484,C00568,P0103,1,368.15,USA,2024-05-22
T0006485,C00925,P0083,1,265.84,Spain,2024-12-02
T0006486,C00072,P0107,5,119.39,Israel,2024-02-14
T0006487,C01869,P0034,3,150.89,Italy,2024-06-28
T0006488,C00799,P0075,2,385.55,France,2024-04-06
T0006489,C01755,P0198,3,348.92,France,2024-06-28
T0006490,C01314,P0029,4,284.46,Brazil,2024-07-07
T0006491,C01652,P0101,3,408.46,UK,2024-02-17
T0006492,C00637,P0131,1,119.33,Brazil,2024-05-30
T0006493,C00819,P0186,3,321.15,Spain,2024-04-29
T0006494,C00926,P0136,1,156.36,France,2024-09-26
T0006495,C00069,P0013,1,135.96,UK,2024-06-19
T0006496,C01451,P0121,5,292.18,USA,2024-07-06
T0006497,C00384,P0005,2,102.85,Canada,2024-02-12
T0006498,C01911,P0136,1,160.49,France,2024-08-05
T0006499,C00103,P0140,1,211.15,Brazil,2024-09-07
T0006500,C01554,P0119,4,131.6,Israel,2024-02-12
T0006501,C00113,P0070,2,21.66,Italy,2024-11-05
T0006502,C01244,P0081,5,101.14,Italy,2024-03-10
T0006503,C00833,P0175,4,244.64,USA,2024-01-06
T0006504,C01016,P0055,4,341.32,USA,2024-05-22
T0006505,C00593,P0070,5,19.08,Israel,2024-11-22
T0006506,C01184,P0180,5,357.81,Italy,2024-06-27
T0006507,C01894,P0034,4,151.56,Spain,2024-07-02
T0006508,C00412,P0077,4,76.45,Brazil,2024-08-05
T0006509,C00755,P0180,1,373.38,Spain,2024-03-27
T0006510,C00067,P0185,5,339.52,Brazil,2024-01-26
T0006511,C00062,P0197,1,245.92,Germany,2024-10-19
T0006512,C00318,P0042,2,112.32,Germany,2024-06-05
T0006513,C00626,P0031,4,341.22,Germany,2024-12-27
T0006514,C00767,P0167,5,285.27,UK,2024-12-24
T0006515,C01415,P0128,2,334.65,UK,2024-12-21
T0006516,C01825,P0150,2,213.49,UK,2024-06-27
T0006517,C00024,P0019,1,210.15,Israel,2024-08-15
T0006518,C01815,P0045,5,63.35,Spain,2024-03-08
T0006519,C01580,P0048,1,332.69,UK,2024-02-18
T0006520,C01781,P0075,3,323.77,Japan,2024-02-20
T0006521,C00525,P0096,5,390.45,UK,2024-10-15
T0006522,C00957,P0080,2,53.72,USA,2024-06-04
T0006523,C01460,P0045,2,60.61,Israel,2024-01-20
T0006524,C01647,P0141,3,207.64,Canada,2024-08-05
T0006525,C00626,P0103,2,360.94,Brazil,2024-01-25
T0006526,C00850,P0057,1,108.74,UK,2024-12-21
T0006527,C00862,P0087,4,125.79,USA,2024-02-25
T0006528,C01932,P0114,1,433.99,UK,2024-06-11
T0006529,C01407,P0029,3,275.77,Brazil,2024-07-04
T0006530,C01699,P0136,2,154.36,Canada,2024-01-19
T0006531,C00092,P0184,4,413.32,Israel,2024-05-19
T0006532,C00693,P0042,3,120.54,USA,2024-06-11
T0006533,C01291,P0134,5,199.22,France,2024-06-03
T0006534,C00000,P0190,3,382.7,Israel,2024-08-03
T0006535,C01455,P0048,4,308.44,Italy,2024-12-05
T0006536,C00723,P0013,4,123.23,Israel,2024-01-07
T0006537,C00907,P0038,2,20.01,Israel,2024-01-24
T0006538,C00432,P0054,4,247.12,France,2024-03-05
T0006539,C01314,P0156,5,275.36,UK,2024-05-10
T0006540,C00598,P0125,2,129.06,UK,2024-01-09
T0006541,C01533,P0102,1,128.75,Israel,2024-04-18
T0006542,C01027,P0047,4,284.48,USA,2024-09-17
T0006543,C00041,P0142,5,63.11,Israel,2024-08-05
T0006544,C01810,P0057,5,99.69,USA,2024-08-21
T0006545,C00052,P0184,4,469.99,Canada,2024-10-06
T0006546,C00407,P0179,4,203.67,Brazil,2024-02-26
T0006547,C01900,P0077,4,72.77,Japan,2024-09-06
T0006548,C01756,P0046,3,382.06,Germany,2024-06-04
T0006549,C00422,P0076,1,276.27,Germany,2024-05-14
T0006550,C00239,P0131,5,115.83,Israel,2024-10-17
T0006551,C01278,P0134,5,206.28,Spain,2024-08-23
T0006552,C01042,P0085,4,120.79,Canada,2024-06-26
T0006553,C00965,P0050,5,254.61,Italy,2024-03-29
T0006554,C01600,P0136,4,164.61,Germany,2024-01-28
T0006555,C00163,P0159,2,210.55,USA,2024-02-08
T0006556,C01968,P0167,2,319.14,Brazil,2024-01-02
T0006557,C01516,P0156,4,235.21,UK,2024-01-12
T0006558,C01581,P0187,5,406.15,Germany,2024-07-22
T0006559,C01218,P0017,4,265.3,Canada,2024-08-08
T0006560,C00546,P0000,4,190.87,Germany,2024-10-31
T0006561,C01275,P0122,2,204.94,Canada,2024-03-13
T0006562,C00357,P0046,2,379.97,Germany,2024-11-11
T0006563,C00103,P0117,2,173.69,Brazil,2024-06-27
T0006564,C01380,P0077,5,72.04,Japan,2024-04-28
T0006565,C00613,P0117,2,168.92,Brazil,2024-02-16
T0006566,C01818,P0048,5,336.03,Brazil,2024-11-14
T0006567,C00429,P0194,3,396.67,Israel,2024-08-30
T0006568,C00289,P0157,4,63.2,Canada,2024-12-28
T0006569,C00984,P0136,4,160.99,Canada,2024-06-22
T0006570,C00356,P0012,2,256.81,Italy,2024-11-04
T0006571,C01833,P0008,1,402.96,Japan,2024-04-12
T0006572,C00171,P0105,1,164.09,France,2024-07-16
T0006573,C01052,P0045,1,61.65,UK,2024-11-08
T0006574,C01911,P0177,1,140.91,France,2024-06-29
T0006575,C01099,P0190,5,415.46,Israel,2024-02-05
T0006576,C01784,P0129,4,36.03,Israel,2024-12-01
T0006577,C00400,P0176,1,189.01,Germany,2024-11-19
T0006578,C00306,P0129,3,36.12,Israel,2024-10-07
T0006579,C01777,P0140,5,246.16,Germany,2024-06-01
T0006580,C01054,P0185,1,383.62,Canada,2024-12-21
T0006581,C01890,P0045,3,56.1,USA,2024-02-14
T0006582,C01689,P0032,3,413.53,Germany,2024-07-20
T0006583,C00013,P0043,1,14.0,Japan,2024-08-06
T0006584,C01583,P0101,2,446.91,Italy,2024-02-13
T0006585,C01405,P0081,2,112.67,USA,2024-06-28
T0006586,C01684,P0100,5,112.57,Germany,2024-09-13
T0006587,C00377,P0150,4,205.57,UK,2024-12-30
T0006588,C00487,P0067,1,262.75,Germany,2024-10-25
T0006589,C00296,P0046,5,320.74,Canada,2024-12-25
T0006590,C01048,P0194,1,362.55,USA,2024-02-08
T0006591,C01447,P0185,3,390.38,Japan,2024-12-23
T0006592,C01237,P0084,4,224.39,Germany,2024-09-15
T0006593,C00829,P0048,3,333.57,Japan,2024-08-19
T0006594,C01077,P0000,2,209.92,Israel,2024-11-24
T0006595,C01486,P0079,4,285.02,USA,2024-09-04
T0006596,C00743,P0136,4,144.12,France,2024-05-28
T0006597,C01815,P0048,1,315.86,USA,2024-06-21
T0006598,C00754,P0185,3,390.81,Brazil,2024-04-08
T0006599,C00082,P0057,4,93.98,France,2024-11-08
T0006600,C00410,P0003,3,363.07,France,2024-04-09
T0006601,C01553,P0075,5,367.8,France,2024-04-18
T0006602,C00229,P0100,4,116.52,USA,2024-05-17
T0006603,C00788,P0085,4,133.49,UK,2024-02-13
T0006604,C00626,P0134,3,195.54,Spain,2024-07-09
T0006605,C01659,P0089,5,147.69,UK,2024-10-06
T0006606,C01319,P0158,2,279.87,Israel,2024-05-20
T0006607,C00314,P0105,1,183.79,Brazil,2024-12-24
T0006608,C01191,P0103,4,375.74,Canada,2024-12-27
T0006609,C00749,P0096,4,392.28,Israel,2024-11-08
T0006610,C00503,P0103,5,376.32,Canada,2024-12-30
T0006611,C01408,P0109,4,50.02,Canada,2024-11-01
T0006612,C01728,P0046,5,347.47,Japan,2024-11-28
T0006613,C01169,P0136,5,144.05,USA,2024-04-11
T0006614,C01196,P0109,3,48.67,France,2024-11-09
T0006615,C00575,P0164,5,307.64,Spain,2024-10-12
T0006616,C01843,P0019,1,212.55,Spain,2024-12-16
T0006617,C00333,P0113,2,344.94,Italy,2024-06-13
T0006618,C01888,P0180,2,372.47,UK,2024-12-03
T0006619,C01869,P0076,3,268.2,Italy,2024-10-09
T0006620,C00684,P0150,2,182.87,Germany,2024-09-27
T0006621,C01183,P0109,4,47.43,Japan,2024-11-25
T0006622,C01899,P0032,4,438.17,Canada,2024-06-02
T0006623,C00566,P0062,1,159.3,USA,2024-03-31
T0006624,C01261,P0059,2,371.3,Brazil,2024-12-13
T0006625,C00652,P0045,3,55.18,Italy,2024-09-19
T0006626,C01997,P0050,4,260.76,USA,2024-09-04
T0006627,C01162,P0175,1,252.9,USA,2024-06-13
T0006628,C01974,P0082,3,111.89,USA,2024-05-14
T0006629,C01210,P0113,5,327.21,Israel,2024-12-31
T0006630,C00799,P0156,2,248.17,UK,2024-10-03
T0006631,C00487,P0134,2,207.46,Canada,2024-01-30
T0006632,C00487,P0077,5,81.22,Germany,2024-09-09
T0006633,C01340,P0194,1,392.99,Israel,2024-05-14
T0006634,C00635,P0103,5,406.25,Japan,2024-06-07
T0006635,C01769,P0054,2,212.19,France,2024-09-19
T0006636,C00611,P0197,4,213.23,France,2024-02-25
T0006637,C00735,P0005,4,101.62,Spain,2024-02-25
T0006638,C01498,P0187,5,336.6,France,2024-07-07
T0006639,C00959,P0140,1,258.99,Germany,2024-08-28
T0006640,C00102,P0112,3,365.15,Canada,2024-05-28
T0006641,C00084,P0185,1,350.66,USA,2024-12-04
T0006642,C01390,P0019,4,229.99,UK,2024-07-28
T0006643,C00079,P0124,2,317.54,France,2024-11-25
T0006644,C00010,P0140,1,212.14,Canada,2024-07-31
T0006645,C01053,P0131,5,119.8,Italy,2024-04-10
T0006646,C00241,P0099,5,165.43,France,2024-09-16
T0006647,C01773,P0163,4,58.54,Canada,2024-02-19
T0006648,C01253,P0113,1,325.4,Japan,2024-08-18
T0006649,C00267,P0190,1,381.5,Italy,2024-09-26
T0006650,C01485,P0125,2,130.44,Israel,2024-09-13
T0006651,C01145,P0177,1,143.95,Germany,2024-08-28
T0006652,C00247,P0062,5,181.19,France,2024-09-24
T0006653,C00711,P0103,4,362.57,France,2024-09-15
T0006654,C01117,P0048,4,306.17,Canada,2024-07-24
T0006655,C01367,P0175,2,233.88,Spain,2024-04-18
T0006656,C00834,P0190,1,346.95,Canada,2024-07-18
T0006657,C01072,P0190,1,400.29,Israel,2024-03-01
T0006658,C00483,P0101,3,457.3,Japan,2024-01-27
T0006659,C00035,P0048,1,315.51,Germany,2024-10-23
T0006660,C01850,P0156,1,250.13,USA,2024-07-29
T0006661,C00133,P0017,5,228.02,UK,2024-05-29
T0006662,C00426,P0180,3,356.11,USA,2024-07-24
T0006663,C01300,P0025,2,275.61,Canada,2024-06-03
T0006664,C00318,P0136,3,140.94,Spain,2024-09-15
T0006665,C01044,P0134,5,217.98,Israel,2024-03-11
T0006666,C00493,P0125,2,128.43,France,2024-05-01
T0006667,C00032,P0141,2,182.1,Canada,2024-10-30
T0006668,C01046,P0025,3,310.02,Canada,2024-03-18
T0006669,C01410,P0116,2,73.05,UK,2024-01-01
T0006670,C00505,P0048,3,288.1,France,2024-05-19
T0006671,C00674,P0142,1,63.56,Israel,2024-10-27
T0006672,C00639,P0103,1,399.03,Israel,2024-10-21
T0006673,C00076,P0139,3,178.88,Canada,2024-03-19
T0006674,C01569,P0197,1,208.6,USA,2024-09-09
T0006675,C00199,P0028,4,434.25,Brazil,2024-07-17
T0006676,C01780,P0088,2,83.81,Israel,2024-11-09
T0006677,C00029,P0124,1,339.37,Canada,2024-07-31
T0006678,C00143,P0075,3,315.53,Canada,2024-05-13
T0006679,C00351,P0113,1,332.14,USA,2024-09-13
T0006680,C00303,P0000,2,175.97,Israel,2024-07-19
T0006681,C01489,P0084,1,255.53,Italy,2024-10-05
T0006682,C00371,P0057,4,111.45,Canada,2024-05-19
T0006683,C00003,P0048,2,294.7,Germany,2024-09-30
T0006684,C01536,P0045,1,59.85,France,2024-10-24
T0006685,C00538,P0125,2,117.16,Germany,2024-09-29
T0006686,C00278,P0042,4,112.62,Japan,2024-07-30
T0006687,C00722,P0042,5,111.1,Israel,2024-10-08
T0006688,C01932,P0101,1,447.15,Israel,2024-04-17
T0006689,C01841,P0194,3,408.12,Canada,2024-11-07
T0006690,C00127,P0198,1,356.97,Canada,2024-03-31
T0006691,C00336,P0015,2,123.69,Canada,2024-02-19
T0006692,C01673,P0125,1,128.09,France,2024-03-23
T0006693,C01200,P0142,3,62.6,Germany,2024-07-28
T0006694,C00538,P0103,1,372.58,Israel,2024-07-08
T0006695,C00513,P0120,4,147.53,Germany,2024-04-16
T0006696,C01992,P0078,4,382.28,Spain,2024-12-05
T0006697,C01054,P0025,5,287.26,Italy,2024-05-21
T0006698,C01892,P0070,1,21.24,Brazil,2024-08-29
T0006699,C01731,P0077,5,81.5,Israel,2024-12-05
T0006700,C00755,P0160,2,291.72,Germany,2024-04-17
T0006701,C00507,P0103,2,405.73,UK,2024-07-22
T0006702,C01243,P0028,3,479.06,UK,2024-08-31
T0006703,C00698,P0008,3,366.53,Brazil,2024-10-22
T0006704,C01769,P0194,1,426.38,UK,2024-02-15
T0006705,C00989,P0046,1,324.07,Spain,2024-07-01
T0006706,C01461,P0024,4,467.63,Israel,2024-06-29
T0006707,C01376,P0197,4,204.22,Spain,2024-04-24
T0006708,C01399,P0046,5,336.3,Japan,2024-10-20
T0006709,C01946,P0155,4,28.12,Brazil,2024-09-08
T0006710,C01823,P0145,4,325.3,Japan,2024-07-31
T0006711,C00701,P0198,1,354.65,Brazil,2024-05-18
T0006712,C00872,P0005,2,112.48,Germany,2024-06-15
T0006713,C00774,P0136,4,163.43,Japan,2024-08-20
T0006714,C01449,P0059,2,318.4,Germany,2024-12-30
T0006715,C01028,P0129,5,31.53,Brazil,2024-10-14
T0006716,C01055,P0084,2,268.9,Brazil,2024-06-11
T0006717,C00640,P0046,4,364.68,Brazil,2024-07-14
T0006718,C01935,P0175,4,232.39,France,2024-02-26
T0006719,C01454,P0180,2,336.35,Israel,2024-03-09
T0006720,C01795,P0083,5,246.28,Spain,2024-04-30
T0006721,C00312,P0140,4,244.72,France,2024-03-22
T0006722,C00378,P0119,4,137.75,Germany,2024-08-01
T0006723,C00939,P0113,3,346.89,France,2024-02-17
T0006724,C00396,P0154,4,53.29,Italy,2024-06-17
T0006725,C00052,P0058,5,260.82,Germany,2024-12-04
T0006726,C01863,P0001,5,256.65,UK,2024-09-01
T0006727,C00774,P0117,4,176.33,Italy,2024-01-02
T0006728,C00509,P0175,5,222.44,Spain,2024-03-27
T0006729,C00052,P0054,1,248.89,Brazil,2024-11-20
T0006730,C01288,P0180,3,359.66,UK,2024-03-02
T0006731,C01864,P0051,1,251.08,Germany,2024-07-13
T0006732,C00146,P0077,2,70.85,UK,2024-05-17
T0006733,C01859,P0086,3,53.29,France,2024-05-03
T0006734,C00073,P0121,5,326.62,Germany,2024-02-26
T0006735,C00689,P0077,4,66.19,Israel,2024-04-03
T0006736,C00540,P0013,3,133.42,Germany,2024-08-31
T0006737,C00415,P0077,3,79.13,Canada,2024-01-02
T0006738,C00837,P0113,2,386.72,UK,2024-07-17
T0006739,C00802,P0125,4,134.97,France,2024-08-12
T0006740,C01737,P0150,1,221.49,Spain,2024-08-26
T0006741,C01339,P0059,3,339.16,Brazil,2024-04-14
T0006742,C00617,P0103,5,409.58,Spain,2024-12-26
T0006743,C00671,P0077,3,77.37,Canada,2024-12-20
T0006744,C01208,P0129,2,32.51,Israel,2024-04-05
T0006745,C00899,P0177,2,139.02,Brazil,2024-03-17
T0006746,C01832,P0128,1,369.96,USA,2024-10-13
T0006747,C00259,P0184,2,411.89,Spain,2024-04-20
T0006748,C00988,P0084,2,263.92,Germany,2024-11-19
T0006749,C01055,P0140,3,256.92,Italy,2024-06-19
T0006750,C01520,P0077,5,75.22,Japan,2024-03-09
T0006751,C01477,P0129,4,35.32,Japan,2024-12-07
T0006752,C01584,P0136,1,139.85,Brazil,2024-02-07
T0006753,C01676,P0084,5,261.48,Canada,2024-01-15
T0006754,C00508,P0017,1,227.9,France,2024-09-05
T0006755,C00474,P0125,1,121.88,Israel,2024-11-21
T0006756,C00604,P0001,2,275.73,Spain,2024-02-21
T0006757,C00136,P0156,4,249.9,Israel,2024-07-15
T0006758,C01419,P0141,1,207.9,Japan,2024-01-28
T0006759,C00474,P0060,1,424.31,Germany,2024-01-22
T0006760,C01670,P0023,5,445.93,Spain,2024-06-30
T0006761,C00637,P0193,2,204.12,Israel,2024-01-02
T0006762,C00800,P0084,2,273.07,Israel,2024-03-07
T0006763,C00328,P0186,4,382.57,Japan,2024-01-29
T0006764,C01884,P0075,3,350.44,Brazil,2024-02-18
T0006765,C01344,P0129,4,31.38,Canada,2024-05-10
T0006766,C01627,P0190,3,353.05,USA,2024-04-14
T0006767,C00061,P0048,2,345.88,Canada,2024-04-18
T0006768,C00527,P0007,1,468.01,UK,2024-01-27
T0006769,C00923,P0046,4,335.19,Germany,2024-02-04
T0006770,C00662,P0114,4,455.19,Israel,2024-03-26
T0006771,C00197,P0134,5,227.67,Canada,2024-08-02
T0006772,C01684,P0177,2,127.68,UK,2024-04-09
T0006773,C01288,P0190,4,418.18,Brazil,2024-11-28
T0006774,C01124,P0075,5,385.84,UK,2024-10-10
T0006775,C01836,P0076,4,300.04,France,2024-02-18
T0006776,C00935,P0019,4,229.04,Japan,2024-05-17
T0006777,C01343,P0190,5,366.57,UK,2024-11-30
T0006778,C00183,P0076,3,299.81,USA,2024-09-10
T0006779,C01274,P0013,3,127.77,France,2024-05-31
T0006780,C00383,P0150,3,211.94,Japan,2024-10-27
T0006781,C00161,P0154,3,45.33,Israel,2024-02-26
T0006782,C00752,P0066,1,336.07,USA,2024-06-29
T0006783,C00061,P0084,4,270.81,USA,2024-11-24
T0006784,C00697,P0080,5,44.56,Canada,2024-05-03
T0006785,C01574,P0059,5,365.1,France,2024-07-20
T0006786,C01676,P0013,5,118.63,Brazil,2024-11-12
T0006787,C00918,P0076,2,263.25,Canada,2024-02-03
T0006788,C01375,P0113,2,387.96,Japan,2024-12-27
T0006789,C00068,P0129,3,33.14,Spain,2024-10-17
T0006790,C01708,P0073,3,157.12,Israel,2024-07-01
T0006791,C01735,P0130,1,244.17,UK,2024-08-12
T0006792,C01257,P0007,4,459.33,Brazil,2024-01-29
T0006793,C00914,P0077,4,73.59,USA,2024-10-01
T0006794,C00772,P0054,2,208.47,Germany,2024-09-08
T0006795,C00411,P0193,3,179.12,Spain,2024-05-14
T0006796,C00151,P0128,3,373.11,Japan,2024-11-08
T0006797,C01324,P0061,3,459.18,Brazil,2024-08-27
T0006798,C01528,P0193,2,186.06,Brazil,2024-12-12
T0006799,C01671,P0081,1,107.68,Germany,2024-03-29
T0006800,C00780,P0140,3,240.37,UK,2024-06-13
T0006801,C00216,P0000,1,190.48,UK,2024-08-09
T0006802,C00643,P0054,3,213.11,USA,2024-10-21
T0006803,C00064,P0147,3,400.57,Canada,2024-04-10
T0006804,C00398,P0194,4,422.26,Israel,2024-06-15
T0006805,C00953,P0136,1,157.74,Brazil,2024-08-05
T0006806,C01321,P0048,4,333.6,USA,2024-06-01
T0006807,C00349,P0099,3,184.78,Brazil,2024-01-25
T0006808,C01453,P0017,2,265.13,Canada,2024-09-14
T0006809,C00946,P0139,4,174.65,Israel,2024-06-19
T0006810,C01039,P0064,5,129.85,Spain,2024-10-05
T0006811,C01487,P0131,3,113.18,Japan,2024-04-08
T0006812,C01681,P0196,4,108.39,Italy,2024-05-22
T0006813,C01597,P0000,2,182.27,Germany,2024-06-14
T0006814,C00088,P0077,2,78.76,Brazil,2024-12-17
T0006815,C01935,P0176,2,167.02,France,2024-06-11
T0006816,C00408,P0067,3,247.84,Israel,2024-09-27
T0006817,C00012,P0070,1,21.3,Germany,2024-02-26
T0006818,C00946,P0042,5,103.31,Brazil,2024-05-30
T0006819,C00279,P0065,5,276.29,Italy,2024-05-28
T0006820,C00879,P0129,4,33.07,Italy,2024-06-07
T0006821,C01681,P0134,3,194.13,Germany,2024-11-17
T0006822,C01122,P0187,5,359.28,USA,2024-02-24
T0006823,C01635,P0068,5,87.35,Spain,2024-10-03
T0006824,C00048,P0103,1,396.73,Israel,2024-01-30
T0006825,C01690,P0119,2,129.88,UK,2024-03-27
T0006826,C00141,P0190,5,346.09,Italy,2024-03-08
T0006827,C00473,P0067,5,256.7,Spain,2024-07-05
T0006828,C00476,P0125,5,131.67,Spain,2024-01-22
T0006829,C01823,P0072,4,265.36,UK,2024-11-29
T0006830,C01720,P0129,4,38.39,UK,2024-03-25
T0006831,C01143,P0013,1,118.97,Israel,2024-05-08
T0006832,C00666,P0136,1,158.38,Brazil,2024-08-01
T0006833,C00414,P0053,3,292.86,UK,2024-08-24
T0006834,C00482,P0057,4,107.89,Canada,2024-06-04
T0006835,C00189,P0171,5,436.51,Spain,2024-07-22
T0006836,C00705,P0075,5,377.87,France,2024-10-18
T0006837,C01255,P0177,2,145.93,USA,2024-10-07
T0006838,C01951,P0035,4,22.12,Canada,2024-06-05
T0006839,C01850,P0046,4,N/A,Spain,2024-09-18
T0006840,C01106,P0185,1,344.1,Spain,2024-08-31
T0006841,C00468,P0010,3,444.13,Canada,2024-12-21
T0006842,C01543,P0084,5,247.57,France,2024-01-29
T0006843,C00540,P0187,4,415.77,USA,2024-11-01
T0006844,C01768,P0054,4,218.88,France,2024-04-02
T0006845,C01980,P0035,4,18.69,Brazil,2024-06-13
T0006846,C00175,P0156,1,225.06,Italy,2024-07-19
T0006847,C00066,P0166,1,323.91,Canada,2024-06-20
T0006848,C01203,P0101,2,416.31,UK,2024-05-17
T0006849,C01529,P0180,4,340.86,Japan,2024-07-17
T0006850,C01688,P0082,1,103.13,Japan,2024-06-14
T0006851,C01748,P0129,5,36.72,Brazil,2024-07-11
T0006852,C01107,P0180,3,387.76,Italy,2024-05-26
T0006853,C00486,P0133,1,315.57,USA,2024-11-01
T0006854,C00854,P0178,1,270.76,Israel,2024-08-18
T0006855,C00055,P0187,5,386.31,Italy,2024-02-18
T0006856,C00081,P0136,5,145.66,Spain,2024-04-26
T0006857,C00717,P0019,3,208.06,Israel,2024-01-03
T0006858,C00499,P0109,3,51.44,Japan,2024-04-01
T0006859,C00522,P0101,3,446.63,Brazil,2024-01-18
T0006860,C01828,P0194,3,363.59,USA,2024-03-14
T0006861,C00448,P0117,4,200.38,Spain,2024-04-02
T0006862,C01124,P0105,3,191.22,Japan,2024-01-01
T0006863,C01044,P0052,3,367.07,Israel,2024-05-26
T0006864,C00738,P0103,2,362.21,Spain,2024-06-21
T0006865,C01990,P0108,3,402.91,Japan,2024-09-15
T0006866,C00715,P0048,5,348.14,UK,2024-02-29
T0006867,C01346,P0062,2,162.35,Spain,2024-02-26
T0006868,C00403,P0062,5,171.67,USA,2024-09-11
T0006869,C01305,P0037,4,86.86,Japan,2024-08-10
T0006870,C00335,P0134,5,232.0,Spain,2024-07-10
T0006871,C01659,P0180,5,390.79,Spain,2024-10-25
T0006872,C01182,P0082,4,101.67,USA,2024-02-21
T0006873,C01054,P0175,5,249.08,Brazil,2024-09-24
T0006874,C01880,P0059,5,307.5,Canada,2024-06-10
T0006875,C01175,P0005,2,123.33,Israel,2024-12-28
T0006876,C00382,P0101,1,490.09,Canada,2024-10-19
T0006877,C01749,P0063,5,236.96,Italy,2024-07-29
T0006878,C01982,P0109,5,44.37,Japan,2024-06-11
T0006879,C01616,P0157,3,67.75,Italy,2024-10-22
T0006880,C00676,P0067,4,270.08,USA,2024-07-09
T0006881,C00274,P0198,1,351.41,USA,2024-12-30
T0006882,C01107,P0125,2,140.18,UK,2024-05-10
T0006883,C01143,P0136,2,144.11,Germany,2024-01-10
T0006884,C00402,P0185,5,362.92,USA,2024-07-06
T0006885,C00747,P0049,5,347.11,USA,2024-06-13
T0006886,C01920,P0070,1,21.2,Canada,2024-08-09
T0006887,C01051,P0071,3,73.38,Spain,2024-08-01
T0006888,C00342,P0185,4,322.86,USA,2024-09-24
T0006889,C01043,P0012,2,280.12,UK,2024-01-19
T0006890,C01197,P0013,4,127.37,Canada,2024-10-13
T0006891,C00037,P0101,1,413.04,Canada,2024-04-25
T0006892,C00645,P0065,3,239.56,France,2024-06-25
T0006893,C00503,P0180,2,331.75,Brazil,2024-01-02
T0006894,C00340,P0019,4,225.67,Canada,2024-08-30
T0006895,C01480,P0080,1,46.53,UK,2024-01-31
T0006896,C01498,P0020,1,335.4,Japan,2024-11-25
T0006897,C01543,P0057,5,111.58,Israel,2024-06-26
T0006898,C00439,P0159,3,223.64,France,2024-11-26
T0006899,C01159,P0187,4,375.41,Germany,2024-12-28
T0006900,C00638,P0062,5,167.91,Spain,2024-11-13
T0006901,C01575,P0134,4,190.91,UK,2024-11-27
T0006902,C00912,P0125,4,121.76,Germany,2024-08-24
T0006903,C01960,P0117,1,165.45,France,2024-01-18
T0006904,C00585,P0126,3,377.92,Germany,2024-03-25
T0006905,C00903,P0045,2,52.47,Israel,2024-04-14
T0006906,C00217,P0129,3,38.17,France,2024-07-30
T0006907,C00440,P0134,1,197.1,Germany,2024-10-27
T0006908,C00025,P0093,3,30.67,Japan,2024-03-19
T0006909,C01152,P0185,1,367.37,Israel,2024-10-16
T0006910,C00029,P0019,3,208.65,UK,2024-08-02
T0006911,C00671,P0071,2,87.82,Germany,2024-11-27
T0006912,C00098,P0129,4,36.88,France,2024-11-21
T0006913,C01153,P0176,2,184.0,France,2024-08-15
T0006914,C00926,P0013,1,127.91,Italy,2024-01-07
T0006915,C00550,P0000,4,214.85,USA,2024-12-16
T0006916,C00710,P0136,2,156.21,Germany,2024-08-01
T0006917,C01240,P0057,4,110.43,Canada,2024-11-03
T0006918,C00263,P0097,3,258.74,UK,2024-05-02
T0006919,C01878,P0115,5,341.45,Japan,2024-09-30
T0006920,C01734,P0134,4,193.33,Canada,2024-09-15
T0006921,C00837,P0161,5,219.34,Japan,2024-07-10
T0006922,C01988,P0097,3,235.14,Spain,2024-02-27
T0006923,C00755,P0180,1,403.3,USA,2024-11-22
T0006924,C00489,P0086,2,61.93,Israel,2024-07-25
T0006925,C00524,P0187,4,402.56,France,2024-07-08
T0006926,C00095,P0090,3,172.26,Italy,2024-08-23
T0006927,C00265,P0175,5,251.25,Italy,2024-02-07
T0006928,C01003,P0076,3,250.32,Canada,2024-12-12
T0006929,C00745,P0187,1,363.96,Israel,2024-05-13
T0006930,C00574,P0089,1,147.57,France,2024-03-09
T0006931,C01382,P0013,5,130.68,UK,2024-03-04
T0006932,C01001,P0077,5,67.98,Spain,2024-07-29
T0006933,C01386,P0141,1,193.37,Israel,2024-02-23
T0006934,C00923,P0057,1,114.48,Spain,2024-09-28
T0006935,C01256,P0134,3,223.77,Italy,2024-09-15
T0006936,C01243,P0062,2,159.2,Canada,2024-11-12
T0006937,C00295,P0019,5,218.22,UK,2024-03-21
T0006938,C00435,P0185,3,368.77,Brazil,2024-05-24
T0006939,C00985,P0190,4,381.01,Israel,2024-05-26
T0006940,C01987,P0076,4,259.57,UK,2024-06-14
T0006941,C00117,P0117,5,191.13,Spain,2024-05-24
T0006942,C00099,P0117,3,166.02,Japan,2024-05-13
T0006943,C00312,P0134,5,209.94,Italy,2024-10-18
T0006944,C00596,P0145,5,300.38,Germany,2024-08-02
T0006945,C01548,P0146,1,223.16,Japan,2024-04-27
T0006946,C01999,P0045,1,62.09,UK,2024-06-23
T0006947,C00250,P0043,4,13.17,France,2024-11-13
T0006948,C01414,P0185,5,363.99,UK,2024-02-26
T0006949,C00438,P0185,4,390.65,Japan,2024-12-25
T0006950,C00659,P0136,3,137.22,Israel,2024-09-19
T0006951,C00274,P0075,4,378.67,Israel,2024-10-11
T0006952,C01352,P0042,4,114.58,Israel,2024-09-06
T0006953,C00458,P0156,1,252.16,Germany,2024-10-15
T0006954,C00111,P0125,1,141.63,France,2024-05-12
T0006955,C00092,P0108,3,397.42,UK,2024-10-22
T0006956,C01558,P0101,3,425.89,USA,2024-03-28
T0006957,C01208,P0106,2,75.35,Spain,2024-02-18
T0006958,C01006,P0154,2,53.44,Brazil,2024-09-06
T0006959,C00128,P0075,1,371.72,USA,2024-12-12
T0006960,C01117,P0176,1,165.2,Brazil,2024-03-28
T0006961,C01077,P0185,1,368.45,Israel,2024-06-25
T0006962,C00439,P0096,1,320.42,Canada,2024-10-13
T0006963,C00790,P0168,4,113.83,Brazil,2024-06-06
T0006964,C01180,P0075,5,320.38,Israel,2024-12-15
T0006965,C01945,P0184,5,438.52,Canada,2024-10-12
T0006966,C01799,P0013,3,117.63,Germany,2024-03-31
T0006967,C00645,P0193,3,194.9,Brazil,2024-03-26
T0006968,C00076,P0190,2,368.25,Italy,2024-09-23
T0006969,C01911,P0084,2,226.64,Italy,2024-06-23
T0006970,C00414,P0184,3,437.38,Canada,2024-01-11
T0006971,C00417,P0075,1,375.05,Germany,2024-08-08
T0006972,C00322,P0098,1,448.54,Brazil,2024-05-24
T0006973,C01085,P0085,1,115.72,Japan,2024-04-11
T0006974,C00216,P0084,1,264.62,Italy,2024-05-09
T0006975,C01507,P0160,2,307.59,USA,2024-07-18
T0006976,C01236,P0136,4,143.35,UK,2024-07-30
T0006977,C01390,P0054,3,218.38,UK,2024-12-20
T0006978,C00414,P0098,5,427.45,UK,2024-08-06
T0006979,C01019,P0024,4,453.84,Canada,2024-03-10
T0006980,C01594,P0136,4,152.2,Brazil,2024-07-11
T0006981,C01372,P0075,4,372.13,Israel,2024-10-06
T0006982,C01726,P0051,1,259.31,Japan,2024-08-26
T0006983,C01493,P0048,4,345.48,UK,2024-08-09
T0006984,C01526,P0190,2,411.73,UK,2024-05-27
T0006985,C00586,P0107,3,119.53,USA,2024-12-13
T0006986,C00231,P0119,2,123.1,UK,2024-01-27
T0006987,C00552,P0150,2,199.66,Spain,2024-02-02
T0006988,C01654,P0054,2,257.22,Germany,2024-12-03
T0006989,C00354,P0190,3,353.63,USA,2024-05-27
T0006990,C01336,P0185,1,393.36,UK,2024-01-29
T0006991,C01829,P0069,3,187.75,France,2024-04-03
T0006992,C00745,P0076,3,296.56,UK,2024-06-27
T0006993,C01330,P0101,2,451.04,Spain,2024-01-16
T0006994,C01947,P0109,2,51.86,France,2024-07-26
T0006995,C00606,P0078,3,442.24,Brazil,2024-02-16
T0006996,C01807,P0034,4,152.38,Canada,2024-12-27
T0006997,C01836,P0075,2,336.05,USA,2024-03-05
T0006998,C00765,P0121,3,275.9,UK,2024-09-29
T0006999,C00757,P0101,1,461.56,Spain,2024-09-17
T0007000,C00629,P0019,5,204.37,Israel,2024-06-17
T0007001,C01694,P0088,1,83.32,Italy,2024-05-07
T0007002,C00657,P0165,4,400.3,Italy,2024-05-14
T0007003,C01127,P0059,4,366.05,Brazil,2024-05-18
T0007004,C00192,P0175,4,205.24,Brazil,2024-01-04
T0007005,C01471,P0077,5,73.17,Italy,2024-09-16
T0007006,C00645,P0151,2,452.36,France,2024-06-20
T0007007,C00024,P0101,5,433.99,Italy,2024-08-14
T0007008,C00857,P0190,3,377.54,Germany,2024-07-29
T0007009,C01292,P0067,5,227.52,Italy,2024-04-29
T0007010,C00612,P0042,4,118.59,Japan,2024-02-21
T0007011,C00673,P0141,3,220.45,UK,2024-04-10
T0007012,C00282,P0082,1,103.47,USA,2024-11-10
T0007013,C01939,P0184,2,483.18,France,2024-03-03
T0007014,C00909,P0086,1,59.15,USA,2024-11-25
T0007015,C01608,P0125,2,141.05,Italy,2024-12-12
T0007016,C00247,P0190,5,342.1,UK,2024-10-13
T0007017,C00222,P0095,4,218.9,Spain,2024-10-02
T0007018,C01155,P0101,1,431.99,USA,2024-08-26
T0007019,C01583,P0187,3,401.16,Italy,2024-04-21
T0007020,C01152,P0160,4,276.06,France,2024-12-21
T0007021,C01762,P0047,4,253.09,UK,2024-06-24
T0007022,C01494,P0048,5,336.8,Germany,2024-06-29
T0007023,C01808,P0093,2,35.94,USA,2024-08-06
T0007024,C01221,P0013,5,137.79,Germany,2024-01-22
T0007025,C01992,P0159,3,214.07,Japan,2024-07-08
T0007026,C01425,P0067,1,229.11,Italy,2024-08-17
T0007027,C01991,P0048,5,319.91,Germany,2024-07-03
T0007028,C00970,P0125,4,133.48,France,2024-09-07
T0007029,C00508,P0194,5,405.39,Japan,2024-06-18
T0007030,C00581,P0195,4,125.61,France,2024-05-16
T0007031,C00177,P0184,2,407.05,Italy,2024-12-13
T0007032,C00412,P0013,3,137.71,UK,2024-07-26
T0007033,C00292,P0077,5,79.11,France,2024-08-05
T0007034,C01845,P0167,2,319.32,France,2024-10-10
T0007035,C01828,P0017,5,241.5,Brazil,2024-11-01
T0007036,C01284,P0019,1,196.83,USA,2024-03-16
T0007037,C01140,P0032,5,381.73,Brazil,2024-11-03
T0007038,C01314,P0114,1,376.01,Canada,2024-04-24
T0007039,C00399,P0095,4,217.42,Spain,2024-01-05
T0007040,C00027,P0085,4,114.95,France,2024-07-06
T0007041,C00800,P0009,5,21.64,Germany,2024-03-08
T0007042,C01497,P0048,3,353.99,Japan,2024-08-19
T0007043,C01203,P0129,2,38.56,Germany,2024-08-18
T0007044,C00270,P0084,2,264.0,Brazil,2024-07-11
T0007045,C00098,P0006,2,41.57,Italy,2024-10-05
T0007046,C00683,P0057,2,95.08,Israel,2024-06-14
T0007047,C01187,P0045,2,64.22,Brazil,2024-10-10
T0007048,C00099,P0046,5,370.7,Israel,2024-06-27
T0007049,C01949,P0065,3,288.44,France,2024-11-19
T0007050,C01340,P0025,1,299.95,Israel,2024-02-13
T0007051,C00216,P0180,3,385.8,Japan,2024-04-01
T0007052,C01195,P0189,3,333.51,USA,2024-12-03
T0007053,C01728,P0071,4,82.91,USA,2024-12-28
T0007054,C00592,P0013,2,113.64,Japan,2024-01-29
T0007055,C01320,P0118,3,420.25,Israel,2024-07-15
T0007056,C01498,P0125,1,131.91,Germany,2024-11-06
T0007057,C00400,P0045,1,64.12,USA,2024-01-15
T0007058,C00434,P0101,5,403.42,Italy,2024-11-24
T0007059,C01369,P0185,1,365.18,Israel,2024-08-25
T0007060,C01253,P0130,5,215.38,Spain,2024-06-05
T0007061,C01920,P0061,1,380.9,USA,2024-09-11
T0007062,C01510,P0184,1,494.17,Japan,2024-01-12
T0007063,C00464,P0012,2,225.51,Canada,2024-04-20
T0007064,C01467,P0131,2,102.75,Japan,2024-08-11
T0007065,C01570,P0096,2,317.54,Brazil,2024-03-16
T0007066,C00993,P0048,2,341.09,Canada,2024-05-27
T0007067,C00848,P0129,4,31.68,UK,2024-01-24
T0007068,C00005,P0103,5,337.66,Brazil,2024-12-20
T0007069,C01891,P0105,2,192.38,France,2024-02-23
T0007070,C00918,P0025,5,288.1,France,2024-01-24
T0007071,C00639,P0197,5,209.34,Japan,2024-04-30
T0007072,C00546,P0077,2,81.34,Israel,2024-11-26
T0007073,C01217,P0077,4,78.11,USA,2024-07-28
T0007074,C00180,P0169,5,67.97,UK,2024-09-23
T0007075,C00443,P0185,2,373.9,Germany,2024-05-24
T0007076,C01710,P0178,3,260.85,Japan,2024-11-20
T0007077,C01201,P0180,2,378.36,Spain,2024-11-11
T0007078,C00718,P0156,4,226.17,France,2024-08-17
T0007079,C01693,P0129,2,32.31,Italy,2024-02-19
T0007080,C01410,P0129,5,33.19,Germany,2024-01-08
T0007081,C00767,P0131,2,117.43,Brazil,2024-09-06
T0007082,C01098,P0136,5,144.65,France,2024-03-15
T0007083,C01069,P0075,1,374.19,France,2024-08-11
T0007084,C01297,P0185,3,375.28,USA,2024-04-15
T0007085,C01413,P0070,4,20.14,Spain,2024-11-12
T0007086,C01117,P0101,1,408.16,Brazil,2024-04-24
T0007087,C01815,P0084,3,247.11,USA,2024-06-10
T0007088,C00273,P0025,4,284.77,Germany,2024-04-16
T0007089,C00433,P0062,4,160.97,Brazil,2024-04-04
T0007090,C01878,P0002,1,350.25,USA,2024-11-15
T0007091,C01868,P0004,5,188.25,Japan,2024-04-23
T0007092,C00504,P0013,3,114.28,Israel,2024-10-22
T0007093,C00592,P0129,3,34.04,Canada,2024-04-09
T0007094,C00169,P0098,1,421.12,Canada,2024-08-12
T0007095,C00236,P0057,1,110.57,Israel,2024-04-17
T0007096,C00888,P0085,2,127.45,Brazil,2024-08-14
T0007097,C00047,P0116,5,75.88,Spain,2024-09-11
T0007098,C01326,P0071,1,82.81,Israel,2024-08-19
T0007099,C00946,P0042,1,124.8,Brazil,2024-09-13
T0007100,C00717,P0077,5,69.14,USA,2024-04-06
T0007101,C00484,P0185,2,370.93,USA,2024-01-13
T0007102,C00394,P0189,3,306.12,Italy,2024-08-03
T0007103,C00098,P0189,1,338.07,Germany,2024-08-04
T0007104,C01830,P0065,5,238.93,Italy,2024-04-22
T0007105,C01480,P0074,5,123.89,Japan,2024-09-22
T0007106,C01854,P0083,5,229.76,Japan,2024-12-17
T0007107,C01999,P0077,2,68.33,France,2024-07-19
T0007108,C00498,P0136,1,158.64,Spain,2024-09-23
T0007109,C01464,P0103,5,393.09,Canada,2024-09-17
T0007110,C01150,P0129,2,37.08,Japan,2024-05-11
T0007111,C00752,P0042,1,106.28,France,2024-08-12
T0007112,C00636,P0045,1,61.28,Spain,2024-03-02
T0007113,C00557,P0048,2,291.11,Israel,2024-09-27
T0007114,C01124,P0013,2,131.19,Spain,2024-09-24
T0007115,C00324,P0054,1,225.37,USA,2024-12-24
T0007116,C00745,P0157,3,63.02,Italy,2024-04-07
T0007117,C00888,P0179,1,210.26,Brazil,2024-05-26
T0007118,C01846,P0065,3,280.3,Brazil,2024-03-12
T0007119,C00243,P0187,4,386.73,France,2024-09-30
T0007120,C01521,P0180,1,377.89,Germany,2024-10-12
T0007121,C01411,P0184,4,408.6,Israel,2024-12-05
T0007122,C01124,P0096,4,341.74,Italy,2024-08-30
T0007123,C00183,P0059,4,372.45,Israel,2024-09-03
T0007124,C00171,P0163,2,59.31,Japan,2024-10-24
T0007125,C01076,P0163,1,59.37,UK,2024-11-18
T0007126,C01301,P0177,1,128.77,Germany,2024-02-19
T0007127,C01131,P0100,2,109.21,Japan,2024-12-20
T0007128,C01277,P0034,5,153.97,France,2024-08-28
T0007129,C00083,P0198,3,347.28,Brazil,2024-09-05
T0007130,C01331,P0180,1,354.36,France,2024-10-24
T0007131,C01044,P0046,3,350.32,France,2024-03-02
T0007132,C01459,P0101,4,445.98,UK,2024-10-14
T0007133,C00927,P0190,2,382.86,Canada,2024-03-20
T0007134,C01334,P0177,5,123.24,Spain,2024-12-21
T0007135,C00078,P0046,4,367.01,UK,2024-06-03
T0007136,C00111,P0113,1,353.58,UK,2024-08-17
T0007137,C00156,P0185,5,390.89,Canada,2024-05-24
T0007138,C00286,P0046,5,370.63,Germany,2024-11-03
T0007139,C01272,P0156,4,264.53,Japan,2024-07-31
T0007140,C00914,P0054,4,221.22,France,2024-07-29
T0007141,C01584,P0177,3,122.46,Israel,2024-05-28
T0007142,C01636,P0105,1,180.12,Japan,2024-10-24
T0007143,C00370,P0048,1,312.97,UK,2024-03-31
T0007144,C01881,P0134,2,219.01,Canada,2024-08-22
T0007145,C00478,P0075,2,391.47,Japan,2024-05-17
T0007146,C00915,P0185,4,328.47,Spain,2024-09-20
T0007147,C00406,P0109,4,46.2,USA,2024-08-16
T0007148,C00027,P0013,4,126.28,USA,2024-01-08
T0007149,C00178,P0190,2,413.94,Japan,2024-12-05
T0007150,C00722,P0082,4,111.8,Brazil,2024-11-15
T0007151,C01573,P0101,3,468.02,France,2024-03-07
T0007152,C00385,P0155,4,30.34,Japan,2024-04-28
T0007153,C00238,P0125,5,129.21,Spain,2024-02-05
T0007154,C00836,P0075,1,377.36,Italy,2024-02-06
T0007155,C01860,P0070,5,19.69,UK,2024-10-13
T0007156,C01622,P0042,2,115.02,Israel,2024-12-06
T0007157,C00645,P0113,5,364.81,USA,2024-01-26
T0007158,C01635,P0160,2,261.95,Japan,2024-10-17
T0007159,C01975,P0197,5,213.79,Germany,2024-12-13
T0007160,C01297,P0103,4,371.19,Spain,2024-10-14
T0007161,C00695,P0194,2,402.83,UK,2024-01-07
T0007162,C01017,P0013,5,114.93,Italy,2024-05-05
T0007163,C00812,P0021,5,165.28,Germany,2024-04-16
T0007164,C00223,P0103,3,348.78,Spain,2024-09-08
T0007165,C01517,P0185,5,371.65,USA,2024-01-05
T0007166,C01969,P0004,3,159.81,Israel,2024-06-05
T0007167,C01275,P0048,1,335.05,Israel,2024-09-10
T0007168,C01685,P0021,2,172.37,Spain,2024-01-23
T0007169,C00837,P0034,3,131.58,Israel,2024-05-07
T0007170,C00477,P0150,1,203.18,UK,2024-02-14
T0007171,C01886,P0130,4,256.11,Israel,2024-12-14
T0007172,C00614,P0117,2,172.27,Italy,2024-04-20
T0007173,C00560,P0095,3,219.44,France,2024-07-22
T0007174,C00056,P0192,5,223.46,Germany,2024-06-11
T0007175,C00460,P0096,5,361.37,USA,2024-08-16
T0007176,C01954,P0194,1,436.62,Israel,2024-06-11
T0007177,C00522,P0077,1,73.17,USA,2024-12-10
T0007178,C00670,P0194,2,366.51,UK,2024-04-02
T0007179,C01643,P0013,5,118.86,Israel,2024-01-10
T0007180,C01199,P0156,3,271.26,Japan,2024-10-24
T0007181,C01370,P0048,2,334.85,Brazil,2024-01-04
T0007182,C00058,P0113,3,375.92,Canada,2024-07-16
T0007183,C01941,P0077,3,66.51,France,2024-10-16
T0007184,C00827,P0046,5,361.15,Italy,2024-04-06
T0007185,C00427,P0187,5,390.29,Brazil,2024-03-21
T0007186,C01967,P0152,4,371.02,Canada,2024-08-15
T0007187,C01161,P0054,3,233.44,Spain,2024-06-17
T0007188,C01377,P0110,5,53.98,Israel,2024-07-11
T0007189,C00442,P0076,5,255.35,UK,2024-06-03
T0007190,C00906,P0101,4,416.44,Spain,2024-08-12
T0007191,C00390,P0146,4,219.34,Germany,2024-03-24
T0007192,C00795,P0134,3,200.41,Brazil,2024-01-27
T0007193,C01090,P0057,2,112.12,USA,2024-08-02
T0007194,C01736,P0131,4,106.16,Japan,2024-05-27
T0007195,C00227,P0172,2,115.96,USA,2024-10-04
T0007196,C01577,P0185,2,324.31,Israel,2024-04-16
T0007197,C01413,P0067,3,277.53,Canada,2024-09-16
T0007198,C01907,P0062,2,150.68,Italy,2024-07-04
T0007199,C00547,P0052,1,379.35,Italy,2024-09-06
T0007200,C00033,P0065,1,296.08,France,2024-12-12
T0007201,C01115,P0018,4,310.89,Brazil,2024-09-07
T0007202,C00722,P0148,2,261.39,Brazil,2024-11-10
T0007203,C01080,P0035,2,21.43,Israel,2024-06-02
T0007204,C01207,P0109,4,48.45,Spain,2024-02-16
T0007205,C00352,P0046,1,318.01,Canada,2024-02-18
T0007206,C00753,P0170,3,422.54,Israel,2024-06-02
T0007207,C01334,P0116,3,74.0,Spain,2024-11-17
T0007208,C01645,P0125,5,119.43,UK,2024-03-05
T0007209,C00665,P0048,2,296.18,Brazil,2024-01-08
T0007210,C01038,P0180,1,355.12,Italy,2024-06-10
T0007211,C00298,P0180,3,403.86,USA,2024-11-03
T0007212,C01213,P0063,5,226.09,Japan,2024-03-02
T0007213,C01224,P0175,3,240.02,Japan,2024-06-06
T0007214,C00405,P0058,2,278.32,Spain,2024-09-07
T0007215,C01514,P0084,5,268.28,Spain,2024-08-14
T0007216,C01686,P0155,3,27.58,Italy,2024-11-23
T0007217,C00737,P0134,4,214.34,Brazil,2024-01-03
T0007218,C00973,P0174,4,320.3,USA,2024-03-08
T0007219,C01167,P0084,3,227.03,Italy,2024-12-03
T0007220,C00837,P0137,3,250.5,Italy,2024-11-13
T0007221,C00268,P0054,3,217.49,Italy,2024-05-07
T0007222,C00243,P0190,4,400.93,France,2024-06-04
T0007223,C00448,P0171,5,368.8,Brazil,2024-05-17
T0007224,C00661,P0103,1,350.3,UK,2024-06-30
T0007225,C00172,P0001,2,272.55,France,2024-09-24
T0007226,C01639,P0031,5,380.83,France,2024-07-14
T0007227,C01137,P0152,3,413.44,UK,2024-03-26
T0007228,C01945,P0101,5,459.03,Japan,2024-03-27
T0007229,C00751,P0039,4,174.77,Germany,2024-02-10
T0007230,C00453,P0198,4,315.67,Italy,2024-01-18
T0007231,C01373,P0014,2,277.75,UK,2024-07-14
T0007232,C00489,P0103,1,390.55,Italy,2024-04-05
T0007233,C00407,P0046,2,350.85,UK,2024-01-26
T0007234,C01798,P0180,4,401.94,Japan,2024-04-04
T0007235,C00848,P0094,1,269.03,Brazil,2024-09-11
T0007236,C00027,P0179,4,206.86,Canada,2024-11-25
T0007237,C00777,P0045,4,57.13,Spain,2024-06-03
T0007238,C00184,P0075,3,362.87,USA,2024-06-21
T0007239,C00440,P0129,5,37.46,Japan,2024-01-08
T0007240,C01107,P0048,3,286.2,UK,2024-04-16
T0007241,C00788,P0061,3,456.18,Spain,2024-05-19
T0007242,C00362,P0087,3,128.61,Italy,2024-09-07
T0007243,C01724,P0019,3,192.96,Brazil,2024-10-07
T0007244,C01181,P0054,4,229.19,Brazil,2024-02-18
T0007245,C00244,P0084,2,248.57,Brazil,2024-01-05
T0007246,C01292,P0071,2,73.34,Brazil,2024-12-11
T0007247,C00526,P0097,5,265.9,Italy,2024-02-09
T0007248,C00906,P0101,5,490.11,UK,2024-12-15
T0007249,C01689,P0125,4,121.62,Israel,2024-04-15
T0007250,C01013,P0194,1,402.09,France,2024-10-25
T0007251,C00030,P0190,4,414.08,USA,2024-05-14
T0007252,C00536,P0060,4,423.49,Canada,2024-04-17
T0007253,C01986,P0163,2,68.64,UK,2024-06-21
T0007254,C00310,P0013,2,131.32,Israel,2024-03-07
T0007255,C00911,P0042,4,116.03,Spain,2024-06-16
T0007256,C01622,P0047,4,262.35,Italy,2024-05-28
T0007257,C01389,P0095,5,182.95,Brazil,2024-08-08
T0007258,C00463,P0020,4,363.96,Spain,2024-05-04
T0007259,C00110,P0054,1,233.17,USA,2024-05-21
T0007260,C01416,P0048,5,320.19,Japan,2024-10-21
T0007261,C00644,P0131,5,120.7,Israel,2024-11-08
T0007262,C01599,P0175,4,219.33,Italy,2024-06-01
T0007263,C00336,P0178,2,314.4,Japan,2024-06-24
T0007264,C00854,P0075,2,384.3,USA,2024-02-11
T0007265,C00832,P0119,5,141.76,UK,2024-11-25
T0007266,C01873,P0186,3,320.07,Israel,2024-07-19
T0007267,C00300,P0031,5,351.73,Canada,2024-02-29
T0007268,C01867,P0075,5,317.6,USA,2024-05-14
T0007269,C01442,P0017,1,231.56,Israel,2024-05-23
T0007270,C01652,P0147,5,434.84,UK,2024-09-16
T0007271,C01897,P0045,4,64.12,France,2024-12-02
T0007272,C01997,P0129,5,36.26,USA,2024-02-23
T0007273,C01122,P0009,1,20.78,Italy,2024-09-26
T0007274,C01179,P0194,1,431.34,Germany,2024-09-05
T0007275,C00666,P0185,1,388.57,USA,2024-05-17
T0007276,C01191,P0104,5,44.26,Brazil,2024-12-04
T0007277,C01639,P0073,1,178.33,Italy,2024-06-02
T0007278,C01846,P0134,3,201.16,UK,2024-09-30
T0007279,C01767,P0173,5,128.43,Brazil,2024-02-12
T0007280,C01614,P0075,4,345.7,Brazil,2024-05-19
T0007281,C01785,P0103,4,365.24,USA,2024-01-02
T0007282,C00480,P0036,3,177.11,Italy,2024-07-09
T0007283,C00829,P0062,3,180.97,Israel,2024-12-11
T0007284,C00388,P0134,5,227.03,Canada,2024-10-08
T0007285,C01364,P0125,1,137.63,Brazil,2024-05-07
T0007286,C00330,P0077,4,68.54,Italy,2024-01-11
T0007287,C00105,P0136,2,151.98,Israel,2024-05-07
T0007288,C01142,P0098,1,381.91,UK,2024-10-17
T0007289,C01486,P0190,4,392.35,Italy,2024-04-27
T0007290,C00167,P0048,3,319.45,Israel,2024-03-29
T0007291,C00546,P0187,1,410.5,France,2024-07-16
T0007292,C01644,P0135,2,181.81,Brazil,2024-07-29
T0007293,C00538,P0118,3,435.75,Spain,2024-11-25
T0007294,C00584,P0046,3,313.08,Spain,2024-04-13
T0007295,C00933,P0136,3,138.23,Japan,2024-02-05
T0007296,C01953,P0034,4,145.7,Israel,2024-05-17
T0007297,C01119,P0104,3,46.77,Japan,2024-11-01
T0007298,C01242,P0013,3,117.99,Canada,2024-02-07
T0007299,C00261,P0035,2,19.51,Canada,2024-08-16
T0007300,C01568,P0028,5,471.81,Japan,2024-02-15
T0007301,C00579,P0103,2,399.49,France,2024-04-02
T0007302,C00510,P0018,3,334.67,France,2024-03-14
T0007303,C01730,P0103,1,356.29,UK,2024-08-04
T0007304,C01745,P0129,5,36.43,Israel,2024-03-14
T0007305,C00860,P0086,4,51.96,Israel,2024-12-08
T0007306,C01673,P0119,5,134.69,Italy,2024-12-10
T0007307,C01178,P0067,4,230.39,UK,2024-06-21
T0007308,C01940,P0028,1,391.44,France,2024-10-07
T0007309,C00600,P0064,1,121.93,UK,2024-12-26
T0007310,C00444,P0077,2,77.06,Germany,2024-10-20
T0007311,C00542,P0124,3,303.73,Italy,2024-12-07
T0007312,C00028,P0178,5,295.18,Brazil,2024-12-12
T0007313,C01531,P0085,3,138.5,Israel,2024-12-28
T0007314,C01318,P0136,4,145.18,USA,2024-03-09
T0007315,C01238,P0103,1,404.66,Germany,2024-06-24
T0007316,C00335,P0136,4,140.33,Israel,2024-07-30
T0007317,C01690,P0103,5,368.64,Germany,2024-08-16
T0007318,C01688,P0156,1,266.73,UK,2024-03-19
T0007319,C00824,P0113,5,371.2,Japan,2024-12-12
T0007320,C01389,P0103,2,395.98,UK,2024-11-21
T0007321,C00182,P0062,2,151.57,UK,2024-05-01
T0007322,C00248,P0017,4,266.4,Israel,2024-08-23
T0007323,C01748,P0148,4,296.45,Brazil,2024-04-15
T0007324,C01870,P0196,5,93.22,France,2024-09-29
T0007325,C01964,P0047,4,268.99,France,2024-04-15
T0007326,C00537,P0125,2,122.96,Israel,2024-01-06
T0007327,C00708,P0067,4,253.51,Spain,2024-03-15
T0007328,C01424,P0065,1,248.06,UK,2024-03-19
T0007329,C01210,P0171,1,398.51,Israel,2024-07-29
T0007330,C00186,P0139,3,191.53,Spain,2024-06-13
T0007331,C00595,P0046,4,339.24,UK,2024-07-26
T0007332,C00848,P0175,2,211.23,Spain,2024-04-03
T0007333,C01140,P0184,2,445.37,Israel,2024-03-01
T0007334,C01997,P0100,4,105.84,USA,2024-01-31
T0007335,C01692,P0084,5,260.65,Canada,2024-05-19
T0007336,C00856,P0146,2,260.69,Spain,2024-12-13
T0007337,C01769,P0175,4,220.25,Japan,2024-12-16
T0007338,C01403,P0184,2,425.74,Brazil,2024-01-24
T0007339,C01652,P0082,4,105.11,Germany,2024-09-30
T0007340,C00970,P0046,4,334.35,Germany,2024-08-02
T0007341,C00752,P0156,4,275.73,France,2024-01-14
T0007342,C00502,P0131,2,113.07,Israel,2024-01-31
T0007343,C01419,P0019,3,195.84,Spain,2024-08-27
T0007344,C01499,P0129,5,34.26,Spain,2024-08-14
T0007345,C00023,P0042,1,115.69,Germany,2024-11-28
T0007346,C00429,P0196,4,92.14,Japan,2024-03-22
T0007347,C01327,P0129,2,34.85,UK,2024-11-04
T0007348,C00115,P0156,5,223.4,France,2024-05-17
T0007349,C00445,P0129,3,37.3,Brazil,2024-12-31
T0007350,C00791,P0194,3,443.44,Spain,2024-01-18
T0007351,C01266,P0136,4,154.69,Spain,2024-03-27
T0007352,C00419,P0088,1,81.09,Japan,2024-03-05
T0007353,C00670,P0077,5,80.96,Japan,2024-01-23
T0007354,C00553,P0136,1,139.24,Israel,2024-02-27
T0007355,C00637,P0129,3,33.77,Spain,2024-11-21
T0007356,C00711,P0045,2,63.06,Canada,2024-09-11
T0007357,C00239,P0054,1,210.38,Brazil,2024-09-21
T0007358,C01385,P0101,5,424.91,USA,2024-09-12
T0007359,C01861,P0159,2,191.3,Brazil,2024-12-26
T0007360,C00141,P0013,1,130.7,USA,2024-03-21
T0007361,C01579,P0046,2,355.32,USA,2024-06-03
T0007362,C01592,P0171,1,432.82,Brazil,2024-01-15
T0007363,C00958,P0059,1,312.67,Brazil,2024-12-25
T0007364,C00885,P0082,3,112.11,Japan,2024-03-07
T0007365,C01294,P0125,4,114.89,Brazil,2024-05-15
T0007366,C01082,P0009,5,21.51,Canada,2024-01-12
T0007367,C01837,P0124,2,328.82,France,2024-03-09
T0007368,C01051,P0194,4,370.41,Spain,2024-12-23
T0007369,C01953,P0019,2,234.75,Spain,2024-03-01
T0007370,C00825,P0194,1,366.41,France,2024-07-09
T0007371,C00354,P0113,3,391.08,UK,2024-10-15
T0007372,C00210,P0045,2,57.44,UK,2024-10-16
T0007373,C00085,P0091,2,62.34,USA,2024-09-11
T0007374,C00667,P0000,4,207.58,Germany,2024-08-14
T0007375,C01733,P0142,4,59.92,Brazil,2024-10-04
T0007376,C00692,P0067,4,277.06,Japan,2024-08-22
T0007377,C00243,P0046,4,368.54,Israel,2024-12-03
T0007378,C00144,P0000,4,198.3,Canada,2024-07-09
T0007379,C00257,P0065,4,278.37,Japan,2024-02-02
T0007380,C00774,P0147,5,358.29,Germany,2024-12-01
T0007381,C01172,P0045,1,54.92,Japan,2024-08-26
T0007382,C01552,P0009,3,21.86,UK,2024-05-11
T0007383,C00143,P0019,5,231.42,USA,2024-04-29
T0007384,C00656,P0062,5,154.57,UK,2024-08-26
T0007385,C01581,P0140,2,237.09,USA,2024-12-19
T0007386,C00611,P0192,1,218.02,Italy,2024-10-02
T0007387,C00053,P0178,4,298.6,Brazil,2024-09-28
T0007388,C00301,P0000,3,180.01,Canada,2024-04-06
T0007389,C00781,P0067,5,268.24,Israel,2024-04-15
T0007390,C00305,P0005,3,120.59,Canada,2024-12-22
T0007391,C00031,P0125,2,136.42,Japan,2024-01-20
T0007392,C01438,P0103,2,349.95,Italy,2024-09-05
T0007393,C01690,P0161,2,256.93,USA,2024-01-22
T0007394,C00285,P0095,2,200.08,France,2024-08-14
T0007395,C01549,P0048,1,295.46,Canada,2024-10-22
T0007396,C00054,P0058,2,246.7,Germany,2024-12-12
T0007397,C01017,P0045,5,57.71,Germany,2024-10-16
T0007398,C01613,P0042,2,114.49,USA,2024-12-17
T0007399,C01485,P0103,5,363.95,France,2024-10-15
T0007400,C00929,P0093,1,35.37,Israel,2024-03-23
T0007401,C01484,P0028,1,464.97,Japan,2024-06-12
T0007402,C00941,P0123,5,375.2,Canada,2024-12-19
T0007403,C01018,P0101,3,496.14,Japan,2024-08-26
T0007404,C00517,P0042,4,109.09,Canada,2024-10-04
T0007405,C01857,P0044,5,316.6,Germany,2024-04-03
T0007406,C00356,P0135,4,165.94,France,2024-05-02
T0007407,C01382,P0101,1,432.33,Brazil,2024-12-20
T0007408,C00061,P0146,5,262.99,UK,2024-02-12
T0007409,C00841,P0133,4,275.65,Germany,2024-12-16
T0007410,C00613,P0035,2,20.26,Israel,2024-02-11
T0007411,C00564,P0194,4,361.45,Brazil,2024-04-05
T0007412,C00210,P0020,2,360.46,France,2024-09-10
T0007413,C01383,P0101,5,415.83,Israel,2024-06-03
T0007414,C01162,P0185,3,383.3,France,2024-11-01
T0007415,C00265,P0138,2,51.62,Brazil,2024-01-24
T0007416,C01404,P0156,2,236.42,Germany,2024-03-18
T0007417,C00315,P0125,1,128.65,Brazil,2024-07-26
T0007418,C00957,P0096,3,355.96,Canada,2024-04-06
T0007419,C00708,P0100,5,113.82,Spain,2024-03-25
T0007420,C00729,P0179,3,224.77,USA,2024-06-13
T0007421,C01453,P0125,3,140.99,Spain,2024-08-14
T0007422,C00457,P0060,3,389.57,Brazil,2024-10-30
T0007423,C01964,P0159,3,217.32,UK,2024-03-19
T0007424,C01549,P0090,5,172.15,Spain,2024-01-09
T0007425,C01501,P0057,3,109.48,Germany,2024-05-29
T0007426,C01216,P0028,1,443.59,Brazil,2024-02-09
T0007427,C01177,P0088,1,89.1,USA,2024-08-13
T0007428,C00891,P0075,1,330.53,UK,2024-11-07
T0007429,C00555,P0054,3,208.64,UK,2024-09-08
T0007430,C01117,P0138,3,51.49,Israel,2024-05-19
T0007431,C00598,P0071,3,74.16,Spain,2024-12-19
T0007432,C01457,P0013,3,120.95,Spain,2024-12-16
T0007433,C00387,P0136,1,161.87,UK,2024-04-13
T0007434,C01724,P0194,5,426.66,Italy,2024-08-27
T0007435,C01014,P0019,4,233.16,UK,2024-08-21
T0007436,C00345,P0129,4,33.83,France,2024-04-03
T0007437,C01196,P0048,2,321.2,Spain,2024-08-12
T0007438,C00808,P0129,2,34.58,Israel,2024-04-01
T0007439,C01476,P0156,5,241.74,Canada,2024-05-26
T0007440,C01631,P0187,1,367.26,Spain,2024-11-16
T0007441,C00897,P0130,3,226.35,Spain,2024-12-06
T0007442,C00549,P0131,5,106.67,France,2024-05-25
T0007443,C00864,P0076,1,288.83,Italy,2024-05-28
T0007444,C00110,P0077,4,69.6,UK,2024-12-05
T0007445,C00959,P0059,2,326.41,Brazil,2024-09-11
T0007446,C01406,P0190,2,400.17,Italy,2024-10-08
T0007447,C00455,P0193,5,172.4,Italy,2024-08-27
T0007448,C01375,P0126,2,395.62,Japan,2024-09-11
T0007449,C00032,P0159,5,225.43,Germany,2024-05-04
T0007450,C00192,P0075,1,324.46,France,2024-04-07
T0007451,C00786,P0191,3,38.76,USA,2024-11-11
T0007452,C01156,P0045,3,58.51,Germany,2024-07-11
T0007453,C00584,P0075,4,326.71,Brazil,2024-10-30
T0007454,C01640,P0013,2,129.57,France,2024-08-09
T0007455,C01506,P0077,1,73.18,Spain,2024-03-09
T0007456,C01185,P0159,4,199.21,Italy,2024-12-02
T0007457,C00910,P0132,5,240.13,Israel,2024-12-17
T0007458,C00234,P0157,1,57.49,Canada,2024-09-13
T0007459,C01162,P0190,2,346.87,Spain,2024-03-16
T0007460,C01099,P0102,4,110.6,Italy,2024-04-08
T0007461,C01438,P0125,1,120.46,Brazil,2024-12-26
T0007462,C01427,P0193,1,179.6,France,2024-08-08
T0007463,C01534,P0057,4,102.26,Canada,2024-11-15
T0007464,C00901,P0057,2,110.03,Italy,2024-04-18
T0007465,C01965,P0046,3,330.83,Canada,2024-02-25
T0007466,C00721,P0117,2,198.49,France,2024-09-27
T0007467,C00972,P0020,3,380.31,USA,2024-09-20
T0007468,C00136,P0045,2,59.0,Brazil,2024-04-27
T0007469,C01228,P0062,5,172.26,Germany,2024-04-30
T0007470,C01856,P0124,2,344.71,Canada,2024-12-24
T0007471,C01144,P0113,5,331.07,Brazil,2024-04-11
T0007472,C01954,P0172,5,106.47,Japan,2024-10-01
T0007473,C01953,P0165,5,406.49,Brazil,2024-12-12
T0007474,C00311,P0169,4,67.43,Israel,2024-01-12
T0007475,C01516,P0076,3,274.44,Italy,2024-03-11
T0007476,C01202,P0017,2,236.09,Canada,2024-04-17
T0007477,C01779,P0198,2,344.27,Canada,2024-06-05
T0007478,C00099,P0106,4,78.33,Japan,2024-03-05
T0007479,C01968,P0019,4,192.69,Italy,2024-11-04
T0007480,C01394,P0156,3,244.57,Canada,2024-02-05
T0007481,C00869,P0019,5,210.49,Japan,2024-10-20
T0007482,C00452,P0028,4,478.69,Germany,2024-01-26
T0007483,C01318,P0046,2,312.09,Canada,2024-08-04
T0007484,C00469,P0000,3,216.61,Israel,2024-03-06
T0007485,C01989,P0144,4,136.71,Germany,2024-09-23
T0007486,C01878,P0177,5,144.15,Canada,2024-10-29
T0007487,C00666,P0109,1,51.99,Canada,2024-08-06
T0007488,C00050,P0048,4,315.33,USA,2024-10-19
T0007489,C01973,P0000,2,209.49,France,2024-07-22
T0007490,C01459,P0168,5,118.82,Israel,2024-01-30
T0007491,C00344,P0194,1,387.32,Italy,2024-09-14
T0007492,C00528,P0114,4,395.57,Italy,2024-08-27
T0007493,C00041,P0015,3,117.63,Brazil,2024-05-01
T0007494,C01702,P0195,4,130.55,UK,2024-12-25
T0007495,C01566,P0078,1,396.35,UK,2024-11-04
T0007496,C00180,P0057,3,112.71,France,2024-03-11
T0007497,C01154,P0192,1,261.39,Israel,2024-10-04
T0007498,C01569,P0140,3,217.27,Canada,2024-12-14
T0007499,C01461,P0117,1,189.84,Germany,2024-07-20
T0007500,C00265,P0099,5,167.15,France,2024-05-18
T0007501,C00987,P0122,1,237.75,Japan,2024-10-01
T0007502,C00227,P0070,1,18.03,UK,2024-09-19
T0007503,C01130,P0103,2,405.35,Israel,2024-07-17
T0007504,C01422,P0194,4,388.1,Israel,2024-12-02
T0007505,C00515,P0079,2,271.99,Japan,2024-11-14
T0007506,C00372,P0043,5,13.07,Spain,2024-08-02
T0007507,C00834,P0125,3,127.36,Israel,2024-04-22
T0007508,C01334,P0099,2,167.91,Israel,2024-02-02
T0007509,C00299,P0158,1,268.84,UK,2024-05-11
T0007510,C00306,P0019,4,228.68,Spain,2024-04-22
T0007511,C00205,P0013,1,139.19,Spain,2024-03-21
T0007512,C01611,P0019,3,225.36,Spain,2024-05-19
T0007513,C01841,P0184,1,461.47,Italy,2024-03-04
T0007514,C01408,P0175,5,232.74,Israel,2024-11-26
T0007515,C00602,P0054,2,258.42,Germany,2024-06-14
T0007516,C01843,P0145,3,313.98,Germany,2024-03-31
T0007517,C01628,P0028,5,442.53,Germany,2024-11-26
T0007518,C00013,P0155,3,31.21,Spain,2024-03-20
T0007519,C01660,P0046,3,336.84,Spain,2024-12-26
T0007520,C00664,P0059,5,321.93,Germany,2024-02-14
T0007521,C00488,P0125,2,117.66,Israel,2024-02-15
T0007522,C00706,P0140,4,216.07,Germany,2024-08-01
T0007523,C01035,P0099,2,178.45,Canada,2024-12-26
T0007524,C01089,P0064,5,120.79,France,2024-05-07
T0007525,C00788,P0114,1,414.4,Japan,2024-09-24
T0007526,C01855,P0019,5,213.16,Italy,2024-02-03
T0007527,C00398,P0167,1,317.34,UK,2024-07-02
T0007528,C01670,P0046,4,334.63,Japan,2024-07-30
T0007529,C00459,P0046,5,380.27,Canada,2024-11-18
T0007530,C01431,P0004,1,179.06,Canada,2024-01-27
T0007531,C00856,P0101,1,485.09,France,2024-10-03
T0007532,C01843,P0077,1,66.62,Brazil,2024-09-11
T0007533,C00433,P0065,1,251.97,USA,2024-03-26
T0007534,C01818,P0194,5,432.04,Israel,2024-01-05
T0007535,C01602,P0176,1,159.53,Japan,2024-07-22
T0007536,C00396,P0099,2,185.6,France,2024-08-10
T0007537,C01887,P0096,1,375.45,France,2024-03-13
T0007538,C01827,P0101,2,421.93,Brazil,2024-08-09
T0007539,C01768,P0193,3,205.25,Canada,2024-02-13
T0007540,C01122,P0048,1,285.11,Italy,2024-03-31
T0007541,C01568,P0107,2,125.09,Spain,2024-09-07
T0007542,C01475,P0090,2,182.89,Canada,2024-07-21
T0007543,C01798,P0157,2,68.2,Italy,2024-12-29
T0007544,C01555,P0095,4,204.5,UK,2024-11-02
T0007545,C01564,P0168,1,108.89,Germany,2024-06-26
T0007546,C01677,P0192,5,234.71,UK,2024-11-02
T0007547,C01396,P0114,5,388.2,Italy,2024-09-03
T0007548,C00792,P0195,4,123.18,Germany,2024-08-07
T0007549,C00485,P0119,3,136.93,Canada,2024-11-18
T0007550,C01954,P0117,3,163.34,France,2024-11-27
T0007551,C00399,P0054,4,257.9,UK,2024-07-29
T0007552,C00987,P0180,2,402.5,Germany,2024-12-26
T0007553,C00369,P0185,5,367.43,France,2024-10-12
T0007554,C00911,P0136,5,157.72,Japan,2024-05-15
T0007555,C01771,P0019,5,224.34,Japan,2024-10-29
T0007556,C00486,P0117,5,195.2,Canada,2024-08-01
T0007557,C00168,P0180,4,405.01,Spain,2024-12-22
T0007558,C00917,P0134,5,230.17,Canada,2024-01-15
T0007559,C00406,P0124,3,343.7,USA,2024-02-17
T0007560,C01955,P0046,4,381.86,Brazil,2024-05-17
T0007561,C00239,P0169,2,80.33,USA,2024-06-28
T0007562,C01161,P0113,5,358.02,Canada,2024-05-21
T0007563,C01855,P0017,1,247.72,Israel,2024-09-11
T0007564,C00912,P0046,1,382.57,UK,2024-02-06
T0007565,C00036,P0042,1,104.64,Brazil,2024-01-22
T0007566,C01885,P0101,2,413.25,Germany,2024-11-01
T0007567,C00327,P0046,3,352.5,France,2024-08-02
T0007568,C01474,P0113,5,358.4,Japan,2024-06-13
T0007569,C00907,P0008,5,377.55,France,2024-06-26
T0007570,C00813,P0185,2,390.59,Brazil,2024-01-27
T0007571,C00631,P0101,2,418.83,Italy,2024-01-23
T0007572,C00062,P0077,3,69.55,USA,2024-09-26
T0007573,C00249,P0125,2,131.25,USA,2024-11-17
T0007574,C00717,P0185,1,379.61,Canada,2024-05-05
T0007575,C00179,P0115,2,363.48,Canada,2024-01-12
T0007576,C00435,P0062,1,173.38,Germany,2024-02-23
T0007577,C01775,P0084,1,236.52,Brazil,2024-01-08
T0007578,C00050,P0129,4,34.62,Brazil,2024-05-20
T0007579,C01661,P0031,4,345.11,Italy,2024-11-20
T0007580,C01083,P0019,3,208.37,UK,2024-08-23
T0007581,C00537,P0045,2,59.16,UK,2024-07-20
T0007582,C00464,P0129,1,36.23,Germany,2024-06-26
T0007583,C01565,P0002,2,395.13,Spain,2024-05-10
T0007584,C00963,P0103,5,382.06,Israel,2024-03-24
T0007585,C00311,P0079,1,287.48,USA,2024-06-09
T0007586,C00835,P0137,1,247.89,Italy,2024-05-30
T0007587,C01439,P0184,5,490.48,Canada,2024-12-19
T0007588,C01863,P0129,1,34.56,Canada,2024-06-12
T0007589,C00140,P0045,5,52.75,Brazil,2024-04-24
T0007590,C01009,P0096,3,338.98,Italy,2024-06-08
T0007591,C01102,P0194,5,405.88,Canada,2024-06-23
T0007592,C01635,P0091,4,65.71,Japan,2024-12-02
T0007593,C00022,P0120,5,138.72,Spain,2024-07-31
T0007594,C01791,P0013,3,140.27,Brazil,2024-04-13
T0007595,C00800,P0109,5,45.32,Spain,2024-07-28
T0007596,C01735,P0045,4,62.6,USA,2024-03-13
T0007597,C01598,P0057,2,105.23,Italy,2024-03-09
T0007598,C01123,P0177,2,136.5,Italy,2024-10-22
T0007599,C00963,P0180,3,340.67,Brazil,2024-08-10
T0007600,C00186,P0156,5,263.1,USA,2024-01-06
T0007601,C01217,P0184,2,449.56,Japan,2024-06-07
T0007602,C01193,P0045,2,55.16,Brazil,2024-03-21
T0007603,C01078,P0048,5,311.01,Brazil,2024-02-11
T0007604,C00386,P0009,5,20.11,Brazil,2024-03-22
T0007605,C01182,P0045,1,53.02,Canada,2024-10-14
T0007606,C00697,P0069,4,171.69,Germany,2024-02-15
T0007607,C00107,P0010,4,457.23,Italy,2024-03-06
T0007608,C01410,P0198,1,345.03,Italy,2024-04-05
T0007609,C00289,P0166,3,314.74,France,2024-02-17
T0007610,C00952,P0103,2,384.87,France,2024-01-13
T0007611,C01964,P0122,2,239.3,Brazil,2024-05-16
T0007612,C00932,P0185,5,378.48,Italy,2024-02-16
T0007613,C01695,P0096,5,355.68,Canada,2024-03-22
T0007614,C01452,P0147,1,392.85,Brazil,2024-12-06
T0007615,C00668,P0014,2,233.32,Spain,2024-07-31
T0007616,C00104,P0008,2,338.92,Japan,2024-06-14
T0007617,C00659,P0166,1,299.76,USA,2024-04-12
T0007618,C01990,P0047,3,240.74,USA,2024-01-10
T0007619,C00368,P0109,3,46.85,France,2024-01-25
T0007620,C01132,P0161,3,233.18,Japan,2024-12-01
T0007621,C00553,P0136,2,137.74,France,2024-06-15
T0007622,C00091,P0134,2,216.74,UK,2024-05-11
T0007623,C01485,P0100,4,122.02,France,2024-06-25
T0007624,C00638,P0075,2,366.4,UK,2024-07-29
T0007625,C00745,P0103,2,364.04,Spain,2024-02-29
T0007626,C00083,P0045,5,58.01,Italy,2024-01-19
T0007627,C01524,P0013,1,124.29,Italy,2024-12-02
T0007628,C01104,P0134,4,217.4,UK,2024-12-02
T0007629,C01590,P0177,3,121.97,Italy,2024-02-29
T0007630,C01204,P0109,2,53.47,Italy,2024-06-12
T0007631,C01404,P0166,1,288.88,Israel,2024-12-23
T0007632,C01626,P0077,3,74.29,UK,2024-09-08
T0007633,C01848,P0117,1,174.04,UK,2024-09-09
T0007634,C01728,P0185,5,381.89,Spain,2024-05-11
T0007635,C01007,P0180,1,367.14,Spain,2024-10-01
T0007636,C01318,P0103,5,382.73,USA,2024-10-21
T0007637,C00007,P0131,3,112.9,France,2024-05-06
T0007638,C01662,P0083,3,267.0,Germany,2024-11-03
T0007639,C00216,P0195,2,129.88,Canada,2024-05-08
T0007640,C01079,P0054,3,225.56,Germany,2024-06-30
T0007641,C00650,P0178,2,274.6,Brazil,2024-09-03
T0007642,C00198,P0154,4,47.51,Japan,2024-09-20
T0007643,C00475,P0070,3,18.59,Spain,2024-08-20
T0007644,C01099,P0087,1,105.29,Canada,2024-06-01
T0007645,C00879,P0075,3,368.18,UK,2024-12-20
T0007646,C00177,P0184,1,480.75,France,2024-08-23
T0007647,C01205,P0017,3,227.39,Brazil,2024-03-28
T0007648,C01330,P0085,5,113.05,Spain,2024-07-28
T0007649,C01564,P0185,4,363.32,USA,2024-06-06
T0007650,C01903,P0147,2,357.05,Italy,2024-08-25
T0007651,C01206,P0146,4,250.78,Canada,2024-02-24
T0007652,C00862,P0180,4,365.94,Germany,2024-12-11
T0007653,C00101,P0134,1,223.15,Canada,2024-04-23
T0007654,C00538,P0134,1,197.41,UK,2024-11-03
T0007655,C00957,P0075,1,325.83,Germany,2024-03-30
T0007656,C01164,P0047,2,283.2,France,2024-06-20
T0007657,C01631,P0046,1,313.87,Italy,2024-06-02
T0007658,C00746,P0076,2,276.41,Israel,2024-07-12
T0007659,C00723,P0024,3,413.34,Israel,2024-12-31
T0007660,C01779,P0142,3,64.84,USA,2024-03-07
T0007661,C00421,P0045,1,56.12,Italy,2024-07-30
T0007662,C01097,P0084,2,262.08,UK,2024-04-17
T0007663,C01995,P0012,1,275.31,France,2024-06-13
T0007664,C00524,P0098,5,371.01,Canada,2024-12-01
T0007665,C01193,P0109,3,52.97,Brazil,2024-10-12
T0007666,C01050,P0148,1,316.65,Israel,2024-06-19
T0007667,C01096,P0187,5,406.19,Spain,2024-02-11
T0007668,C01602,P0031,2,367.99,Canada,2024-11-28
T0007669,C00397,P0084,1,274.34,Brazil,2024-12-31
T0007670,C01701,P0104,1,46.79,Italy,2024-02-21
T0007671,C01424,P0185,2,350.15,Israel,2024-05-16
T0007672,C01276,P0077,4,73.55,Germany,2024-03-25
T0007673,C01571,P0154,1,48.68,Brazil,2024-12-07
T0007674,C01525,P0075,3,351.75,France,2024-01-07
T0007675,C01104,P0046,4,324.71,Japan,2024-09-15
T0007676,C00840,P0057,3,103.67,Israel,2024-06-20
T0007677,C00386,P0129,1,36.79,Italy,2024-10-02
T0007678,C01109,P0073,2,156.12,Japan,2024-02-27
T0007679,C00992,P0136,5,135.39,Israel,2024-11-20
T0007680,C01737,P0059,3,324.76,France,2024-04-02
T0007681,C00970,P0194,2,440.46,France,2024-05-19
T0007682,C00663,P0084,1,245.4,Israel,2024-05-19
T0007683,C00265,P0195,5,112.96,Japan,2024-06-10
T0007684,C00595,P0077,3,72.87,Italy,2024-04-29
T0007685,C01338,P0142,4,59.43,Canada,2024-10-12
T0007686,C01110,P0171,2,421.4,Italy,2024-11-04
T0007687,C01796,P0193,5,207.19,Canada,2024-01-25
T0007688,C01845,P0104,3,54.0,Brazil,2024-04-10
T0007689,C01072,P0191,1,34.8,France,2024-10-28
T0007690,C01999,P0055,3,381.71,Italy,2024-07-25
T0007691,C00213,P0117,5,176.44,Israel,2024-02-10
T0007692,C01000,P0129,4,38.65,Brazil,2024-08-26
T0007693,C00002,P0103,1,396.44,France,2024-12-01
T0007694,C00218,P0077,2,67.73,Germany,2024-07-30
T0007695,C00503,P0164,1,290.56,USA,2024-03-30
T0007696,C01799,P0070,5,19.52,France,2024-09-19
T0007697,C01691,P0075,4,322.42,Brazil,2024-09-10
T0007698,C00270,P0142,1,72.38,Germany,2024-12-05
T0007699,C01482,P0156,1,237.56,UK,2024-08-29
T0007700,C01199,P0117,3,172.65,UK,2024-09-16
T0007701,C00807,P0076,4,289.17,Brazil,2024-09-08
T0007702,C01957,P0187,5,397.11,Spain,2024-04-16
T0007703,C01820,P0178,2,312.37,Italy,2024-03-06
T0007704,C01528,P0184,2,423.26,Spain,2024-10-23
T0007705,C00994,P0156,1,263.92,Brazil,2024-09-09
T0007706,C01053,P0080,1,51.45,UK,2024-07-23
T0007707,C00740,P0187,5,362.99,Japan,2024-09-05
T0007708,C01267,P0154,1,50.25,Japan,2024-02-15
T0007709,C01599,P0129,4,33.87,Japan,2024-05-15
T0007710,C00768,P0058,3,240.21,Japan,2024-12-07
T0007711,C00933,P0103,5,374.78,UK,2024-10-17
T0007712,C01557,P0051,1,284.11,Italy,2024-03-03
T0007713,C00997,P0190,5,355.95,Canada,2024-08-21
T0007714,C01862,P0057,5,106.69,Spain,2024-12-08
T0007715,C00208,P0013,1,121.35,Canada,2024-09-02
T0007716,C01572,P0062,2,173.09,UK,2024-08-31
T0007717,C00736,P0113,4,376.32,Canada,2024-06-22
T0007718,C01561,P0023,3,398.96,Brazil,2024-01-12
T0007719,C01755,P0017,4,257.38,USA,2024-01-25
T0007720,C01634,P0070,5,19.95,Brazil,2024-02-10
T0007721,C00277,P0184,5,403.01,Japan,2024-06-03
T0007722,C00423,P0110,2,52.77,Canada,2024-10-03
T0007723,C00481,P0102,5,108.1,Israel,2024-07-22
T0007724,C01911,P0070,1,19.88,Germany,2024-05-25
T0007725,C01253,P0047,1,268.41,Spain,2024-02-17
T0007726,C01647,P0057,1,107.41,Japan,2024-02-06
T0007727,C00186,P0102,1,114.43,Italy,2024-10-15
T0007728,C01459,P0125,4,124.48,Canada,2024-05-08
T0007729,C01542,P0157,1,62.82,Japan,2024-07-19
T0007730,C01029,P0185,3,382.61,Spain,2024-05-29
T0007731,C01933,P0032,2,381.21,Brazil,2024-08-22
T0007732,C00099,P0034,3,154.77,UK,2024-07-22
T0007733,C00014,P0064,1,143.36,Brazil,2024-09-23
T0007734,C00583,P0075,5,330.85,Spain,2024-11-28
T0007735,C01907,P0125,4,120.86,Italy,2024-08-09
T0007736,C01362,P0005,2,103.2,Germany,2024-08-04
T0007737,C00786,P0075,3,338.92,UK,2024-05-12
T0007738,C00325,P0011,2,372.61,Canada,2024-07-27
T0007739,C00335,P0129,5,31.45,Israel,2024-08-17
T0007740,C00916,P0048,3,290.42,UK,2024-12-01
T0007741,C01166,P0101,5,451.47,Israel,2024-04-29
T0007742,C00604,P0131,1,121.52,Italy,2024-02-06
T0007743,C01963,P0059,4,340.37,Germany,2024-09-11
T0007744,C00462,P0077,2,73.81,Japan,2024-07-30
T0007745,C01254,P0129,3,37.56,Italy,2024-03-17
T0007746,C01619,P0174,2,293.03,Spain,2024-08-07
T0007747,C01925,P0013,3,137.14,Brazil,2024-03-03
T0007748,C00410,P0176,2,192.51,France,2024-09-30
T0007749,C01709,P0128,3,344.94,Canada,2024-03-11
T0007750,C00216,P0033,4,331.05,UK,2024-07-04
T0007751,C01065,P0033,2,386.33,Japan,2024-09-27
T0007752,C01529,P0178,2,291.0,Brazil,2024-12-13
T0007753,C01557,P0046,5,370.48,Germany,2024-09-02
T0007754,C01613,P0054,1,224.44,Spain,2024-09-20
T0007755,C01921,P0189,1,351.71,France,2024-06-18
T0007756,C01256,P0057,5,108.86,Israel,2024-02-12
T0007757,C01526,P0045,3,63.44,Japan,2024-10-08
T0007758,C01166,P0103,1,341.89,Spain,2024-11-25
T0007759,C01834,P0071,3,80.34,Brazil,2024-10-31
T0007760,C01927,P0194,3,394.71,Canada,2024-01-24
T0007761,C01554,P0180,3,340.95,UK,2024-11-18
T0007762,C00902,P0046,2,339.89,USA,2024-11-27
T0007763,C01737,P0096,1,388.99,Spain,2024-03-07
T0007764,C00727,P0046,4,382.13,Canada,2024-07-19
T0007765,C01305,P0090,4,184.27,Brazil,2024-08-11
T0007766,C01475,P0156,3,258.2,Spain,2024-09-15
T0007767,C00175,P0067,2,260.22,Canada,2024-11-19
T0007768,C01956,P0003,5,356.82,Japan,2024-03-17
T0007769,C01032,P0137,1,231.36,USA,2024-08-12
T0007770,C00038,P0114,4,418.13,UK,2024-01-03
T0007771,C00441,P0076,5,293.03,USA,2024-07-16
T0007772,C01571,P0073,4,158.37,Brazil,2024-01-02
T0007773,C00008,P0024,5,418.48,Italy,2024-10-02
T0007774,C01518,P0028,2,455.12,Germany,2024-02-18
T0007775,C01771,P0017,3,278.55,Italy,2024-07-13
T0007776,C01037,P0196,5,93.35,Brazil,2024-09-06
T0007777,C01140,P0005,3,110.37,Israel,2024-02-08
T0007778,C00326,P0040,2,387.98,Canada,2024-04-04
T0007779,C00718,P0149,4,451.75,Spain,2024-07-25
T0007780,C00571,P0048,5,317.21,Israel,2024-03-13
T0007781,C00699,P0034,4,154.43,Italy,2024-09-17
T0007782,C01182,P0155,5,27.92,Germany,2024-09-03
T0007783,C01480,P0156,5,259.25,Germany,2024-09-18
T0007784,C01619,P0186,2,316.28,UK,2024-08-06
T0007785,C01928,P0084,5,226.26,Canada,2024-07-15
T0007786,C00807,P0101,4,476.54,Germany,2024-01-06
T0007787,C00155,P0156,4,274.08,Germany,2024-02-07
T0007788,C01507,P0065,5,272.76,Brazil,2024-02-23
T0007789,C01086,P0088,4,93.5,Spain,2024-03-10
T0007790,C00130,P0046,3,314.2,Japan,2024-06-18
T0007791,C01793,P0046,3,362.4,Israel,2024-10-04
T0007792,C00717,P0156,3,223.27,Italy,2024-07-18
T0007793,C01576,P0156,3,225.24,France,2024-05-07
T0007794,C01882,P0090,5,171.44,Israel,2024-06-14
T0007795,C01174,P0013,4,129.92,UK,2024-06-23
T0007796,C01188,P0101,5,424.72,Spain,2024-03-14
T0007797,C01328,P0175,4,238.86,France,2024-06-20
T0007798,C01056,P0161,1,254.39,Israel,2024-04-13
T0007799,C01670,P0125,5,134.85,Israel,2024-02-13
T0007800,C01669,P0046,2,316.54,Italy,2024-04-28
T0007801,C01118,P0190,2,376.64,Germany,2024-07-07
T0007802,C01159,P0025,2,313.08,Japan,2024-04-07
T0007803,C01498,P0125,1,128.49,USA,2024-05-16
T0007804,C01512,P0148,3,264.67,France,2024-11-12
T0007805,C00180,P0077,3,68.63,Israel,2024-08-25
T0007806,C01504,P0054,2,223.44,UK,2024-04-04
T0007807,C00637,P0190,3,397.98,Spain,2024-07-23
T0007808,C00808,P0099,4,194.12,UK,2024-12-14
T0007809,C01496,P0096,3,335.75,Spain,2024-07-03
T0007810,C00264,P0136,2,139.51,Italy,2024-12-14
T0007811,C00900,P0019,3,232.67,France,2024-06-04
T0007812,C01105,P0134,3,226.84,Japan,2024-04-08
T0007813,C01937,P0185,4,392.64,Italy,2024-04-16
T0007814,C01296,P0129,4,33.39,Canada,2024-01-12
T0007815,C01966,P0155,4,28.93,Israel,2024-08-24
T0007816,C01401,P0005,5,N/A,Spain,2024-03-18
T0007817,C00022,P0175,2,217.38,Spain,2024-06-28
T0007818,C01261,P0090,2,188.16,Japan,2024-07-16
T0007819,C01720,P0028,1,394.29,Japan,2024-05-17
T0007820,C00353,P0180,4,368.55,Germany,2024-07-18
T0007821,C01812,P0021,2,139.35,Canada,2024-03-04
T0007822,C01665,P0180,4,339.8,Germany,2024-08-03
T0007823,C00117,P0120,2,164.46,USA,2024-12-06
T0007824,C00108,P0086,1,61.99,Canada,2024-12-14
T0007825,C00479,P0140,1,251.42,Japan,2024-12-31
T0007826,C01272,P0195,5,115.01,USA,2024-02-16
T0007827,C00427,P0077,4,79.95,Israel,2024-01-16
T0007828,C00128,P0190,2,382.4,Italy,2024-10-31
T0007829,C01163,P0156,2,246.43,USA,2024-04-04
T0007830,C01271,P0066,1,326.75,Japan,2024-01-27
T0007831,C01698,P0065,1,239.47,Brazil,2024-08-05
T0007832,C01501,P0155,4,29.11,France,2024-05-08
T0007833,C01211,P0012,1,226.46,Japan,2024-07-18
T0007834,C00769,P0103,4,390.3,Italy,2024-12-15
T0007835,C01481,P0054,4,258.64,Italy,2024-10-22
T0007836,C01996,P0138,5,56.92,Japan,2024-07-24
T0007837,C01546,P0070,2,21.73,Spain,2024-06-10
T0007838,C00874,P0034,5,140.16,France,2024-04-29
T0007839,C01145,P0076,2,266.76,France,2024-12-30
T0007840,C00905,P0013,4,125.88,Israel,2024-03-12
T0007841,C00136,P0101,4,416.13,USA,2024-01-20
T0007842,C00481,P0125,2,127.84,Spain,2024-01-07
T0007843,C00191,P0156,4,226.18,Brazil,2024-12-03
T0007844,C00450,P0046,2,348.22,Spain,2024-03-26
T0007845,C01160,P0028,5,391.12,Brazil,2024-05-17
T0007846,C01401,P0180,4,400.63,USA,2024-01-01
T0007847,C00788,P0057,3,113.54,Israel,2024-02-22
T0007848,C01233,P0113,2,365.64,Brazil,2024-04-26
T0007849,C01528,P0067,1,245.64,Brazil,2024-03-10
T0007850,C00888,P0166,4,306.13,Brazil,2024-10-19
T0007851,C00336,P0147,4,370.76,USA,2024-06-26
T0007852,C00472,P0187,3,384.89,Spain,2024-11-30
T0007853,C01937,P0156,3,268.19,Italy,2024-09-10
T0007854,C00003,P0080,3,44.56,Canada,2024-07-14
T0007855,C01295,P0117,2,171.21,France,2024-04-25
T0007856,C01932,P0046,5,337.32,Japan,2024-09-18
T0007857,C00175,P0019,4,207.35,France,2024-12-10
T0007858,C01257,P0099,3,175.79,Italy,2024-04-28
T0007859,C01954,P0034,3,147.79,Canada,2024-05-03
T0007860,C00501,P0022,5,172.26,Japan,2024-05-25
T0007861,C00931,P0045,4,63.19,Brazil,2024-01-14
T0007862,C00207,P0156,3,258.78,USA,2024-04-30
T0007863,C00649,P0057,5,112.27,Brazil,2024-10-05
T0007864,C00244,P0054,2,219.2,Germany,2024-06-23
T0007865,C01800,P0054,3,247.32,USA,2024-03-19
T0007866,C01307,P0019,3,223.14,Germany,2024-02-14
T0007867,C01167,P0002,2,416.27,Spain,2024-08-29
T0007868,C01141,P0190,2,383.96,Japan,2024-12-24
T0007869,C00611,P0191,1,34.45,France,2024-09-10
T0007870,C01908,P0190,4,343.15,Germany,2024-06-01
T0007871,C00567,P0107,4,129.16,Canada,2024-12-27
T0007872,C01670,P0019,3,213.21,France,2024-01-19
T0007873,C01310,P0094,1,288.22,Germany,2024-02-29
T0007874,C01864,P0090,3,181.03,France,2024-05-17
T0007875,C00455,P0142,3,66.74,USA,2024-06-11
T0007876,C01944,P0104,2,46.63,UK,2024-10-08
T0007877,C01239,P0167,5,277.18,France,2024-07-24
T0007878,C01631,P0194,5,428.48,UK,2024-09-09
T0007879,C00770,P0045,2,65.17,Brazil,2024-02-22
T0007880,C01429,P0088,3,89.69,Japan,2024-05-17
T0007881,C00453,P0057,3,113.63,France,2024-11-01
T0007882,C00608,P0101,3,448.72,Germany,2024-09-01
T0007883,C01818,P0194,5,430.02,UK,2024-07-14
T0007884,C00737,P0122,2,216.57,France,2024-09-03
T0007885,C01835,P0109,1,50.52,USA,2024-05-19
T0007886,C00418,P0119,4,121.35,Italy,2024-07-03
T0007887,C00966,P0034,3,132.98,Italy,2024-12-12
T0007888,C01829,P0011,3,317.08,Israel,2024-07-13
T0007889,C01121,P0177,2,130.92,Germany,2024-03-17
T0007890,C01301,P0032,2,420.37,France,2024-01-31
T0007891,C01473,P0147,4,379.24,Italy,2024-02-18
T0007892,C00586,P0155,5,31.84,Spain,2024-09-27
T0007893,C00527,P0194,3,376.2,Brazil,2024-09-13
T0007894,C01825,P0103,5,397.43,Japan,2024-06-11
T0007895,C00756,P0076,1,261.08,Canada,2024-09-08
T0007896,C01314,P0048,1,338.01,USA,2024-10-05
T0007897,C00491,P0046,1,388.06,USA,2024-02-13
T0007898,C00286,P0101,2,422.37,Germany,2024-09-02
T0007899,C00340,P0046,4,356.18,Japan,2024-03-13
T0007900,C00748,P0084,3,272.06,Spain,2024-05-01
T0007901,C01717,P0103,5,334.23,Brazil,2024-06-28
T0007902,C00693,P0001,1,233.62,UK,2024-04-20
T0007903,C01215,P0023,2,449.38,Canada,2024-06-09
T0007904,C01177,P0054,1,227.57,USA,2024-04-20
T0007905,C01826,P0009,1,22.65,USA,2024-08-29
T0007906,C00182,P0048,2,353.13,Brazil,2024-09-07
T0007907,C01587,P0190,1,375.21,Spain,2024-03-29
T0007908,C01465,P0062,3,152.26,UK,2024-09-13
T0007909,C00566,P0187,1,369.05,Japan,2024-01-19
T0007910,C00106,P0131,2,106.05,Spain,2024-03-24
T0007911,C00800,P0057,4,94.82,UK,2024-10-06
T0007912,C01691,P0042,1,122.23,Brazil,2024-10-13
T0007913,C00277,P0045,5,53.76,France,2024-07-27
T0007914,C01420,P0195,5,128.78,Italy,2024-01-26
T0007915,C00064,P0112,1,385.31,UK,2024-04-20
T0007916,C01029,P0084,2,244.95,USA,2024-10-28
T0007917,C01964,P0187,2,377.28,Spain,2024-01-12
T0007918,C00147,P0019,5,214.51,Germany,2024-02-07
T0007919,C00724,P0109,5,44.86,Canada,2024-01-15
T0007920,C01184,P0075,1,374.71,Italy,2024-07-24
T0007921,C01596,P0179,3,237.21,Brazil,2024-03-05
T0007922,C00099,P0078,1,429.92,UK,2024-01-09
T0007923,C00481,P0099,2,196.04,Canada,2024-11-05
T0007924,C00150,P0150,3,186.98,Italy,2024-10-14
T0007925,C01255,P0157,3,57.77,Israel,2024-06-21
T0007926,C00580,P0059,4,356.12,Israel,2024-04-27
T0007927,C01194,P0190,4,402.49,USA,2024-01-05
T0007928,C01823,P0129,1,31.89,Germany,2024-03-03
T0007929,C01118,P0103,4,373.39,Germany,2024-12-20
T0007930,C01249,P0136,3,158.93,Israel,2024-12-21
T0007931,C00672,P0013,2,119.1,Germany,2024-07-29
T0007932,C00618,P0101,1,408.79,France,2024-01-07
T0007933,C01467,P0059,1,334.94,Spain,2024-10-05
T0007934,C01317,P0129,2,35.52,Canada,2024-09-19
T0007935,C01720,P0177,1,122.82,Spain,2024-12-01
T0007936,C01497,P0129,1,31.36,Brazil,2024-04-09
T0007937,C00714,P0103,3,372.34,Canada,2024-07-24
T0007938,C01938,P0134,5,206.81,Canada,2024-10-01
T0007939,C00300,P0144,2,135.71,France,2024-07-30
T0007940,C01215,P0019,4,228.51,Germany,2024-04-12
T0007941,C00654,P0065,1,292.78,Japan,2024-03-04
T0007942,C00468,P0134,5,230.17,Canada,2024-07-17
T0007943,C00774,P0059,5,365.91,Japan,2024-08-25
T0007944,C00861,P0142,3,66.73,Israel,2024-06-04
T0007945,C01281,P0054,2,208.99,Italy,2024-11-26
T0007946,C00741,P0059,1,340.87,Germany,2024-12-04
T0007947,C00296,P0178,2,276.36,Spain,2024-08-29
T0007948,C01386,P0077,3,68.34,Germany,2024-04-15
T0007949,C01996,P0130,4,227.07,USA,2024-11-21
T0007950,C00129,P0048,4,310.75,Spain,2024-04-12
T0007951,C01807,P0052,1,372.85,Israel,2024-01-06
T0007952,C01699,P0191,5,32.75,Japan,2024-04-06
T0007953,C00968,P0042,5,120.75,Israel,2024-06-10
T0007954,C00732,P0187,3,390.94,UK,2024-08-01
T0007955,C01689,P0059,5,303.43,USA,2024-11-06
T0007956,C00547,P0037,1,81.15,UK,2024-06-27
T0007957,C01140,P0129,2,36.81,Japan,2024-03-27
T0007958,C01553,P0019,4,211.22,Canada,2024-06-28
T0007959,C00661,P0113,5,341.19,UK,2024-01-04
T0007960,C00084,P0008,2,353.25,France,2024-10-27
T0007961,C01385,P0090,3,171.21,Germany,2024-03-01
T0007962,C00781,P0109,1,43.25,Germany,2024-02-17
T0007963,C00619,P0019,5,195.04,Israel,2024-06-27
T0007964,C00373,P0119,1,127.26,USA,2024-05-13
T0007965,C00426,P0125,4,114.81,Germany,2024-03-26
T0007966,C01181,P0027,5,216.23,Spain,2024-10-24
T0007967,C01691,P0152,4,350.63,Canada,2024-01-13
T0007968,C00589,P0082,4,108.24,USA,2024-07-05
T0007969,C00400,P0180,5,333.26,Canada,2024-04-24
T0007970,C00005,P0048,2,324.59,Brazil,2024-11-22
T0007971,C00570,P0065,5,294.39,France,2024-01-25
T0007972,C01345,P0190,5,351.66,UK,2024-03-12
T0007973,C00565,P0113,5,367.44,USA,2024-09-18
T0007974,C00706,P0190,4,345.03,USA,2024-09-15
T0007975,C00251,P0125,4,119.54,Israel,2024-08-02
T0007976,C01714,P0104,1,50.16,Brazil,2024-08-23
T0007977,C00384,P0165,2,427.16,USA,2024-12-05
T0007978,C01922,P0042,4,114.02,USA,2024-05-27
T0007979,C00219,P0145,4,279.44,USA,2024-06-21
T0007980,C01162,P0077,5,79.01,Brazil,2024-12-31
T0007981,C01441,P0190,3,400.33,Brazil,2024-04-29
T0007982,C01345,P0093,3,34.4,Germany,2024-06-22
T0007983,C01488,P0007,2,457.58,Germany,2024-12-15
T0007984,C00135,P0054,5,223.7,Canada,2024-02-05
T0007985,C01358,P0160,2,270.51,USA,2024-02-24
T0007986,C01623,P0066,1,302.81,Brazil,2024-06-07
T0007987,C00147,P0156,4,270.79,France,2024-04-05
T0007988,C00408,P0094,3,254.8,Canada,2024-05-07
T0007989,C00877,P0047,5,236.85,Italy,2024-12-10
T0007990,C00287,P0175,2,225.14,Italy,2024-08-25
T0007991,C00251,P0046,4,376.67,Brazil,2024-08-26
T0007992,C01095,P0123,4,300.99,Brazil,2024-11-12
T0007993,C00643,P0136,3,158.05,Brazil,2024-09-01
T0007994,C00458,P0076,2,291.72,UK,2024-08-24
T0007995,C01324,P0190,3,346.96,Italy,2024-07-13
T0007996,C01527,P0101,2,479.34,Israel,2024-04-29
T0007997,C00652,P0127,3,444.0,Israel,2024-12-29
T0007998,C01189,P0129,4,33.56,Brazil,2024-11-29
T0007999,C00288,P0045,4,58.68,USA,2024-03-13
T0008000,C01679,P0188,5,358.98,Spain,2024-11-05
T0008001,C00396,P0190,4,367.63,France,2024-12-11
T0008002,C00183,P0185,2,379.35,Israel,2024-03-09
T0008003,C00229,P0005,2,112.37,USA,2024-04-20
T0008004,C01271,P0190,2,358.97,Japan,2024-08-15
T0008005,C01638,P0019,1,191.32,Italy,2024-12-19
T0008006,C01919,P0060,3,351.48,Italy,2024-12-01
T0008007,C00952,P0013,5,119.03,Israel,2024-10-31
T0008008,C00210,P0054,1,247.15,Brazil,2024-06-27
T0008009,C00891,P0133,4,282.24,UK,2024-11-29
T0008010,C01532,P0099,5,197.96,Germany,2024-05-05
T0008011,C01585,P0136,4,153.88,Germany,2024-12-21
T0008012,C00780,P0046,3,376.77,UK,2024-12-31
T0008013,C00741,P0057,3,100.81,Germany,2024-12-13
T0008014,C01918,P0129,4,36.29,Canada,2024-12-13
T0008015,C00159,P0143,5,274.0,Japan,2024-07-16
T0008016,C00372,P0103,1,384.59,Brazil,2024-08-02
T0008017,C01093,P0140,3,248.39,Japan,2024-08-13
T0008018,C01085,P0057,1,112.73,UK,2024-10-23
T0008019,C01861,P0057,5,103.75,Germany,2024-06-19
T0008020,C00253,P0113,2,386.08,Israel,2024-01-24
T0008021,C00138,P0065,4,242.4,France,2024-04-11
T0008022,C01511,P0059,4,310.83,UK,2024-04-06
T0008023,C00933,P0075,4,387.48,Canada,2024-03-30
T0008024,C01153,P0084,2,239.03,Brazil,2024-05-15
T0008025,C00420,P0136,2,149.84,Brazil,2024-02-05
T0008026,C00895,P0117,4,170.16,Germany,2024-12-18
T0008027,C01132,P0184,1,419.05,Italy,2024-06-11
T0008028,C01815,P0184,1,452.97,Spain,2024-01-03
T0008029,C00104,P0012,1,238.41,Germany,2024-01-31
T0008030,C01908,P0028,2,457.87,France,2024-09-18
T0008031,C00207,P0136,3,135.51,Brazil,2024-06-04
T0008032,C00006,P0131,2,122.3,Japan,2024-08-17
T0008033,C00948,P0169,3,76.99,Spain,2024-03-17
T0008034,C01199,P0070,1,19.15,France,2024-07-28
T0008035,C01653,P0192,5,215.53,Germany,2024-05-29
T0008036,C00073,P0117,5,165.35,Japan,2024-09-16
T0008037,C01814,P0075,3,351.37,Germany,2024-12-28
T0008038,C00912,P0036,1,202.28,Spain,2024-03-25
T0008039,C01525,P0194,5,404.09,Brazil,2024-07-21
T0008040,C00085,P0194,3,388.64,Italy,2024-08-31
T0008041,C00728,P0019,5,229.52,Brazil,2024-10-27
T0008042,C01050,P0103,2,366.4,Canada,2024-03-16
T0008043,C01474,P0046,4,316.88,Germany,2024-09-21
T0008044,C01399,P0048,2,337.18,USA,2024-03-25
T0008045,C01823,P0085,4,114.77,USA,2024-03-08
T0008046,C00142,P0099,4,168.56,Israel,2024-09-24
T0008047,C01988,P0032,4,463.54,Japan,2024-05-07
T0008048,C00643,P0007,1,417.05,Israel,2024-11-29
T0008049,C00293,P0164,3,277.02,Israel,2024-09-09
T0008050,C01141,P0185,2,362.29,UK,2024-04-28
T0008051,C01272,P0159,1,208.84,France,2024-02-10
T0008052,C01514,P0073,1,157.77,Japan,2024-04-06
T0008053,C01140,P0197,4,237.23,Japan,2024-01-20
T0008054,C01217,P0185,5,371.5,Japan,2024-08-05
T0008055,C00859,P0131,5,115.3,USA,2024-03-13
T0008056,C00011,P0187,5,380.11,USA,2024-02-09
T0008057,C01252,P0117,1,178.32,France,2024-02-06
T0008058,C00197,P0141,4,180.75,Japan,2024-12-09
T0008059,C01475,P0096,5,367.24,Canada,2024-06-25
T0008060,C00620,P0145,3,331.46,Italy,2024-03-30
T0008061,C00598,P0012,3,249.38,Italy,2024-09-20
T0008062,C00739,P0156,3,249.25,Brazil,2024-04-12
T0008063,C01152,P0157,3,61.07,Germany,2024-05-13
T0008064,C01226,P0156,4,238.14,Brazil,2024-12-28
T0008065,C00930,P0129,5,39.12,Japan,2024-07-01
T0008066,C01957,P0062,3,162.28,Japan,2024-06-29
T0008067,C01650,P0077,4,70.9,Germany,2024-12-19
T0008068,C00591,P0102,5,116.04,Canada,2024-04-17
T0008069,C01663,P0185,4,339.73,UK,2024-08-28
T0008070,C00576,P0045,4,61.81,Israel,2024-09-16
T0008071,C01594,P0048,2,328.89,Israel,2024-09-02
T0008072,C01507,P0184,1,425.3,Brazil,2024-08-01
T0008073,C00129,P0101,2,421.33,UK,2024-05-22
T0008074,C01573,P0013,5,128.54,Germany,2024-04-30
T0008075,C00293,P0054,1,230.87,France,2024-12-12
T0008076,C01413,P0136,2,137.28,Canada,2024-08-21
T0008077,C00136,P0016,5,342.73,Japan,2024-06-17
T0008078,C00041,P0129,5,38.88,Italy,2024-12-13
T0008079,C01318,P0017,3,262.66,France,2024-05-07
T0008080,C00234,P0104,5,51.59,Israel,2024-04-12
T0008081,C01175,P0048,4,319.3,Brazil,2024-03-13
T0008082,C01992,P0180,2,390.77,Italy,2024-06-20
T0008083,C00324,P0113,1,329.12,Japan,2024-11-10
T0008084,C00839,P0175,2,237.92,Canada,2024-09-27
T0008085,C01106,P0099,5,192.35,UK,2024-08-27
T0008086,C00564,P0113,5,354.95,USA,2024-05-21
T0008087,C00485,P0077,4,74.87,Spain,2024-12-11
T0008088,C00091,P0096,4,335.26,Canada,2024-04-16
T0008089,C00748,P0110,3,48.39,Italy,2024-02-19
T0008090,C01763,P0179,5,215.1,Israel,2024-09-05
T0008091,C00729,P0044,1,325.6,Japan,2024-03-14
T0008092,C00160,P0122,2,203.83,Germany,2024-05-14
T0008093,C00399,P0045,3,56.45,Italy,2024-11-14
T0008094,C01289,P0088,1,82.72,France,2024-01-16
T0008095,C00282,P0032,2,391.97,France,2024-10-17
T0008096,C01987,P0185,4,352.64,Spain,2024-02-03
T0008097,C01581,P0127,4,455.22,Spain,2024-02-26
T0008098,C01363,P0117,2,183.16,Israel,2024-06-05
T0008099,C01955,P0117,4,200.02,Japan,2024-01-30
T0008100,C00385,P0067,1,265.23,UK,2024-08-25
T0008101,C01304,P0113,1,342.15,France,2024-10-14
T0008102,C00309,P0000,1,208.05,Germany,2024-07-30
T0008103,C01295,P0069,3,167.97,Israel,2024-05-25
T0008104,C01700,P0160,2,287.73,Italy,2024-05-14
T0008105,C01774,P0136,2,146.48,Japan,2024-12-12
T0008106,C01749,P0019,3,234.31,Italy,2024-10-24
T0008107,C01779,P0081,2,106.65,Israel,2024-01-02
T0008108,C01149,P0025,4,277.17,France,2024-03-13
T0008109,C01495,P0140,3,250.45,Canada,2024-01-28
T0008110,C01832,P0061,3,390.6,UK,2024-05-03
T0008111,C00975,P0101,2,443.99,Germany,2024-09-25
T0008112,C00467,P0111,2,410.05,Israel,2024-10-12
T0008113,C00625,P0084,4,272.42,UK,2024-09-21
T0008114,C01293,P0134,4,190.58,Israel,2024-10-17
T0008115,C01777,P0075,2,330.51,USA,2024-12-10
T0008116,C01452,P0114,2,402.64,Brazil,2024-07-30
T0008117,C01004,P0101,2,419.42,Brazil,2024-10-19
T0008118,C01033,P0046,4,347.26,UK,2024-05-09
T0008119,C01178,P0084,4,221.98,France,2024-05-09
T0008120,C00587,P0198,5,337.79,Canada,2024-09-03
T0008121,C01106,P0136,1,142.98,UK,2024-04-30
T0008122,C01746,P0134,2,223.95,Brazil,2024-05-09
T0008123,C01254,P0019,5,203.2,Brazil,2024-10-05
T0008124,C00778,P0004,1,166.05,UK,2024-07-07
T0008125,C00170,P0043,3,12.64,France,2024-02-14
T0008126,C00543,P0045,3,56.26,Germany,2024-07-20
T0008127,C00262,P0070,3,19.04,UK,2024-12-11
T0008128,C00457,P0179,4,197.7,Brazil,2024-08-30
T0008129,C01614,P0022,1,163.02,UK,2024-03-21
T0008130,C01054,P0034,1,134.99,Brazil,2024-08-18
T0008131,C00417,P0090,1,181.19,Brazil,2024-03-22
T0008132,C00535,P0013,5,127.08,Spain,2024-05-05
T0008133,C00377,P0046,5,385.48,Japan,2024-04-12
T0008134,C00071,P0077,5,75.45,Canada,2024-06-19
T0008135,C00603,P0042,5,106.33,USA,2024-06-29
T0008136,C01936,P0125,5,132.64,USA,2024-03-11
T0008137,C00725,P0035,4,21.58,Canada,2024-06-30
T0008138,C00785,P0103,3,394.98,Germany,2024-06-20
T0008139,C01044,P0075,3,385.34,Brazil,2024-04-09
T0008140,C00295,P0164,3,334.43,USA,2024-02-05
T0008141,C00004,P0109,3,46.89,Israel,2024-08-20
T0008142,C01731,P0175,5,240.85,UK,2024-04-28
T0008143,C01733,P0135,2,203.87,Japan,2024-10-27
T0008144,C00452,P0085,4,125.97,Israel,2024-03-22
T0008145,C00894,P0156,1,256.73,Italy,2024-11-10
T0008146,C00429,P0054,4,227.84,Germany,2024-09-08
T0008147,C01926,P0180,4,353.16,Canada,2024-01-23
T0008148,C01745,P0057,1,110.49,Brazil,2024-08-07
T0008149,C00619,P0013,4,115.75,Germany,2024-10-26
T0008150,C00007,P0048,4,335.6,Germany,2024-05-12
T0008151,C01860,P0108,4,428.29,Germany,2024-07-22
T0008152,C00417,P0019,2,218.05,Canada,2024-09-04
T0008153,C00593,P0027,3,199.34,Canada,2024-10-05
T0008154,C00969,P0136,1,148.58,UK,2024-03-06
T0008155,C00530,P0013,2,128.03,Canada,2024-09-04
T0008156,C01522,P0122,1,219.53,USA,2024-03-30
T0008157,C00336,P0096,1,358.28,Brazil,2024-06-21
T0008158,C01900,P0186,3,348.27,Israel,2024-08-13
T0008159,C01196,P0141,5,198.19,Israel,2024-02-03
T0008160,C01060,P0107,4,121.42,UK,2024-04-14
T0008161,C00380,P0101,1,487.36,UK,2024-12-20
T0008162,C00673,P0136,2,147.53,Japan,2024-07-18
T0008163,C00004,P0082,3,112.38,Israel,2024-06-12
T0008164,C01529,P0140,2,214.85,Canada,2024-04-25
T0008165,C01835,P0025,2,290.58,Israel,2024-04-18
T0008166,C01951,P0096,4,322.4,Italy,2024-12-03
T0008167,C01895,P0077,5,66.79,USA,2024-02-04
T0008168,C00639,P0113,5,340.62,Germany,2024-10-01
T0008169,C00528,P0180,4,379.8,Canada,2024-04-04
T0008170,C00210,P0013,5,118.0,Japan,2024-10-06
T0008171,C01920,P0008,5,375.4,USA,2024-05-15
T0008172,C00459,P0113,4,331.62,Canada,2024-06-07
T0008173,C01736,P0010,5,428.82,USA,2024-04-21
T0008174,C01489,P0062,3,167.16,Japan,2024-11-26
T0008175,C01153,P0083,5,282.72,Germany,2024-12-08
T0008176,C00391,P0088,5,94.73,Brazil,2024-10-01
T0008177,C01955,P0075,4,338.47,Italy,2024-06-12
T0008178,C00384,P0027,3,220.85,France,2024-10-10
T0008179,C00397,P0194,4,411.83,Spain,2024-06-13
T0008180,C00350,P0119,5,144.23,UK,2024-12-06
T0008181,C01413,P0006,3,34.46,Brazil,2024-11-28
T0008182,C01639,P0193,1,196.25,Germany,2024-09-17
T0008183,C00793,P0185,4,378.53,UK,2024-12-16
T0008184,C00727,P0075,4,330.33,Germany,2024-02-15
T0008185,C01310,P0096,2,368.78,UK,2024-06-25
T0008186,C01569,P0194,4,366.98,UK,2024-10-20
T0008187,C01348,P0176,5,174.35,Italy,2024-04-20
T0008188,C01376,P0053,5,277.97,Canada,2024-05-08
T0008189,C01063,P0093,3,35.28,Brazil,2024-10-03
T0008190,C00169,P0054,2,231.96,Germany,2024-07-23
T0008191,C01012,P0160,1,313.56,Germany,2024-07-05
T0008192,C00588,P0180,4,355.8,UK,2024-01-10
T0008193,C00863,P0136,5,144.25,Japan,2024-12-31
T0008194,C00498,P0109,3,45.21,Germany,2024-01-05
T0008195,C00612,P0088,1,80.48,Spain,2024-11-24
T0008196,C01792,P0057,3,92.47,Canada,2024-05-21
T0008197,C01349,P0011,4,331.98,Canada,2024-09-24
T0008198,C00341,P0096,4,351.46,Italy,2024-04-07
T0008199,C00795,P0130,2,223.99,UK,2024-10-09
T0008200,C00857,P0131,1,107.88,Italy,2024-12-17
T0008201,C01510,P0045,1,64.7,Japan,2024-08-25
T0008202,C00367,P0190,3,363.84,Israel,2024-06-20
T0008203,C01583,P0101,2,460.71,Israel,2024-04-11
T0008204,C01313,P0185,5,364.21,Spain,2024-09-14
T0008205,C00522,P0045,2,58.89,Israel,2024-03-07
T0008206,C01035,P0057,5,108.59,Germany,2024-09-01
T0008207,C01194,P0048,1,343.47,Spain,2024-01-11
T0008208,C00979,P0134,5,191.74,Brazil,2024-04-26
T0008209,C00378,P0064,4,128.8,France,2024-07-01
T0008210,C00253,P0057,4,94.93,Japan,2024-11-05
T0008211,C00140,P0131,2,113.25,Italy,2024-06-10
T0008212,C00140,P0084,2,223.89,UK,2024-07-17
T0008213,C01541,P0190,3,361.76,Brazil,2024-06-04
T0008214,C01536,P0067,2,231.8,UK,2024-04-28
T0008215,C01202,P0054,3,229.55,USA,2024-10-31
T0008216,C00452,P0187,5,400.26,Canada,2024-07-17
T0008217,C01299,P0059,3,324.6,Brazil,2024-01-07
T0008218,C00914,P0142,2,68.58,Canada,2024-03-05
T0008219,C00933,P0008,2,358.27,Spain,2024-10-14
T0008220,C00732,P0141,2,178.74,Italy,2024-01-16
T0008221,C01353,P0034,4,134.88,Germany,2024-11-13
T0008222,C00894,P0045,3,57.17,Canada,2024-05-13
T0008223,C01862,P0043,5,13.24,France,2024-11-08
T0008224,C01930,P0142,3,71.6,France,2024-02-25
T0008225,C00303,P0048,4,333.97,Spain,2024-10-24
T0008226,C01865,P0011,2,372.95,Italy,2024-03-06
T0008227,C00264,P0057,2,109.39,Spain,2024-11-20
T0008228,C00194,P0048,4,327.67,Canada,2024-08-31
T0008229,C00815,P0070,1,18.09,Spain,2024-09-13
T0008230,C00464,P0194,5,407.34,Brazil,2024-12-13
T0008231,C00271,P0130,2,214.18,Spain,2024-08-07
T0008232,C01446,P0101,3,441.44,Japan,2024-06-02
T0008233,C01648,P0065,2,289.61,Japan,2024-11-23
T0008234,C01361,P0019,3,208.64,Italy,2024-06-07
T0008235,C00841,P0077,5,69.83,Brazil,2024-04-20
T0008236,C00609,P0145,4,283.29,Spain,2024-12-08
T0008237,C00402,P0177,1,136.31,USA,2024-03-31
T0008238,C01480,P0194,1,409.19,France,2024-05-25
T0008239,C01114,P0165,5,461.09,USA,2024-07-09
T0008240,C01616,P0194,5,448.12,UK,2024-09-26
T0008241,C01066,P0075,5,377.67,Brazil,2024-05-05
T0008242,C01645,P0125,1,124.21,Israel,2024-08-28
T0008243,C01692,P0042,3,106.43,UK,2024-10-12
T0008244,C00449,P0075,5,362.98,Brazil,2024-01-26
T0008245,C01136,P0099,5,195.65,Israel,2024-11-06
T0008246,C01259,P0134,4,218.57,USA,2024-11-23
T0008247,C00535,P0036,1,214.59,USA,2024-07-23
T0008248,C01872,P0085,4,121.49,Germany,2024-08-21
T0008249,C00663,P0046,2,371.52,USA,2024-04-13
T0008250,C01267,P0149,3,481.18,Japan,2024-04-29
T0008251,C00525,P0047,1,246.29,Israel,2024-04-21
T0008252,C00046,P0178,3,258.12,Italy,2024-06-22
T0008253,C00334,P0148,5,314.22,Germany,2024-08-31
T0008254,C01202,P0020,4,343.27,France,2024-08-13
T0008255,C01305,P0190,1,398.13,UK,2024-05-05
T0008256,C01124,P0013,2,120.66,Canada,2024-06-01
T0008257,C00805,P0025,4,316.53,Japan,2024-12-08
T0008258,C00911,P0076,3,248.68,Canada,2024-10-12
T0008259,C01418,P0156,1,255.17,Canada,2024-12-19
T0008260,C01912,P0094,3,259.21,Israel,2024-08-08
T0008261,C00962,P0103,3,403.11,France,2024-07-29
T0008262,C00329,P0175,5,205.41,Israel,2024-05-26
T0008263,C00091,P0077,1,76.89,Japan,2024-02-10
T0008264,C00687,P0160,2,286.69,USA,2024-08-05
T0008265,C00549,P0108,4,421.75,Brazil,2024-10-25
T0008266,C01023,P0142,2,70.42,France,2024-08-23
T0008267,C01173,P0054,5,248.62,France,2024-01-31
T0008268,C01187,P0090,3,187.25,USA,2024-01-08
T0008269,C00840,P0054,5,230.33,UK,2024-12-27
T0008270,C00737,P0159,1,181.54,Israel,2024-06-05
T0008271,C00295,P0046,5,364.37,USA,2024-01-18
T0008272,C00101,P0051,2,274.15,Brazil,2024-12-01
T0008273,C00444,P0193,1,199.8,UK,2024-06-28
T0008274,C01847,P0108,1,406.32,France,2024-07-24
T0008275,C01765,P0194,2,361.64,France,2024-07-13
T0008276,C00070,P0156,5,274.3,Canada,2024-06-26
T0008277,C00688,P0077,4,77.67,USA,2024-12-07
T0008278,C00096,P0125,4,114.03,France,2024-06-01
T0008279,C00159,P0142,3,60.37,Italy,2024-07-29
T0008280,C00850,P0077,1,69.25,Brazil,2024-06-11
T0008281,C00755,P0106,2,85.71,Italy,2024-08-04
T0008282,C00669,P0019,2,201.73,Italy,2024-01-27
T0008283,C00740,P0113,1,318.61,Germany,2024-11-22
T0008284,C00638,P0170,1,391.91,France,2024-04-10
T0008285,C01996,P0103,4,399.68,Germany,2024-02-09
T0008286,C00717,P0013,5,126.47,USA,2024-11-26
T0008287,C01575,P0077,5,69.62,Israel,2024-03-25
T0008288,C00579,P0198,3,332.31,Brazil,2024-03-05
T0008289,C01160,P0109,4,49.7,Germany,2024-03-15
T0008290,C00940,P0148,3,274.62,France,2024-04-10
T0008291,C01392,P0048,1,311.8,Canada,2024-07-11
T0008292,C01707,P0038,5,21.63,Brazil,2024-01-14
T0008293,C01493,P0180,3,392.09,Germany,2024-08-13
T0008294,C01047,P0015,5,124.59,Italy,2024-08-28
T0008295,C00198,P0129,5,36.94,USA,2024-12-26
T0008296,C00858,P0194,4,433.2,Spain,2024-03-08
T0008297,C00445,P0159,3,201.02,Germany,2024-02-18
T0008298,C00706,P0063,5,221.7,Japan,2024-09-04
T0008299,C01788,P0028,3,436.63,Japan,2024-06-20
T0008300,C00831,P0072,1,267.71,Canada,2024-08-27
T0008301,C00917,P0048,2,288.71,Israel,2024-09-08
T0008302,C01742,P0101,5,423.89,USA,2024-11-08
T0008303,C00747,P0069,1,174.58,Germany,2024-05-17
T0008304,C00364,P0023,1,431.42,Germany,2024-09-21
T0008305,C01478,P0163,3,61.54,Spain,2024-10-08
T0008306,C01828,P0045,3,60.29,France,2024-10-04
T0008307,C00478,P0190,2,363.43,USA,2024-11-13
T0008308,C01156,P0194,5,402.51,Spain,2024-01-24
T0008309,C01884,P0028,2,388.02,France,2024-05-26
T0008310,C00726,P0012,5,227.33,Italy,2024-06-09
T0008311,C01476,P0103,1,352.75,Germany,2024-04-22
T0008312,C01892,P0109,5,48.87,Canada,2024-08-21
T0008313,C00686,P0028,4,421.62,USA,2024-05-07
T0008314,C01687,P0088,1,87.56,Japan,2024-03-19
T0008315,C00865,P0165,3,482.86,France,2024-09-05
T0008316,C01941,P0045,2,53.9,Japan,2024-03-04
T0008317,C00077,P0194,2,363.5,Japan,2024-08-02
T0008318,C01753,P0129,2,37.89,Japan,2024-05-07
T0008319,C01254,P0057,4,92.83,Spain,2024-01-29
T0008320,C00464,P0104,3,48.76,Brazil,2024-06-22
T0008321,C01537,P0193,2,169.82,Canada,2024-01-19
T0008322,C01911,P0094,5,252.37,UK,2024-10-20
T0008323,C00019,P0113,4,362.73,Canada,2024-06-02
T0008324,C01905,P0185,3,364.13,Canada,2024-05-12
T0008325,C01824,P0041,5,188.81,France,2024-01-01
T0008326,C00035,P0088,1,85.72,UK,2024-07-05
T0008327,C00842,P0125,1,132.57,Brazil,2024-10-27
T0008328,C00912,P0075,3,369.09,Israel,2024-01-30
T0008329,C01808,P0057,1,98.4,Brazil,2024-03-30
T0008330,C01170,P0071,3,83.81,Brazil,2024-08-09
T0008331,C01238,P0077,2,71.61,Italy,2024-11-30
T0008332,C00413,P0054,5,254.07,USA,2024-10-01
T0008333,C00784,P0046,4,321.33,USA,2024-09-08
T0008334,C01350,P0194,4,384.41,Brazil,2024-06-05
T0008335,C01628,P0013,2,137.83,Italy,2024-04-28
T0008336,C01164,P0094,1,290.36,USA,2024-06-11
T0008337,C00178,P0159,3,187.9,Brazil,2024-10-18
T0008338,C01243,P0118,2,442.8,France,2024-05-27
T0008339,C01921,P0092,4,236.4,Italy,2024-11-29
T0008340,C00881,P0193,1,205.94,France,2024-06-04
T0008341,C01452,P0180,1,363.5,Spain,2024-01-15
T0008342,C00693,P0061,5,445.52,Israel,2024-04-06
T0008343,C01100,P0016,5,340.6,Canada,2024-07-30
T0008344,C01309,P0199,1,355.75,Japan,2024-01-11
T0008345,C00688,P0084,1,263.16,Germany,2024-07-18
T0008346,C01850,P0084,5,249.87,Canada,2024-08-07
T0008347,C00958,P0148,2,313.44,UK,2024-08-28
T0008348,C01449,P0194,3,413.56,Spain,2024-04-30
T0008349,C01080,P0113,2,323.96,Canada,2024-09-21
T0008350,C00059,P0068,5,81.64,Brazil,2024-09-20
T0008351,C00479,P0136,3,163.95,Spain,2024-06-07
T0008352,C01121,P0016,4,342.03,UK,2024-09-30
T0008353,C00518,P0103,1,395.28,Canada,2024-04-18
T0008354,C01528,P0057,2,98.0,France,2024-11-02
T0008355,C01611,P0064,1,144.39,Spain,2024-01-28
T0008356,C01956,P0146,3,231.48,Canada,2024-10-19
T0008357,C01164,P0148,3,293.19,Brazil,2024-03-23
T0008358,C01188,P0035,5,18.79,UK,2024-06-12
T0008359,C00541,P0184,2,463.86,Canada,2024-02-11
T0008360,C01994,P0190,2,364.73,France,2024-01-06
T0008361,C00407,P0177,4,147.38,Brazil,2024-10-21
T0008362,C01094,P0156,4,273.2,Canada,2024-10-09
T0008363,C01755,P0194,1,375.03,Germany,2024-01-26
T0008364,C01766,P0057,1,102.06,Israel,2024-08-06
T0008365,C00865,P0111,4,470.47,Brazil,2024-12-14
T0008366,C00465,P0086,2,61.76,USA,2024-07-20
T0008367,C01474,P0019,1,234.08,USA,2024-03-24
T0008368,C01373,P0028,2,441.57,France,2024-12-12
T0008369,C01336,P0151,2,423.44,Spain,2024-09-01
T0008370,C01685,P0000,3,208.54,Brazil,2024-07-02
T0008371,C01108,P0046,1,354.69,Canada,2024-05-20
T0008372,C00087,P0155,1,32.36,Italy,2024-04-27
T0008373,C00809,P0148,2,309.88,Canada,2024-01-01
T0008374,C00487,P0190,5,408.86,Israel,2024-01-10
T0008375,C00784,P0125,4,137.43,Italy,2024-09-24
T0008376,C00709,P0013,5,135.01,Spain,2024-09-30
T0008377,C01665,P0185,2,371.97,Japan,2024-04-01
T0008378,C01837,P0048,4,301.43,Brazil,2024-09-24
T0008379,C00689,P0054,4,242.29,Japan,2024-01-12
T0008380,C01283,P0191,5,32.96,UK,2024-01-21
T0008381,C01254,P0103,4,338.77,Canada,2024-01-05
T0008382,C01902,P0075,5,389.42,Japan,2024-03-14
T0008383,C01610,P0057,3,114.55,USA,2024-12-23
T0008384,C00288,P0155,5,31.31,UK,2024-04-21
T0008385,C00737,P0174,1,305.91,Israel,2024-03-18
T0008386,C00297,P0062,1,166.28,France,2024-10-19
T0008387,C01968,P0069,3,164.46,France,2024-04-28
T0008388,C01818,P0156,4,268.95,UK,2024-09-10
T0008389,C01823,P0187,5,380.63,Germany,2024-02-09
T0008390,C01907,P0125,3,121.8,Japan,2024-08-08
T0008391,C01400,P0057,3,113.75,UK,2024-03-23
T0008392,C01759,P0077,3,76.42,USA,2024-11-21
T0008393,C01145,P0066,3,311.02,France,2024-04-19
T0008394,C00294,P0101,1,468.67,Japan,2024-09-06
T0008395,C00515,P0076,1,267.27,Spain,2024-05-19
T0008396,C01360,P0083,5,278.74,UK,2024-09-10
T0008397,C01505,P0115,5,319.0,UK,2024-08-20
T0008398,C00520,P0096,2,390.72,USA,2024-11-05
T0008399,C01687,P0113,3,385.05,UK,2024-08-05
T0008400,C01703,P0125,2,117.78,Canada,2024-01-25
T0008401,C01678,P0019,2,228.75,USA,2024-07-08
T0008402,C01322,P0146,3,259.17,USA,2024-01-21
T0008403,C01072,P0084,3,232.65,USA,2024-09-07
T0008404,C01629,P0042,2,107.9,Germany,2024-06-24
T0008405,C00922,P0142,3,62.52,Spain,2024-01-08
T0008406,C00369,P0080,1,52.31,Japan,2024-05-12
T0008407,C01272,P0057,3,98.56,Germany,2024-10-25
T0008408,C01140,P0011,4,337.14,Germany,2024-03-09
T0008409,C01594,P0042,3,106.34,Canada,2024-11-29
T0008410,C01721,P0013,5,133.2,UK,2024-02-09
T0008411,C00787,P0146,5,231.09,Spain,2024-05-23
T0008412,C01420,P0095,4,207.18,Israel,2024-03-15
T0008413,C00846,P0101,1,473.37,UK,2024-06-26
T0008414,C01640,P0194,1,410.27,Canada,2024-11-18
T0008415,C00046,P0185,1,390.5,Germany,2024-06-21
T0008416,C01235,P0175,1,247.66,Canada,2024-07-12
T0008417,C00042,P0049,2,313.91,Germany,2024-09-09
T0008418,C01471,P0084,5,223.79,Israel,2024-06-17
T0008419,C00665,P0186,2,386.59,USA,2024-05-12
T0008420,C01085,P0019,5,223.56,USA,2024-05-25
T0008421,C00260,P0057,3,101.06,Brazil,2024-01-02
T0008422,C00920,P0134,5,224.19,Japan,2024-09-12
T0008423,C01923,P0026,1,305.89,France,2024-01-17
T0008424,C00262,P0164,2,336.83,France,2024-01-02
T0008425,C00975,P0104,2,49.92,USA,2024-04-04
T0008426,C01724,P0198,5,344.37,Italy,2024-01-15
T0008427,C01925,P0036,4,216.89,Canada,2024-10-15
T0008428,C01093,P0125,5,128.03,Canada,2024-02-03
T0008429,C00231,P0113,3,319.08,Spain,2024-03-31
T0008430,C00947,P0113,5,369.51,Japan,2024-02-25
T0008431,C01202,P0084,5,226.28,Spain,2024-08-09
T0008432,C00371,P0049,5,340.92,Israel,2024-12-16
T0008433,C00782,P0048,1,309.74,Israel,2024-07-23
T0008434,C01153,P0046,3,323.74,Italy,2024-12-02
T0008435,C00989,P0013,4,117.28,Israel,2024-05-10
T0008436,C00218,P0194,2,387.35,UK,2024-03-04
T0008437,C00759,P0190,3,415.42,Japan,2024-02-03
T0008438,C01502,P0083,4,250.08,Japan,2024-03-05
T0008439,C00699,P0129,2,33.89,USA,2024-05-24
T0008440,C00883,P0103,4,361.27,Germany,2024-10-04
T0008441,C01490,P0034,2,138.57,USA,2024-01-20
T0008442,C01269,P0017,1,236.64,Spain,2024-08-07
T0008443,C00860,P0143,3,255.53,France,2024-07-21
T0008444,C00522,P0099,2,173.5,Germany,2024-07-14
T0008445,C01096,P0117,4,193.66,UK,2024-01-20
T0008446,C01425,P0129,1,37.37,USA,2024-05-07
T0008447,C00276,P0156,4,264.67,Japan,2024-04-28
T0008448,C01300,P0160,1,287.03,Germany,2024-11-01
T0008449,C01047,P0158,5,273.38,Canada,2024-12-06
T0008450,C00165,P0079,4,262.76,Israel,2024-09-09
T0008451,C00703,P0057,2,107.38,France,2024-01-23
T0008452,C00484,P0125,1,128.12,France,2024-03-21
T0008453,C01024,P0190,1,412.37,Germany,2024-07-22
T0008454,C00874,P0175,3,210.16,Germany,2024-07-27
T0008455,C00373,P0140,2,255.34,Italy,2024-10-04
T0008456,C01449,P0054,1,254.09,Germany,2024-12-17
T0008457,C00191,P0015,3,130.92,France,2024-06-27
T0008458,C00477,P0057,3,92.36,Canada,2024-07-19
T0008459,C00394,P0005,1,118.93,UK,2024-01-31
T0008460,C00939,P0071,1,87.73,Canada,2024-06-19
T0008461,C00587,P0077,5,80.7,Italy,2024-03-08
T0008462,C01801,P0013,5,115.8,Brazil,2024-02-10
T0008463,C01482,P0133,1,298.44,UK,2024-03-11
T0008464,C01255,P0150,1,211.31,USA,2024-02-12
T0008465,C01632,P0075,5,337.51,Canada,2024-11-16
T0008466,C00274,P0048,4,319.7,UK,2024-02-29
T0008467,C01475,P0013,4,130.37,UK,2024-11-22
T0008468,C01416,P0075,3,334.56,Canada,2024-06-08
T0008469,C00169,P0090,4,188.77,Brazil,2024-05-27
T0008470,C01444,P0134,1,227.66,USA,2024-03-28
T0008471,C01923,P0129,1,35.57,Brazil,2024-07-19
T0008472,C01032,P0194,3,424.66,UK,2024-05-08
T0008473,C01714,P0109,5,46.96,Israel,2024-07-07
T0008474,C00506,P0017,4,276.09,Germany,2024-11-07
T0008475,C00275,P0015,2,137.26,France,2024-10-26
T0008476,C00759,P0150,4,223.02,Canada,2024-10-29
T0008477,C00876,P0059,2,343.77,USA,2024-02-17
T0008478,C00098,P0156,3,263.57,USA,2024-07-14
T0008479,C00197,P0062,4,163.52,Israel,2024-11-28
T0008480,C00970,P0115,2,323.96,Brazil,2024-05-19
T0008481,C01026,P0057,3,99.24,Canada,2024-10-24
T0008482,C01681,P0013,2,121.41,Japan,2024-03-04
T0008483,C00250,P0156,5,249.93,Israel,2024-03-05
T0008484,C01623,P0125,4,134.57,Germany,2024-07-26
T0008485,C00029,P0082,1,118.07,Israel,2024-03-15
T0008486,C01426,P0077,3,71.91,Canada,2024-03-24
T0008487,C01144,P0175,2,235.35,Israel,2024-02-27
T0008488,C00575,P0134,2,203.8,Israel,2024-04-07
T0008489,C00947,P0092,5,265.06,Japan,2024-12-12
T0008490,C01140,P0054,4,245.77,USA,2024-04-17
T0008491,C01562,P0054,5,230.3,UK,2024-06-29
T0008492,C01180,P0187,5,344.91,Canada,2024-11-12
T0008493,C00998,P0065,3,295.85,Italy,2024-04-01
T0008494,C00835,P0129,5,32.21,Israel,2024-01-02
T0008495,C01896,P0156,5,236.93,Germany,2024-08-01
T0008496,C00732,P0160,2,286.19,Brazil,2024-01-23
T0008497,C00122,P0028,1,457.95,Germany,2024-02-17
T0008498,C01479,P0148,4,287.55,Israel,2024-12-10
T0008499,C00473,P0048,5,347.2,Japan,2024-08-04
T0008500,C00846,P0046,3,357.41,Israel,2024-04-17
T0008501,C01815,P0057,1,112.64,Israel,2024-11-11
T0008502,C00683,P0176,3,177.85,Spain,2024-08-14
T0008503,C01654,P0013,4,125.42,UK,2024-06-16
T0008504,C01164,P0078,2,416.16,Italy,2024-03-24
T0008505,C00128,P0175,1,230.15,Germany,2024-03-08
T0008506,C01152,P0067,1,263.41,Brazil,2024-06-16
T0008507,C01186,P0194,5,412.38,Canada,2024-04-16
T0008508,C01289,P0129,5,33.7,Canada,2024-12-19
T0008509,C00019,P0142,1,60.46,Germany,2024-01-21
T0008510,C00019,P0028,4,418.05,Italy,2024-02-28
T0008511,C00215,P0159,2,196.18,Brazil,2024-09-12
T0008512,C01997,P0036,4,181.11,Spain,2024-05-21
T0008513,C00067,P0018,4,338.67,Japan,2024-01-14
T0008514,C01611,P0006,1,35.5,Canada,2024-07-04
T0008515,C00226,P0069,2,175.36,Brazil,2024-09-19
T0008516,C01694,P0136,5,136.75,Japan,2024-09-03
T0008517,C00402,P0042,2,125.72,France,2024-11-13
T0008518,C00935,P0059,2,358.58,Japan,2024-08-30
T0008519,C00562,P0129,2,37.93,Israel,2024-02-22
T0008520,C00159,P0000,2,184.48,Canada,2024-02-14
T0008521,C01683,P0036,1,195.42,Brazil,2024-10-17
T0008522,C00439,P0185,1,363.15,Canada,2024-12-25
T0008523,C00493,P0086,3,59.61,UK,2024-09-11
T0008524,C00222,P0034,4,136.72,Brazil,2024-04-12
T0008525,C00159,P0125,5,141.96,USA,2024-08-08
T0008526,C00200,P0009,1,22.46,Canada,2024-05-29
T0008527,C01348,P0151,3,393.75,France,2024-03-08
T0008528,C01130,P0136,1,153.2,USA,2024-07-03
T0008529,C00198,P0087,3,107.48,UK,2024-09-13
T0008530,C00805,P0185,1,341.82,Spain,2024-02-20
T0008531,C00217,P0054,5,213.0,USA,2024-05-26
T0008532,C01716,P0057,3,104.52,Spain,2024-03-23
T0008533,C00601,P0108,1,475.56,Israel,2024-12-16
T0008534,C01372,P0057,1,107.48,Italy,2024-12-30
T0008535,C01213,P0040,2,382.53,UK,2024-06-18
T0008536,C01240,P0187,4,419.92,Spain,2024-05-03
T0008537,C00518,P0061,4,441.21,Canada,2024-08-23
T0008538,C00958,P0144,1,154.96,Italy,2024-05-04
T0008539,C01839,P0125,2,116.75,Germany,2024-08-27
T0008540,C01370,P0103,1,362.64,Japan,2024-09-12
T0008541,C01460,P0119,4,135.88,USA,2024-11-28
T0008542,C00523,P0080,4,53.88,UK,2024-08-11
T0008543,C01506,P0062,5,159.45,Japan,2024-08-21
T0008544,C00613,P0019,4,203.74,Israel,2024-05-25
T0008545,C01728,P0100,3,115.58,UK,2024-01-13
T0008546,C00012,P0119,4,121.57,Israel,2024-07-14
T0008547,C01775,P0156,2,239.15,Canada,2024-06-30
T0008548,C01760,P0046,2,375.23,France,2024-06-21
T0008549,C00760,P0090,3,188.07,Italy,2024-11-09
T0008550,C00290,P0096,5,336.11,Germany,2024-02-06
T0008551,C01868,P0048,3,294.48,Israel,2024-06-28
T0008552,C00451,P0180,1,352.26,France,2024-05-10
T0008553,C01782,P0100,5,111.62,UK,2024-11-27
T0008554,C00878,P0065,4,273.1,USA,2024-05-27
T0008555,C01691,P0054,2,249.28,USA,2024-10-09
T0008556,C00267,P0153,2,404.51,USA,2024-09-27
T0008557,C01518,P0140,4,216.5,Brazil,2024-12-09
T0008558,C00849,P0095,3,197.93,Italy,2024-08-17
T0008559,C01174,P0103,1,339.31,France,2024-01-04
T0008560,C00250,P0194,4,392.04,Germany,2024-06-19
T0008561,C00092,P0113,5,344.51,Germany,2024-12-16
T0008562,C00871,P0096,2,351.61,Italy,2024-07-30
T0008563,C00025,P0028,5,458.34,Germany,2024-06-18
T0008564,C00274,P0103,4,398.87,Brazil,2024-10-13
T0008565,C01784,P0147,5,358.52,USA,2024-12-19
T0008566,C00031,P0123,1,355.88,Italy,2024-01-11
T0008567,C01088,P0125,1,135.34,UK,2024-06-23
T0008568,C01874,P0075,1,334.67,USA,2024-03-31
T0008569,C00060,P0099,1,180.52,Spain,2024-06-12
T0008570,C01565,P0168,2,101.93,France,2024-04-02
T0008571,C01827,P0026,3,339.48,USA,2024-09-03
T0008572,C00465,P0012,1,256.68,Italy,2024-02-14
T0008573,C01432,P0193,2,172.24,Germany,2024-08-31
T0008574,C01923,P0194,1,448.83,Canada,2024-05-19
T0008575,C00032,P0185,5,323.52,Israel,2024-12-12
T0008576,C01561,P0080,2,46.88,UK,2024-11-07
T0008577,C00051,P0013,3,141.1,Germany,2024-01-01
T0008578,C01692,P0026,2,299.34,USA,2024-06-02
T0008579,C00089,P0156,4,273.74,Israel,2024-11-16
T0008580,C01607,P0177,2,145.58,UK,2024-06-29
T0008581,C00997,P0075,5,335.7,USA,2024-11-12
T0008582,C01658,P0112,5,350.59,Spain,2024-04-15
T0008583,C01662,P0091,2,65.77,Germany,2024-02-11
T0008584,C00818,P0113,5,318.6,Spain,2024-09-23
T0008585,C00707,P0125,2,119.55,Japan,2024-05-20
T0008586,C00610,P0188,5,416.44,Germany,2024-12-16
T0008587,C00891,P0043,4,14.45,Brazil,2024-09-22
T0008588,C01562,P0070,4,21.43,Germany,2024-04-09
T0008589,C01644,P0021,5,167.08,Japan,2024-09-04
T0008590,C00134,P0125,3,137.46,Canada,2024-12-16
T0008591,C01333,P0096,3,350.28,UK,2024-01-31
T0008592,C00370,P0156,3,239.81,Italy,2024-04-06
T0008593,C00210,P0194,4,438.12,Israel,2024-10-28
T0008594,C01011,P0103,2,330.96,Italy,2024-10-16
T0008595,C01666,P0109,2,43.91,Germany,2024-03-23
T0008596,C00832,P0045,3,59.65,Italy,2024-05-15
T0008597,C00907,P0109,1,45.25,Brazil,2024-04-30
T0008598,C01291,P0193,3,182.32,Italy,2024-03-10
T0008599,C01143,P0185,1,374.89,USA,2024-12-10
T0008600,C00947,P0185,4,374.94,Spain,2024-10-29
T0008601,C00552,P0054,1,225.53,Canada,2024-04-05
T0008602,C00420,P0021,2,144.29,Spain,2024-07-05
T0008603,C01030,P0046,5,379.81,France,2024-10-13
T0008604,C00358,P0192,2,211.45,Brazil,2024-12-12
T0008605,C00758,P0054,5,252.31,Japan,2024-10-01
T0008606,C01602,P0030,1,139.99,Israel,2024-11-15
T0008607,C00456,P0048,2,338.79,UK,2024-03-12
T0008608,C00819,P0190,4,365.45,Japan,2024-11-13
T0008609,C00771,P0125,2,120.18,Israel,2024-07-12
T0008610,C00802,P0163,2,67.32,Germany,2024-10-09
T0008611,C00615,P0019,1,202.97,France,2024-02-28
T0008612,C00779,P0060,2,343.02,France,2024-01-07
T0008613,C01059,P0046,3,361.63,Israel,2024-03-23
T0008614,C00216,P0125,1,141.99,Japan,2024-01-01
T0008615,C01487,P0134,5,197.06,USA,2024-10-31
T0008616,C01812,P0141,1,210.24,Japan,2024-11-17
T0008617,C01045,P0125,1,123.21,France,2024-04-21
T0008618,C00411,P0180,5,342.78,USA,2024-07-30
T0008619,C01799,P0163,2,67.82,Canada,2024-11-30
T0008620,C01011,P0057,4,102.18,France,2024-03-23
T0008621,C00064,P0162,3,410.94,Israel,2024-09-24
T0008622,C00670,P0157,4,60.82,Israel,2024-10-31
T0008623,C00394,P0134,2,221.32,Italy,2024-06-15
T0008624,C01964,P0099,1,182.52,Germany,2024-06-15
T0008625,C01922,P0075,2,339.11,Canada,2024-05-30
T0008626,C01921,P0193,5,173.08,Italy,2024-01-02
T0008627,C00619,P0156,5,221.26,France,2024-06-06
T0008628,C00822,P0129,4,33.47,Germany,2024-07-26
T0008629,C01034,P0158,1,282.15,Brazil,2024-01-09
T0008630,C01289,P0091,5,59.66,Italy,2024-04-28
T0008631,C00409,P0087,1,117.15,Italy,2024-07-03
T0008632,C00292,P0119,3,134.57,Canada,2024-12-05
T0008633,C00228,P0061,1,459.67,Italy,2024-03-28
T0008634,C00028,P0180,1,405.49,Spain,2024-06-19
T0008635,C00352,P0156,3,234.86,Brazil,2024-10-27
T0008636,C01472,P0048,3,329.59,Germany,2024-08-19
T0008637,C01590,P0032,2,449.0,Brazil,2024-11-30
T0008638,C00609,P0046,3,352.96,Germany,2024-10-29
T0008639,C00849,P0025,1,298.27,Japan,2024-08-14
T0008640,C01131,P0150,1,218.11,UK,2024-08-10
T0008641,C00969,P0123,2,346.42,Brazil,2024-07-17
T0008642,C00359,P0156,1,244.38,Italy,2024-03-02
T0008643,C00562,P0117,4,165.5,USA,2024-10-13
T0008644,C01874,P0125,3,117.41,Spain,2024-06-01
T0008645,C00874,P0015,3,128.06,Japan,2024-03-07
T0008646,C01860,P0028,1,405.78,Spain,2024-02-27
T0008647,C00121,P0187,5,388.26,Israel,2024-07-03
T0008648,C01537,P0101,1,408.73,Brazil,2024-07-25
T0008649,C00081,P0119,4,122.05,Italy,2024-01-02
T0008650,C01456,P0140,2,251.26,USA,2024-03-26
T0008651,C01189,P0049,4,308.83,Spain,2024-04-04
T0008652,C00254,P0185,4,360.06,Israel,2024-04-21
T0008653,C00914,P0094,4,277.39,UK,2024-09-23
T0008654,C01122,P0008,4,412.73,France,2024-08-24
T0008655,C00046,P0129,2,34.92,USA,2024-11-11
T0008656,C01214,P0049,5,341.96,USA,2024-12-31
T0008657,C01843,P0032,1,381.78,France,2024-10-26
T0008658,C00650,P0173,2,113.8,UK,2024-05-27
T0008659,C01038,P0071,1,87.84,Spain,2024-06-29
T0008660,C00988,P0100,1,105.17,France,2024-12-12
T0008661,C01006,P0084,3,221.55,Canada,2024-11-19
T0008662,C01936,P0117,1,198.02,Israel,2024-12-26
T0008663,C01248,P0113,2,340.0,Germany,2024-03-30
T0008664,C00652,P0124,5,329.31,Italy,2024-08-13
T0008665,C01879,P0028,5,440.86,Brazil,2024-03-23
T0008666,C00108,P0160,4,276.3,France,2024-11-01
T0008667,C00232,P0190,1,340.76,Spain,2024-04-09
T0008668,C01081,P0019,2,235.87,Spain,2024-01-20
T0008669,C01744,P0094,1,279.3,Israel,2024-08-18
T0008670,C01927,P0156,2,231.58,Japan,2024-10-16
T0008671,C01460,P0046,1,337.18,USA,2024-05-11
T0008672,C00295,P0100,5,128.5,Spain,2024-01-23
T0008673,C00092,P0110,2,44.39,Germany,2024-11-04
T0008674,C01362,P0070,5,21.84,Spain,2024-07-14
T0008675,C01890,P0100,2,115.29,Italy,2024-04-25
T0008676,C00533,P0129,2,31.52,UK,2024-03-25
T0008677,C01872,P0096,2,367.14,UK,2024-06-28
T0008678,C01861,P0102,3,123.41,USA,2024-06-11
T0008679,C00738,P0158,1,272.14,Spain,2024-01-16
T0008680,C00770,P0187,2,363.11,Canada,2024-02-04
T0008681,C01393,P0062,1,179.79,Japan,2024-09-11
T0008682,C01033,P0109,4,52.81,Spain,2024-07-13
T0008683,C01118,P0059,5,301.71,France,2024-03-09
T0008684,C00419,P0129,3,31.84,France,2024-03-15
T0008685,C00203,P0129,4,38.34,Germany,2024-12-04
T0008686,C00857,P0056,2,318.23,Spain,2024-11-10
T0008687,C00487,P0042,4,117.96,Spain,2024-11-03
T0008688,C00290,P0065,5,256.85,Germany,2024-02-09
T0008689,C01358,P0177,5,128.37,Israel,2024-08-21
T0008690,C01526,P0048,2,338.91,UK,2024-11-30
T0008691,C00993,P0071,1,83.53,Brazil,2024-08-27
T0008692,C01242,P0119,2,142.08,Israel,2024-02-28
T0008693,C00925,P0047,4,278.03,Japan,2024-03-25
T0008694,C01449,P0025,3,293.45,France,2024-09-26
T0008695,C01010,P0190,1,411.99,France,2024-07-20
T0008696,C00162,P0057,2,98.73,Japan,2024-02-16
T0008697,C01930,P0042,1,103.75,France,2024-02-11
T0008698,C00877,P0150,4,206.11,Israel,2024-02-22
T0008699,C00968,P0078,3,440.89,USA,2024-05-06
T0008700,C00216,P0069,1,176.42,France,2024-05-02
T0008701,C00909,P0076,1,270.27,Spain,2024-05-10
T0008702,C01325,P0081,1,124.28,Israel,2024-05-19
T0008703,C01833,P0048,5,344.09,Spain,2024-06-08
T0008704,C01232,P0154,3,48.59,Israel,2024-10-19
T0008705,C01124,P0113,5,318.52,Italy,2024-07-05
T0008706,C00460,P0053,3,274.6,France,2024-07-08
T0008707,C01199,P0069,3,167.87,Spain,2024-06-05
T0008708,C00620,P0126,2,402.97,Spain,2024-04-10
T0008709,C00607,P0103,4,367.12,Germany,2024-05-31
T0008710,C01075,P0076,1,300.86,Germany,2024-12-12
T0008711,C01939,P0119,4,140.86,UK,2024-05-02
T0008712,C00109,P0045,2,55.12,UK,2024-04-19
T0008713,C00413,P0077,2,75.38,UK,2024-08-01
T0008714,C01056,P0113,1,319.27,USA,2024-03-19
T0008715,C01993,P0142,3,60.16,Spain,2024-06-10
T0008716,C01482,P0013,3,118.98,Brazil,2024-11-05
T0008717,C01489,P0152,3,406.11,Brazil,2024-08-23
T0008718,C00924,P0031,1,355.13,Canada,2024-07-25
T0008719,C00493,P0002,4,395.39,Israel,2024-09-06
T0008720,C01631,P0187,3,362.16,UK,2024-04-19
T0008721,C01737,P0054,4,216.3,Israel,2024-02-27
T0008722,C01612,P0076,5,302.63,Germany,2024-11-01
T0008723,C01358,P0013,2,119.91,Brazil,2024-11-25
T0008724,C01593,P0084,1,231.44,Italy,2024-02-05
T0008725,C00738,P0194,2,445.47,UK,2024-10-31
T0008726,C00379,P0096,3,365.86,Israel,2024-07-09
T0008727,C01112,P0158,1,257.84,Israel,2024-12-24
T0008728,C00320,P0011,2,381.6,Germany,2024-09-27
T0008729,C01284,P0184,2,471.92,Brazil,2024-10-05
T0008730,C00519,P0179,4,223.69,Japan,2024-05-28
T0008731,C01654,P0142,5,62.32,Brazil,2024-10-27
T0008732,C00485,P0129,3,37.8,Canada,2024-03-25
T0008733,C01748,P0165,5,403.55,Canada,2024-01-20
T0008734,C01419,P0100,5,118.27,Japan,2024-04-21
T0008735,C00279,P0103,3,410.62,Germany,2024-07-15
T0008736,C01342,P0140,2,214.44,USA,2024-02-11
T0008737,C00905,P0127,2,463.09,Israel,2024-11-06
T0008738,C00300,P0101,2,496.39,Israel,2024-02-13
T0008739,C01440,P0070,1,21.66,USA,2024-12-04
T0008740,C00543,P0046,3,316.85,Germany,2024-04-30
T0008741,C00703,P0154,3,55.2,Germany,2024-05-05
T0008742,C00375,P0166,2,280.57,USA,2024-07-05
T0008743,C01236,P0180,4,356.35,Brazil,2024-04-16
T0008744,C00235,P0077,3,66.98,Israel,2024-07-07
T0008745,C00075,P0032,3,464.33,France,2024-09-24
T0008746,C00266,P0006,4,41.42,France,2024-05-23
T0008747,C01104,P0037,3,81.13,USA,2024-05-30
T0008748,C01275,P0113,2,321.03,Japan,2024-12-20
T0008749,C00430,P0134,2,221.26,France,2024-09-13
T0008750,C01330,P0046,5,376.3,Canada,2024-08-09
T0008751,C00346,P0129,3,35.41,Israel,2024-02-08
T0008752,C01757,P0198,1,353.26,Brazil,2024-02-26
T0008753,C01599,P0194,2,427.87,Canada,2024-09-02
T0008754,C00068,P0178,4,258.89,USA,2024-06-30
T0008755,C01707,P0129,5,38.46,UK,2024-10-04
T0008756,C01183,P0190,4,390.04,Canada,2024-03-10
T0008757,C00418,P0113,5,390.22,Israel,2024-08-29
T0008758,C00191,P0156,5,247.25,Canada,2024-01-18
T0008759,C00890,P0132,4,233.81,Israel,2024-07-17
T0008760,C00077,P0100,4,116.54,UK,2024-03-19
T0008761,C00029,P0198,5,355.34,Japan,2024-04-04
T0008762,C01265,P0001,2,221.82,UK,2024-12-28
T0008763,C01675,P0134,1,196.16,Germany,2024-01-31
T0008764,C00361,P0192,2,238.61,Canada,2024-05-01
T0008765,C01373,P0134,4,214.35,Japan,2024-03-07
T0008766,C00552,P0101,3,409.61,Italy,2024-03-21
T0008767,C00600,P0011,2,342.19,UK,2024-01-25
T0008768,C00873,P0117,3,183.07,Germany,2024-06-21
T0008769,C01188,P0159,4,219.23,Israel,2024-09-15
T0008770,C00971,P0077,2,78.62,Canada,2024-03-05
T0008771,C00031,P0062,5,176.05,Canada,2024-07-17
T0008772,C00311,P0099,5,169.47,UK,2024-09-19
T0008773,C01926,P0190,1,356.66,Israel,2024-03-09
T0008774,C01465,P0045,1,60.89,USA,2024-12-12
T0008775,C01997,P0107,4,118.72,Japan,2024-12-26
T0008776,C01268,P0031,5,358.7,UK,2024-01-13
T0008777,C00421,P0080,1,53.69,USA,2024-05-10
T0008778,C01378,P0045,5,61.16,Spain,2024-08-10
T0008779,C00409,P0045,3,59.86,UK,2024-10-07
T0008780,C00654,P0176,1,157.15,Israel,2024-10-11
T0008781,C00282,P0184,4,413.42,Brazil,2024-10-21
T0008782,C00068,P0185,1,322.8,France,2024-09-29
T0008783,C01396,P0134,3,228.27,Israel,2024-01-23
T0008784,C00131,P0057,3,99.54,Italy,2024-02-05
T0008785,C00357,P0175,3,231.39,Israel,2024-03-11
T0008786,C01640,P0150,2,217.88,Italy,2024-05-11
T0008787,C00000,P0113,3,372.45,Brazil,2024-12-02
T0008788,C00678,P0090,3,188.67,Brazil,2024-03-29
T0008789,C00375,P0141,5,185.16,UK,2024-03-17
T0008790,C00157,P0004,1,183.92,Italy,2024-02-16
T0008791,C00783,P0057,3,99.11,Israel,2024-09-13
T0008792,C00545,P0059,5,367.2,UK,2024-05-18
T0008793,C00174,P0114,3,N/A,Canada,2024-12-20
T0008794,C00324,P0012,4,270.24,Italy
T0008795,C00462,P0062,4,159.22,Brazil,2024-12-29
T0008796,C00602,P0195,2,117.76,Spain,2024-04-25
T0008797,C00753,P0190,5,378.64,Italy,2024-05-25
T0008798,C01757,P0116,3,71.36,Germany,2024-11-04
T0008799,C01970,P0185,4,337.57,Italy,2024-12-24
T0008800,C00698,P0011,4,321.17,USA,2024-01-13
T0008801,C00796,P0075,5,389.27,Israel,2024-12-07
T0008802,C00161,P0076,5,252.87,Germany,2024-01-31
T0008803,C01698,P0002,3,378.43,Japan,2024-09-11
T0008804,C00810,P0111,5,469.69,Canada,2024-01-22
T0008805,C01550,P0012,5,246.06,UK,2024-07-09
T0008806,C01072,P0099,2,164.79,Brazil,2024-08-20
T0008807,C00245,P0125,4,116.87,Italy,2024-06-24
T0008808,C01953,P0119,1,127.39,Canada,2024-09-30
T0008809,C01778,P0075,2,370.99,Israel,2024-01-30
T0008810,C01022,P0054,4,219.55,UK,2024-03-20
T0008811,C01277,P0025,1,266.99,France,2024-03-31
T0008812,C00907,P0084,1,230.24,USA,2024-04-03
T0008813,C00092,P0193,4,204.88,France,2024-02-21
T0008814,C00601,P0182,2,249.84,France,2024-06-26
T0008815,C00756,P0046,3,372.66,France,2024-08-09
T0008816,C00219,P0101,5,469.49,Brazil,2024-06-22
T0008817,C00101,P0011,1,375.93,Canada,2024-07-28
T0008818,C01358,P0158,5,290.96,France,2024-06-17
T0008819,C01623,P0045,5,62.41,Italy,2024-07-20
T0008820,C00212,P0046,5,315.88,USA,2024-12-17
T0008821,C01448,P0103,3,398.51,Israel,2024-09-27
T0008822,C01292,P0071,5,79.15,France,2024-01-09
T0008823,C00417,P0013,3,135.51,Brazil,2024-06-21
T0008824,C01604,P0180,4,336.28,Brazil,2024-05-08
T0008825,C00717,P0125,1,132.66,Israel,2024-04-30
T0008826,C01223,P0019,3,232.57,USA,2024-06-14
T0008827,C01193,P0177,3,128.91,Italy,2024-04-30
T0008828,C01505,P0079,4,253.24,Germany,2024-02-25
T0008829,C01238,P0054,2,218.22,France,2024-07-02
T0008830,C00209,P0102,4,113.41,Germany,2024-11-24
T0008831,C00462,P0134,2,209.2,Spain,2024-03-04
T0008832,C00919,P0044,4,293.68,Germany,2024-09-20
T0008833,C01114,P0130,1,239.47,Spain,2024-07-01
T0008834,C00069,P0199,5,312.86,Israel,2024-08-31
T0008835,C00514,P0142,3,70.5,France,2024-06-07
T0008836,C00050,P0084,2,255.63,Brazil,2024-04-29
T0008837,C00799,P0117,3,187.59,Japan,2024-05-20
T0008838,C01493,P0120,4,145.95,Brazil,2024-08-03
T0008839,C01813,P0192,5,231.01,Canada,2024-12-08
T0008840,C01048,P0054,4,254.98,Italy,2024-03-25
T0008841,C01179,P0061,2,418.84,Japan,2024-05-24
T0008842,C00486,P0076,3,269.81,Germany,2024-08-18
T0008843,C01812,P0040,1,341.92,Italy,2024-10-03
T0008844,C00762,P0113,4,389.17,UK,2024-12-09
T0008845,C01484,P0190,3,347.89,UK,2024-07-31
T0008846,C01546,P0065,3,290.94,Israel,2024-02-18
T0008847,C01635,P0013,1,133.97,UK,2024-03-10
T0008848,C00620,P0090,1,169.92,UK,2024-03-27
T0008849,C01958,P0046,3,387.32,Italy,2024-12-20
T0008850,C01518,P0076,2,252.04,Israel,2024-12-25
T0008851,C01958,P0078,5,384.19,Canada,2024-08-05
T0008852,C01827,P0158,2,297.02,Italy,2024-10-21
T0008853,C01453,P0103,3,405.07,Brazil,2024-02-21
T0008854,C00372,P0183,1,101.01,UK,2024-08-30
T0008855,C01526,P0198,4,351.84,Japan,2024-01-15
T0008856,C00046,P0199,5,345.1,USA,2024-10-13
T0008857,C00789,P0170,4,426.22,Spain,2024-01-10
T0008858,C01779,P0047,3,235.15,Japan,2024-08-07
T0008859,C01266,P0187,5,378.5,USA,2024-07-04
T0008860,C00614,P0046,5,378.44,France,2024-10-02
T0008861,C01335,P0023,2,484.76,UK,2024-12-04
T0008862,C00429,P0199,4,326.75,Spain,2024-03-18
T0008863,C00548,P0084,2,252.38,USA,2024-06-28
T0008864,C00602,P0022,5,148.51,Italy,2024-08-24
T0008865,C01556,P0044,3,329.35,USA,2024-07-31
T0008866,C00576,P0083,1,258.81,Germany,2024-07-25
T0008867,C00871,P0084,1,224.11,France,2024-11-08
T0008868,C01125,P0067,1,271.72,Japan,2024-08-30
T0008869,C00047,P0046,4,335.5,UK,2024-04-19
T0008870,C01040,P0180,2,396.7,Israel,2024-03-24
T0008871,C00518,P0013,4,124.82,Spain,2024-09-27
T0008872,C00883,P0194,3,381.72,Germany,2024-04-05
T0008873,C00342,P0190,1,378.05,Germany,2024-06-23
T0008874,C00995,P0124,2,309.06,France,2024-10-14
T0008875,C01158,P0150,4,202.26,Germany,2024-05-10
T0008876,C00068,P0177,3,127.65,UK,2024-07-25
T0008877,C00002,P0195,1,114.22,Germany,2024-05-04
T0008878,C01487,P0000,2,211.0,Brazil,2024-09-05
T0008879,C00694,P0125,3,141.09,Japan,2024-03-02
T0008880,C01230,P0125,3,129.48,Japan,2024-03-24
T0008881,C01312,P0166,4,286.1,Brazil,2024-04-06
T0008882,C00625,P0185,3,369.16,Israel,2024-09-02
T0008883,C01511,P0191,5,35.39,Germany,2024-01-12
T0008884,C01177,P0047,1,277.93,Japan,2024-11-27
T0008885,C01599,P0013,2,122.66,France,2024-12-29
T0008886,C01695,P0177,4,146.73,USA,2024-03-29
T0008887,C01287,P0134,4,187.71,Canada,2024-03-12
T0008888,C00631,P0076,4,266.24,UK,2024-07-03
T0008889,C01819,P0125,3,140.99,USA,2024-11-30
T0008890,C00303,P0172,5,114.23,Italy,2024-05-09
T0008891,C00211,P0185,2,396.75,Germany,2024-08-26
T0008892,C00034,P0190,1,407.53,Brazil,2024-02-11
T0008893,C00441,P0113,4,361.7,Brazil,2024-06-08
T0008894,C00216,P0130,1,258.84,UK,2024-06-07
T0008895,C01196,P0043,3,13.83,USA,2024-02-10
T0008896,C01145,P0159,4,191.25,USA,2024-03-21
T0008897,C00372,P0096,5,355.16,Italy,2024-05-13
T0008898,C01161,P0147,2,427.19,Canada,2024-12-20
T0008899,C00921,P0075,1,389.23,Canada,2024-07-18
T0008900,C00061,P0103,4,373.64,Japan,2024-01-29
T0008901,C01832,P0117,4,175.55,Spain,2024-01-24
T0008902,C01288,P0137,1,230.25,USA,2024-02-07
T0008903,C00685,P0045,3,57.97,UK,2024-11-20
T0008904,C01096,P0065,3,246.69,USA,2024-11-08
T0008905,C01485,P0101,1,444.61,Spain,2024-04-16
T0008906,C01101,P0194,1,437.73,Italy,2024-12-17
T0008907,C00091,P0158,5,294.73,Brazil,2024-09-21
T0008908,C00143,P0152,4,388.39,France,2024-06-29
T0008909,C01767,P0113,1,334.58,USA,2024-05-21
T0008910,C01487,P0065,3,262.01,Israel,2024-12-09
T0008911,C01672,P0180,3,387.06,Israel,2024-03-18
T0008912,C00393,P0135,5,172.48,France,2024-10-11
T0008913,C01692,P0054,3,253.44,Canada,2024-02-28
T0008914,C01982,P0017,2,236.73,Brazil,2024-06-15
T0008915,C01312,P0190,3,407.92,Japan,2024-01-27
T0008916,C00576,P0156,1,237.61,Germany,2024-07-25
T0008917,C00869,P0190,5,414.17,USA,2024-05-31
T0008918,C01586,P0048,1,293.91,UK,2024-12-04
T0008919,C00796,P0013,4,132.68,USA,2024-11-01
T0008920,C00823,P0187,2,374.63,Canada,2024-05-16
T0008921,C00809,P0185,2,390.62,France,2024-06-26
T0008922,C01860,P0193,5,182.35,Italy,2024-11-03
T0008923,C00802,P0152,1,370.0,France,2024-06-09
T0008924,C00347,P0045,2,52.51,Canada,2024-05-19
T0008925,C00102,P0045,5,59.83,Brazil,2024-05-07
T0008926,C00267,P0159,2,216.35,Germany,2024-06-19
T0008927,C00862,P0158,2,242.09,Canada,2024-09-03
T0008928,C01502,P0075,5,389.72,Brazil,2024-12-11
T0008929,C00418,P0054,5,252.43,Germany,2024-11-16
T0008930,C01753,P0161,5,250.7,Canada,2024-07-17
T0008931,C01119,P0145,5,299.44,Spain,2024-03-13
T0008932,C00305,P0163,4,70.25,Germany,2024-01-18
T0008933,C01313,P0088,3,89.22,Germany,2024-08-06
T0008934,C00069,P0124,5,340.51,Spain,2024-03-21
T0008935,C00437,P0180,2,363.78,Israel,2024-11-03
T0008936,C00993,P0142,2,62.9,Israel,2024-06-18
T0008937,C00200,P0048,1,296.43,Germany,2024-03-24
T0008938,C00027,P0067,2,275.44,USA,2024-05-26
T0008939,C01722,P0134,1,207.31,Israel,2024-05-19
T0008940,C00453,P0156,2,264.14,Brazil,2024-07-16
T0008941,C01138,P0032,3,397.8,USA,2024-04-20
T0008942,C01635,P0117,1,175.46,France,2024-02-16
T0008943,C01759,P0062,2,181.72,Canada,2024-04-21
T0008944,C00726,P0117,1,167.46,Israel,2024-10-15
T0008945,C01137,P0021,1,149.87,Canada,2024-08-16
T0008946,C00943,P0134,1,207.18,Japan,2024-01-04
T0008947,C01594,P0094,5,252.04,Spain,2024-11-23
T0008948,C01247,P0129,4,32.08,USA,2024-08-19
T0008949,C00839,P0048,1,349.77,Brazil,2024-12-21
T0008950,C00264,P0198,4,373.65,Italy,2024-08-21
T0008951,C01853,P0185,3,360.38,Germany,2024-04-25
T0008952,C01334,P0136,1,141.75,Germany,2024-05-24
T0008953,C00870,P0004,3,191.03,Spain,2024-07-13
T0008954,C01033,P0048,3,332.49,Canada,2024-08-20
T0008955,C01383,P0019,3,191.5,USA,2024-01-17
T0008956,C01835,P0176,2,167.51,UK,2024-02-21
T0008957,C00021,P0109,2,52.86,Italy,2024-01-25
T0008958,C00013,P0091,1,63.01,France,2024-04-09
T0008959,C00673,P0129,3,36.91,UK,2024-08-10
T0008960,C00912,P0197,1,211.18,Italy,2024-01-23
T0008961,C01108,P0045,3,63.53,UK,2024-06-27
T0008962,C00471,P0103,4,380.23,Japan,2024-09-06
T0008963,C01170,P0076,5,299.56,USA,2024-10-28
T0008964,C01784,P0114,4,390.08,Brazil,2024-10-04
T0008965,C01731,P0185,3,369.09,USA,2024-02-19
T0008966,C00912,P0101,5,428.02,Japan,2024-12-03
T0008967,C00581,P0184,2,442.72,Canada,2024-07-12
T0008968,C00389,P0192,5,218.8,USA,2024-06-26
T0008969,C01838,P0084,1,266.18,Israel,2024-12-01
T0008970,C01766,P0175,3,242.1,Germany,2024-08-15
T0008971,C01996,P0066,3,302.03,USA,2024-03-06
T0008972,C00124,P0136,2,157.32,Spain,2024-03-28
T0008973,C01691,P0105,1,167.59,UK,2024-06-15
T0008974,C00722,P0057,5,106.09,Brazil,2024-06-16
T0008975,C01733,P0019,4,222.85,Japan,2024-01-23
T0008976,C00203,P0054,3,219.67,France,2024-08-05
T0008977,C00663,P0083,1,281.17,Brazil,2024-04-24
T0008978,C00041,P0138,5,48.87,Spain,2024-09-19
T0008979,C01868,P0084,2,249.33,Spain,2024-04-04
T0008980,C01933,P0000,5,185.93,Brazil,2024-08-16
T0008981,C00286,P0136,4,139.65,Japan,2024-03-30
T0008982,C01399,P0048,4,306.82,Canada,2024-09-10
T0008983,C00513,P0017,1,261.05,Canada,2024-02-12
T0008984,C00236,P0099,3,184.55,Germany,2024-02-06
T0008985,C00314,P0125,2,126.08,UK,2024-03-23
T0008986,C00824,P0046,2,366.01,Brazil,2024-03-08
T0008987,C01852,P0003,1,314.12,UK,2024-04-29
T0008988,C00824,P0056,1,324.63,Canada,2024-08-04
T0008989,C01871,P0033,1,343.0,Japan,2024-01-17
T0008990,C01191,P0080,1,52.98,Spain,2024-02-05
T0008991,C00702,P0014,2,260.11,UK,2024-01-05
T0008992,C00678,P0156,5,240.38,Italy,2024-05-17
T0008993,C01700,P0170,3,398.22,Italy,2024-06-02
T0008994,C01292,P0152,3,383.21,Canada,2024-02-01
T0008995,C01434,P0090,1,156.87,USA,2024-04-30
T0008996,C01500,P0171,3,408.46,France,2024-09-21
T0008997,C00789,P0117,4,183.85,Brazil,2024-09-24
T0008998,C01841,P0044,3,325.79,Spain,2024-09-30
T0008999,C01044,P0156,1,253.67,France,2024-10-29
T0009000,C00219,P0180,1,342.09,France,2024-11-16
T0009001,C01079,P0115,3,383.87,Japan,2024-02-20
T0009002,C00773,P0034,3,162.04,Canada,2024-03-21
T0009003,C01066,P0029,5,247.06,USA,2024-10-09
T0009004,C01086,P0029,2,271.71,Italy,2024-03-27
T0009005,C00411,P0117,1,179.65,USA,2024-07-26
T0009006,C00549,P0017,5,274.43,Canada,2024-07-31
T0009007,C00896,P0048,4,294.63,Italy,2024-01-08
T0009008,C01409,P0083,4,261.21,Israel,2024-03-05
T0009009,C00503,P0052,3,407.88,USA,2024-09-04
T0009010,C01878,P0146,4,255.02,Germany,2024-12-05
T0009011,C01776,P0113,1,325.12,UK,2024-01-06
T0009012,C00420,P0152,2,340.53,USA,2024-09-24
T0009013,C00673,P0102,1,124.86,UK,2024-03-20
T0009014,C01399,P0005,1,125.41,France,2024-10-10
T0009015,C00369,P0164,5,284.29,UK,2024-05-19
T0009016,C00353,P0137,3,219.46,USA,2024-09-28
T0009017,C00238,P0108,2,444.27,Canada,2024-04-17
T0009018,C00774,P0161,3,235.06,France,2024-09-03
T0009019,C00648,P0019,2,201.32,USA,2024-06-14
T0009020,C01740,P0140,2,230.38,Brazil,2024-01-08
T0009021,C01323,P0150,1,205.75,Japan,2024-01-01
T0009022,C01281,P0047,2,246.9,Canada,2024-04-27
T0009023,C01453,P0115,4,344.79,France,2024-06-19
T0009024,C00858,P0103,3,375.49,Canada,2024-11-08
T0009025,C01882,P0134,4,201.89,USA,2024-05-20
T0009026,C01903,P0019,5,235.14,France,2024-06-11
T0009027,C01231,P0177,1,142.27,Brazil,2024-03-28
T0009028,C01364,P0129,1,36.49,Spain,2024-09-05
T0009029,C01375,P0131,5,113.04,Germany,2024-06-28
T0009030,C01071,P0049,4,323.65,Germany,2024-07-14
T0009031,C01979,P0129,3,34.96,UK,2024-03-25
T0009032,C00893,P0059,4,327.82,Spain,2024-05-09
T0009033,C01499,P0114,3,424.58,USA,2024-01-25
T0009034,C00497,P0175,2,240.64,Japan,2024-05-14
T0009035,C00457,P0059,4,342.39,Canada,2024-12-31
T0009036,C00833,P0142,1,59.04,Israel,2024-10-27
T0009037,C01881,P0071,5,77.07,USA,2024-09-02
T0009038,C01731,P0076,2,306.32,Israel,2024-03-24
T0009039,C01081,P0185,2,326.5,USA,2024-04-30
T0009040,C01184,P0019,4,220.76,UK,2024-09-19
T0009041,C00328,P0025,2,330.4,Brazil,2024-10-31
T0009042,C00894,P0140,3,249.76,Germany,2024-12-03
T0009043,C01388,P0177,5,144.67,France,2024-10-03
T0009044,C00635,P0035,4,22.72,USA,2024-01-26
T0009045,C00152,P0185,2,362.79,France,2024-08-20
T0009046,C01681,P0040,1,399.26,USA,2024-11-19
T0009047,C00469,P0141,5,181.99,Israel,2024-09-17
T0009048,C00702,P0045,3,59.8,USA,2024-06-16
T0009049,C00185,P0142,1,64.01,Brazil,2024-08-29
T0009050,C00269,P0125,3,116.24,Italy,2024-07-17
T0009051,C00722,P0109,3,47.83,Japan,2024-04-08
T0009052,C00717,P0062,4,162.09,USA,2024-06-23
T0009053,C01553,P0013,5,127.17,Spain,2024-08-16
T0009054,C01234,P0090,2,179.74,Brazil,2024-03-10
T0009055,C01318,P0193,1,209.22,USA,2024-12-11
T0009056,C01539,P0109,4,50.05,Israel,2024-05-01
T0009057,C00780,P0113,3,321.73,Spain,2024-08-13
T0009058,C01977,P0086,4,55.05,Spain,2024-07-12
T0009059,C01609,P0046,5,369.71,Brazil,2024-09-19
T0009060,C01064,P0077,2,70.35,Germany,2024-09-27
T0009061,C00697,P0158,2,282.93,Germany,2024-07-25
T0009062,C00739,P0194,1,382.03,UK,2024-07-13
T0009063,C00498,P0084,3,264.57,Canada,2024-03-31
T0009064,C01730,P0013,4,126.8,Japan,2024-12-27
T0009065,C00227,P0185,3,330.05,UK,2024-02-15
T0009066,C01922,P0045,1,55.09,Italy,2024-01-27
T0009067,C00436,P0096,1,388.53,Brazil,2024-10-16
T0009068,C01887,P0067,1,280.97,Brazil,2024-08-02
T0009069,C00317,P0195,1,126.4,Spain,2024-06-08
T0009070,C00021,P0148,2,295.21,France,2024-02-08
T0009071,C01719,P0136,4,134.65,USA,2024-05-07
T0009072,C00641,P0196,3,96.56,Brazil,2024-06-24
T0009073,C01746,P0067,2,260.36,France,2024-02-28
T0009074,C00040,P0125,4,135.61,Israel,2024-03-02
T0009075,C00137,P0061,2,440.74,Germany,2024-05-06
T0009076,C00682,P0086,3,50.98,Brazil,2024-08-18
T0009077,C01212,P0045,1,62.07,Brazil,2024-10-29
T0009078,C01357,P0187,5,397.94,Israel,2024-09-10
T0009079,C00501,P0054,4,227.26,Israel,2024-02-15
T0009080,C00505,P0110,1,53.56,Canada,2024-12-05
T0009081,C01347,P0116,4,69.4,Brazil,2024-07-27
T0009082,C00421,P0117,5,175.16,Italy,2024-04-23
T0009083,C01635,P0075,3,342.51,Italy,2024-11-30
T0009084,C00997,P0028,1,427.86,UK,2024-03-23
T0009085,C01961,P0166,3,297.7,Spain,2024-08-28
T0009086,C01731,P0103,2,398.18,France,2024-11-04
T0009087,C00192,P0186,5,377.57,Germany,2024-06-22
T0009088,C00265,P0109,3,52.58,France,2024-07-12
T0009089,C01700,P0177,4,126.88,USA,2024-09-21
T0009090,C01266,P0177,4,134.46,Brazil,2024-05-14
T0009091,C01376,P0048,1,354.07,Israel,2024-07-21
T0009092,C00768,P0013,4,138.24,Germany,2024-02-24
T0009093,C00380,P0180,1,409.83,Brazil,2024-12-06
T0009094,C00581,P0013,4,115.39,Brazil,2024-02-02
T0009095,C00241,P0071,3,82.58,Spain,2024-10-10
T0009096,C00274,P0185,1,361.54,Israel,2024-05-02
T0009097,C01094,P0010,2,436.42,France,2024-07-24
T0009098,C01279,P0156,4,255.14,USA,2024-09-20
T0009099,C00610,P0019,2,235.25,Canada,2024-03-25
T0009100,C01231,P0077,3,79.0,Canada,2024-07-15
T0009101,C01568,P0080,3,48.79,Canada,2024-10-12
T0009102,C00051,P0168,5,107.9,Spain,2024-04-12
T0009103,C00324,P0057,5,101.4,Spain,2024-12-12
T0009104,C01978,P0136,2,143.78,USA,2024-02-04
T0009105,C00382,P0081,2,116.41,UK,2024-08-24
T0009106,C01149,P0180,2,382.55,Spain,2024-09-28
T0009107,C01487,P0130,3,247.39,Brazil,2024-05-22
T0009108,C00553,P0148,1,312.43,France,2024-01-19
T0009109,C01988,P0175,5,253.16,Germany,2024-07-17
T0009110,C00194,P0070,5,19.13,USA,2024-10-18
T0009111,C00713,P0176,2,185.99,Germany,2024-06-09
T0009112,C00892,P0009,3,19.13,Brazil,2024-01-19
T0009113,C01685,P0124,1,321.65,USA,2024-01-02
T0009114,C00101,P0101,2,428.56,USA,2024-03-21
T0009115,C00051,P0084,1,244.04,Brazil,2024-07-18
T0009116,C01691,P0180,1,397.32,Brazil,2024-12-25
T0009117,C00348,P0009,3,21.08,Israel,2024-08-04
T0009118,C00203,P0010,1,474.52,Italy,2024-01-16
T0009119,C01941,P0180,1,376.68,Brazil,2024-05-27
T0009120,C01236,P0185,5,390.39,France,2024-05-02
T0009121,C00137,P0057,3,99.06,UK,2024-06-03
T0009122,C00961,P0057,5,102.99,France,2024-07-25
T0009123,C00267,P0150,4,215.05,Spain,2024-09-17
T0009124,C01636,P0013,2,130.79,USA,2024-05-18
T0009125,C01887,P0194,3,408.54,UK,2024-04-27
T0009126,C01003,P0054,3,218.64,Israel,2024-12-26
T0009127,C01856,P0017,3,242.1,UK,2024-04-05
T0009128,C00261,P0057,2,97.69,Spain,2024-03-11
T0009129,C00828,P0054,5,234.29,Canada,2024-09-07
T0009130,C00368,P0059,2,353.68,Italy,2024-02-26
T0009131,C00682,P0185,3,397.06,Germany,2024-05-06
T0009132,C00825,P0068,5,87.0,Italy,2024-01-12
T0009133,C00121,P0110,2,55.26,UK,2024-07-04
T0009134,C00548,P0185,2,356.82,Italy,2024-06-07
T0009135,C00662,P0117,2,167.38,Canada,2024-06-04
T0009136,C00565,P0185,2,391.6,France,2024-02-21
T0009137,C00642,P0113,4,349.37,Israel,2024-07-01
T0009138,C01509,P0146,3,216.76,Germany,2024-07-31
T0009139,C01622,P0164,3,316.38,UK,2024-05-16
T0009140,C01072,P0075,5,389.29,Brazil,2024-01-28
T0009141,C00536,P0194,2,451.03,Canada,2024-04-03
T0009142,C00473,P0077,1,75.9,UK,2024-04-11
T0009143,C00713,P0192,5,233.25,Spain,2024-08-24
T0009144,C00317,P0156,5,257.0,Canada,2024-06-27
T0009145,C01814,P0089,3,156.96,Israel,2024-07-29
T0009146,C00838,P0194,2,408.58,Israel,2024-03-22
T0009147,C00362,P0035,4,19.07,Canada,2024-03-10
T0009148,C01079,P0103,2,353.97,Brazil,2024-04-29
T0009149,C00145,P0117,5,178.93,Japan,2024-03-08
T0009150,C01043,P0024,2,419.83,Germany,2024-05-29
T0009151,C00763,P0180,4,388.67,Spain,2024-08-13
T0009152,C01500,P0129,4,34.6,Brazil,2024-01-04
T0009153,C00564,P0134,2,216.06,Italy,2024-01-14
T0009154,C01471,P0048,5,328.44,UK,2024-03-07
T0009155,C01651,P0057,1,105.31,Italy,2024-05-02
T0009156,C00732,P0138,1,56.82,Canada,2024-08-08
T0009157,C01626,P0197,4,235.83,Spain,2024-01-27
T0009158,C00864,P0171,3,395.41,Spain,2024-01-24
T0009159,C00294,P0190,3,387.12,Japan,2024-09-29
T0009160,C01619,P0057,4,93.71,Brazil,2024-11-09
T0009161,C01486,P0122,3,218.14,Japan,2024-06-05
T0009162,C01038,P0180,2,395.94,Spain,2024-11-30
T0009163,C00437,P0194,1,362.13,Israel,2024-08-12
T0009164,C00213,P0050,3,254.99,USA,2024-03-21
T0009165,C01920,P0141,4,212.23,Brazil,2024-03-24
T0009166,C00112,P0046,1,371.77,France,2024-09-20
T0009167,C00326,P0113,5,347.62,Canada,2024-04-16
T0009168,C01576,P0150,2,212.77,Italy,2024-12-02
T0009169,C01353,P0096,5,330.9,USA,2024-01-01
T0009170,C00135,P0019,2,198.02,Israel,2024-01-31
T0009171,C00373,P0103,5,338.6,Japan,2024-04-08
T0009172,C00359,P0168,4,110.66,Japan,2024-05-01
T0009173,C00129,P0073,4,181.63,France,2024-07-01
T0009174,C01897,P0103,5,346.8,Israel,2024-04-22
T0009175,C00012,P0141,5,177.63,USA,2024-08-26
T0009176,C01238,P0106,1,77.85,Japan,2024-11-25
T0009177,C00990,P0125,3,123.41,Brazil,2024-04-28
T0009178,C01392,P0101,2,409.74,Brazil,2024-12-11
T0009179,C01743,P0187,3,372.99,France,2024-09-23
T0009180,C00033,P0101,3,480.88,UK,2024-11-22
T0009181,C00640,P0185,2,322.83,UK,2024-01-12
T0009182,C01266,P0177,1,146.98,France,2024-04-25
T0009183,C01163,P0008,5,387.15,Japan,2024-02-13
T0009184,C00553,P0191,5,33.74,Israel,2024-01-17
T0009185,C00748,P0061,1,436.99,UK,2024-05-23
T0009186,C00659,P0082,2,111.3,Italy,2024-11-15
T0009187,C01488,P0166,5,283.95,Spain,2024-05-24
T0009188,C01760,P0180,5,381.29,Spain,2024-11-02
T0009189,C00342,P0109,5,46.35,Canada,2024-06-09
T0009190,C00650,P0087,5,112.07,Brazil,2024-11-14
T0009191,C00109,P0085,4,113.25,Canada,2024-10-01
T0009192,C01684,P0046,1,310.93,France,2024-11-11
T0009193,C01107,P0192,3,249.83,Spain,2024-07-02
T0009194,C01105,P0186,2,363.59,Spain,2024-07-21
T0009195,C00571,P0013,3,115.12,Israel,2024-02-14
T0009196,C01578,P0077,5,73.06,Italy,2024-12-18
T0009197,C01277,P0016,2,383.49,Spain,2024-11-22
T0009198,C01024,P0084,1,223.51,Brazil,2024-01-06
T0009199,C00988,P0042,5,116.06,USA,2024-12-07
T0009200,C00925,P0129,5,33.44,Italy,2024-04-16
T0009201,C00968,P0084,1,234.57,France,2024-12-05
T0009202,C01003,P0074,4,115.23,Germany,2024-09-15
T0009203,C01942,P0043,4,13.51,USA,2024-09-27
T0009204,C01895,P0136,1,161.51,Canada,2024-04-26
T0009205,C00454,P0156,1,240.95,Japan,2024-03-06
T0009206,C00651,P0140,1,218.51,Japan,2024-04-05
T0009207,C01243,P0077,5,79.34,Canada,2024-05-21
T0009208,C00110,P0046,5,340.73,Japan,2024-02-14
T0009209,C01446,P0136,4,140.05,Israel,2024-09-03
T0009210,C01386,P0141,4,215.44,Canada,2024-12-03
T0009211,C01403,P0019,3,209.1,France,2024-03-22
T0009212,C00113,P0031,5,338.98,Israel,2024-11-08
T0009213,C01634,P0119,3,134.53,Germany,2024-09-08
T0009214,C01329,P0075,5,372.01,Israel,2024-08-08
T0009215,C00925,P0178,3,299.66,Germany,2024-12-12
T0009216,C01459,P0194,3,389.98,Brazil,2024-10-27
T0009217,C00889,P0156,2,259.58,France,2024-07-19
T0009218,C01398,P0052,4,416.94,France,2024-09-25
T0009219,C00474,P0196,1,90.32,Spain,2024-01-26
T0009220,C00697,P0086,5,59.54,UK,2024-05-12
T0009221,C00906,P0180,1,343.71,Japan,2024-03-10
T0009222,C01794,P0192,3,253.06,France,2024-08-30
T0009223,C00779,P0036,4,189.99,Spain,2024-03-23
T0009224,C01457,P0075,2,371.93,UK,2024-04-16
T0009225,C01043,P0084,4,255.66,France,2024-09-19
T0009226,C00336,P0084,5,232.51,Israel,2024-10-23
T0009227,C00052,P0140,2,209.82,France,2024-12-02
T0009228,C01587,P0099,2,195.29,UK,2024-08-24
T0009229,C01865,P0187,3,389.66,Italy,2024-10-03
T0009230,C01868,P0027,4,199.34,Japan,2024-09-08
T0009231,C01696,P0054,3,256.92,France,2024-08-24
T0009232,C01179,P0113,2,375.44,UK,2024-05-29
T0009233,C00185,P0141,1,199.18,Germany,2024-10-31
T0009234,C01147,P0077,4,69.22,Spain,2024-04-16
T0009235,C00559,P0024,1,394.67,Spain,2024-03-02
T0009236,C00342,P0156,3,236.68,Italy,2024-08-30
T0009237,C01823,P0017,5,228.62,France,2024-05-12
T0009238,C01462,P0028,5,417.21,Spain,2024-12-16
T0009239,C00910,P0088,1,88.37,France,2024-05-29
T0009240,C01452,P0140,2,212.15,Canada,2024-03-19
T0009241,C01925,P0168,1,106.94,Canada,2024-11-22
T0009242,C00492,P0115,3,330.94,Germany,2024-10-11
T0009243,C01223,P0077,3,73.09,Germany,2024-08-19
T0009244,C01167,P0088,2,89.24,UK,2024-11-13
T0009245,C00766,P0049,3,335.97,UK,2024-12-24
T0009246,C00264,P0046,5,314.93,France,2024-10-27
T0009247,C01881,P0057,3,109.67,Italy,2024-04-20
T0009248,C01955,P0010,2,413.09,Brazil,2024-04-29
T0009249,C01155,P0106,2,77.71,UK,2024-01-28
T0009250,C01072,P0042,5,113.36,Israel,2024-01-18
T0009251,C00888,P0075,5,362.29,France,2024-10-22
T0009252,C00589,P0047,4,257.5,Canada,2024-11-02
T0009253,C00030,P0136,5,164.11,France,2024-10-29
T0009254,C00527,P0086,3,60.96,UK,2024-03-01
T0009255,C01625,P0054,2,246.87,Japan,2024-07-12
T0009256,C00432,P0019,3,238.4,Canada,2024-12-12
T0009257,C00022,P0090,4,188.71,USA,2024-10-21
T0009258,C01348,P0173,2,135.98,Brazil,2024-10-28
T0009259,C01543,P0012,2,249.62,Israel,2024-07-12
T0009260,C00037,P0074,1,117.21,Israel,2024-07-11
T0009261,C00907,P0188,2,402.37,Israel,2024-09-29
T0009262,C01788,P0108,2,401.65,UK,2024-08-16
T0009263,C00810,P0045,4,53.63,Spain,2024-11-27
T0009264,C01978,P0180,4,401.33,Brazil,2024-10-26
T0009265,C00627,P0054,4,227.12,UK,2024-10-12
T0009266,C00492,P0102,1,116.75,UK,2024-04-25
T0009267,C00601,P0108,2,415.14,Brazil,2024-05-10
T0009268,C01037,P0125,2,136.74,Spain,2024-03-22
T0009269,C01140,P0045,5,52.36,UK,2024-04-25
T0009270,C01075,P0035,1,18.92,UK,2024-05-06
T0009271,C01501,P0076,1,250.0,Spain,2024-11-07
T0009272,C00698,P0150,4,201.35,UK,2024-07-20
T0009273,C00627,P0019,1,208.76,USA,2024-10-16
T0009274,C00815,P0161,2,257.23,Germany,2024-09-20
T0009275,C01960,P0076,5,270.63,Japan,2024-06-07
T0009276,C00019,P0120,2,159.98,UK,2024-09-14
T0009277,C01692,P0096,1,339.39,Germany,2024-02-05
T0009278,C01870,P0066,1,333.78,France,2024-05-08
T0009279,C00678,P0116,3,79.15,Germany,2024-07-07
T0009280,C01439,P0179,5,213.55,France,2024-01-24
T0009281,C01587,P0194,4,446.94,USA,2024-02-09
T0009282,C01560,P0128,3,380.55,Canada,2024-11-11
T0009283,C00052,P0176,3,169.8,UK,2024-09-23
T0009284,C01029,P0099,3,202.84,Israel,2024-10-16
T0009285,C01259,P0175,5,251.83,Israel,2024-08-10
T0009286,C01834,P0075,2,356.51,UK,2024-08-09
T0009287,C00478,P0196,1,96.03,UK,2024-09-17
T0009288,C01114,P0129,1,34.58,Spain,2024-01-13
T0009289,C01221,P0093,2,35.7,Spain,2024-10-24
T0009290,C01380,P0036,5,183.1,Italy,2024-03-29
T0009291,C00830,P0047,5,240.04,Japan,2024-11-09
T0009292,C01193,P0129,3,32.32,Italy,2024-03-16
T0009293,C00844,P0036,2,186.02,Germany,2024-01-22
T0009294,C01590,P0084,3,253.06,France,2024-06-22
T0009295,C01729,P0046,2,346.93,Spain,2024-02-24
T0009296,C00705,P0134,4,195.06,UK,2024-02-18
T0009297,C01422,P0046,4,325.04,Italy,2024-04-09
T0009298,C00569,P0140,2,254.78,Canada,2024-03-13
T0009299,C00588,P0194,4,396.27,UK,2024-04-01
T0009300,C01557,P0023,3,488.13,Israel,2024-04-03
T0009301,C00510,P0177,2,123.87,France,2024-02-06
T0009302,C00938,P0010,5,411.65,USA,2024-07-02
T0009303,C01743,P0034,2,154.66,Italy,2024-09-10
T0009304,C01039,P0124,3,331.85,France,2024-02-16
T0009305,C01736,P0113,1,328.55,USA,2024-12-02
T0009306,C01819,P0036,1,190.22,UK,2024-02-18
T0009307,C01865,P0185,1,383.76,Spain,2024-05-16
T0009308,C00165,P0046,5,348.17,UK,2024-10-06
T0009309,C00757,P0120,4,145.4,Japan,2024-01-27
T0009310,C00172,P0137,1,233.64,Brazil,2024-08-06
T0009311,C00910,P0013,5,115.69,Israel,2024-03-01
T0009312,C01440,P0129,3,37.05,France,2024-04-03
T0009313,C00848,P0190,1,379.37,Brazil,2024-09-16
T0009314,C01174,P0180,2,395.91,USA,2024-10-14
T0009315,C00916,P0101,3,412.88,Brazil,2024-06-14
T0009316,C01338,P0013,4,126.85,Spain,2024-08-16
T0009317,C00840,P0058,1,277.35,Italy,2024-04-15
T0009318,C00394,P0046,5,318.18,Brazil,2024-06-23
T0009319,C00644,P0122,4,233.16,UK,2024-12-28
T0009320,C01511,P0065,2,238.44,France,2024-10-13
T0009321,C00599,P0132,1,283.72,Italy,2024-05-14
T0009322,C01977,P0126,1,366.51,Japan,2024-04-26
T0009323,C00687,P0162,5,453.43,Japan,2024-05-30
T0009324,C00039,P0103,3,396.28,Canada,2024-01-06
T0009325,C01251,P0156,3,221.52,France,2024-07-04
T0009326,C00405,P0108,5,417.16,Italy,2024-02-25
T0009327,C00798,P0146,3,249.81,Japan,2024-03-23
T0009328,C00650,P0129,2,36.1,France,2024-11-26
T0009329,C00739,P0054,5,248.38,UK,2024-10-12
T0009330,C01415,P0109,3,49.17,Japan,2024-06-24
T0009331,C01327,P0046,1,316.64,Canada,2024-12-06
T0009332,C00020,P0080,5,45.81,Germany,2024-06-28
T0009333,C01940,P0119,4,122.06,Germany,2024-12-03
T0009334,C01618,P0175,2,235.04,Japan,2024-01-02
T0009335,C01742,P0180,2,362.76,Italy,2024-07-14
T0009336,C01091,P0157,3,64.16,Italy,2024-05-15
T0009337,C00573,P0185,4,346.13,Italy,2024-08-29
T0009338,C00263,P0049,3,282.28,France,2024-12-20
T0009339,C00385,P0054,1,246.41,France,2024-11-26
T0009340,C00333,P0046,3,342.56,Brazil,2024-09-02
T0009341,C01680,P0180,5,353.61,Brazil,2024-09-20
T0009342,C00649,P0193,2,169.64,Germany,2024-07-30
T0009343,C00935,P0086,1,62.3,Israel,2024-04-08
T0009344,C00047,P0046,3,315.84,Brazil,2024-07-03
T0009345,C00211,P0113,5,360.07,Canada,2024-05-03
T0009346,C01731,P0054,1,208.45,Japan,2024-02-26
T0009347,C01313,P0185,3,359.86,Canada,2024-07-25
T0009348,C00194,P0095,3,197.08,Italy,2024-02-15
T0009349,C01101,P0075,2,320.75,UK,2024-09-17
T0009350,C00136,P0077,4,71.59,Italy,2024-05-26
T0009351,C00481,P0116,3,80.19,Canada,2024-12-22
T0009352,C00896,P0181,3,312.2,Canada,2024-06-13
T0009353,C01173,P0140,1,239.84,Germany,2024-07-17
T0009354,C00459,P0119,1,132.12,Canada,2024-03-09
T0009355,C01507,P0131,5,120.32,France,2024-08-13
T0009356,C01511,P0054,1,251.62,Brazil,2024-09-18
T0009357,C01432,P0156,4,242.46,UK,2024-08-03
T0009358,C01711,P0054,2,218.13,UK,2024-02-08
T0009359,C00793,P0064,4,127.79,Japan,2024-03-21
T0009360,C00540,P0009,1,22.47,UK,2024-05-26
T0009361,C00137,P0136,5,143.58,USA,2024-08-01
T0009362,C00881,P0103,2,400.33,Israel,2024-05-15
T0009363,C00380,P0140,2,232.65,Japan,2024-10-02
T0009364,C01540,P0060,1,396.55,Israel,2024-06-30
T0009365,C01406,P0197,4,228.35,Italy,2024-10-12
T0009366,C01987,P0070,2,18.68,Germany,2024-12-09
T0009367,C01024,P0099,5,167.57,Italy,2024-01-13
T0009368,C01086,P0025,1,293.18,Germany,2024-12-10
T0009369,C00761,P0103,3,359.4,Spain,2024-04-13
T0009370,C01020,P0103,3,381.07,UK,2024-01-02
T0009371,C00055,P0180,4,366.31,Spain,2024-01-07
T0009372,C00964,P0075,3,337.24,Italy,2024-09-25
T0009373,C01589,P0194,3,370.64,Canada,2024-02-16
T0009374,C00414,P0134,4,188.66,France,2024-04-25
T0009375,C01882,P0113,1,362.22,Spain,2024-05-11
T0009376,C00370,P0129,2,31.51,USA,2024-09-09
T0009377,C00322,P0129,4,33.15,Brazil,2024-06-06
T0009378,C01175,P0045,1,58.61,UK,2024-04-04
T0009379,C01219,P0054,2,245.65,UK,2024-12-14
T0009380,C00791,P0136,2,142.17,Italy,2024-07-20
T0009381,C01779,P0156,4,221.6,Italy,2024-05-07
T0009382,C01131,P0088,1,86.55,Germany,2024-09-30
T0009383,C01982,P0078,4,405.05,UK,2024-06-16
T0009384,C00539,P0194,1,390.03,Italy,2024-10-19
T0009385,C01686,P0013,4,130.7,UK,2024-09-26
T0009386,C00433,P0136,3,138.02,Brazil,2024-06-06
T0009387,C01601,P0046,1,313.22,France,2024-04-22
T0009388,C01890,P0153,5,381.31,Israel,2024-04-09
T0009389,C00899,P0184,4,475.91,Japan,2024-12-06
T0009390,C01949,P0180,3,375.54,Spain,2024-11-21
T0009391,C01834,P0005,2,113.59,Israel,2024-11-22
T0009392,C01279,P0119,4,128.27,Japan,2024-09-01
T0009393,C00713,P0102,1,103.57,Brazil,2024-12-26
T0009394,C01213,P0193,5,196.8,Canada,2024-11-30
T0009395,C00585,P0197,3,202.88,Spain,2024-08-24
T0009396,C01227,P0184,3,436.23,Spain,2024-10-20
T0009397,C00293,P0096,3,329.25,USA,2024-06-04
T0009398,C01575,P0102,1,116.72,UK,2024-02-10
T0009399,C00510,P0115,4,310.39,Spain,2024-09-13
T0009400,C00328,P0184,5,419.7,Japan,2024-11-25
T0009401,C01253,P0177,3,143.13,Germany,2024-02-15
T0009402,C01873,P0113,4,374.37,Japan,2024-10-27
T0009403,C01716,P0013,4,120.41,Spain,2024-12-08
T0009404,C00848,P0048,1,341.51,Canada,2024-03-16
T0009405,C01805,P0180,3,363.34,Israel,2024-11-11
T0009406,C01570,P0199,1,356.7,Israel,2024-12-19
T0009407,C00526,P0157,5,59.28,Canada,2024-02-21
T0009408,C00643,P0131,5,100.18,Japan,2024-08-20
T0009409,C00359,P0147,3,423.87,Japan,2024-11-30
T0009410,C01145,P0154,2,45.21,Spain,2024-01-24
T0009411,C00194,P0113,1,346.6,Brazil,2024-12-21
T0009412,C01488,P0125,1,132.79,USA,2024-07-05
T0009413,C01073,P0070,4,19.65,Italy,2024-11-13
T0009414,C00156,P0096,3,370.36,Israel,2024-01-09
T0009415,C01283,P0016,1,332.43,UK,2024-06-09
T0009416,C00674,P0019,2,210.35,Germany,2024-03-03
T0009417,C00866,P0195,5,120.74,Israel,2024-01-23
T0009418,C01860,P0194,1,446.03,Germany,2024-02-22
T0009419,C00787,P0113,2,380.66,Brazil,2024-09-04
T0009420,C01326,P0046,4,354.51,Israel,2024-10-19
T0009421,C00349,P0130,2,216.58,Italy,2024-10-25
T0009422,C00550,P0077,2,75.12,Germany,2024-02-22
T0009423,C00489,P0034,2,155.06,Spain,2024-03-13
T0009424,C00635,P0040,3,347.52,Canada,2024-05-09
T0009425,C01225,P0190,1,397.02,Canada,2024-04-17
T0009426,C01475,P0078,2,394.9,USA,2024-02-21
T0009427,C01743,P0080,2,52.34,UK,2024-06-17
T0009428,C00435,P0140,2,245.89,Italy,2024-05-29
T0009429,C00592,P0109,5,47.56,Japan,2024-03-27
T0009430,C00019,P0160,3,275.11,Japan,2024-07-15
T0009431,C00320,P0156,1,249.38,Canada,2024-12-09
T0009432,C01609,P0196,1,101.83,Spain,2024-02-10
T0009433,C01256,P0113,3,349.53,France,2024-12-19
T0009434,C00463,P0190,5,369.87,Brazil,2024-12-31
T0009435,C01104,P0131,3,102.79,Israel,2024-02-15
T0009436,C01418,P0069,1,166.82,Canada,2024-02-29
T0009437,C01614,P0199,1,360.14,Germany,2024-04-12
T0009438,C01838,P0163,5,56.37,Italy,2024-04-10
T0009439,C00413,P0190,2,345.52,USA,2024-11-10
T0009440,C00072,P0077,4,68.75,Brazil,2024-10-23
T0009441,C00442,P0145,2,278.62,Japan,2024-04-25
T0009442,C00546,P0180,2,395.92,Canada,2024-08-13
T0009443,C00165,P0077,1,66.27,France,2024-03-12
T0009444,C00436,P0084,1,263.66,Canada,2024-08-24
T0009445,C01087,P0046,1,343.26,Japan,2024-09-20
T0009446,C00163,P0032,3,424.96,France,2024-04-08
T0009447,C01896,P0103,1,384.13,Israel,2024-04-28
T0009448,C01100,P0131,2,113.23,Israel,2024-08-12
T0009449,C01073,P0190,2,405.61,Germany,2024-01-14
T0009450,C01435,P0125,4,138.01,Canada,2024-06-06
T0009451,C00832,P0131,3,100.0,Germany,2024-07-26
T0009452,C00132,P0046,3,362.17,Italy,2024-09-29
T0009453,C01853,P0045,1,62.06,Canada,2024-01-17
T0009454,C00834,P0197,4,248.02,USA,2024-04-18
T0009455,C00861,P0185,4,372.59,France,2024-01-24
T0009456,C01497,P0185,5,367.18,Canada,2024-02-01
T0009457,C01491,P0096,2,326.2,France,2024-02-18
T0009458,C01068,P0156,1,237.12,Brazil,2024-07-23
T0009459,C00406,P0134,5,223.82,Canada,2024-10-27
T0009460,C00419,P0159,1,185.76,USA,2024-09-02
T0009461,C01304,P0085,3,136.11,Brazil,2024-09-23
T0009462,C00594,P0185,1,330.04,UK,2024-01-13
T0009463,C01470,P0125,5,140.67,Spain,2024-04-21
T0009464,C00569,P0065,4,283.3,Israel,2024-04-03
T0009465,C01162,P0028,1,416.05,France,2024-12-12
T0009466,C00830,P0150,1,182.37,Italy,2024-07-30
T0009467,C01187,P0129,2,37.33,USA,2024-10-16
T0009468,C01163,P0057,3,107.65,Brazil,2024-11-01
T0009469,C01763,P0047,3,274.82,Italy,2024-01-14
T0009470,C00026,P0084,1,274.02,Canada,2024-07-27
T0009471,C01613,P0167,4,334.32,Japan,2024-05-17
T0009472,C01675,P0134,2,202.31,UK,2024-04-02
T0009473,C00561,P0102,2,127.32,Brazil,2024-09-29
T0009474,C00329,P0064,5,127.42,Japan,2024-12-12
T0009475,C01125,P0059,3,349.34,USA,2024-01-22
T0009476,C01917,P0047,1,249.58,Italy,2024-09-12
T0009477,C01349,P0004,2,188.73,France,2024-02-25
T0009478,C01143,P0103,1,388.74,USA,2024-05-06
T0009479,C01828,P0190,4,376.35,France,2024-01-14
T0009480,C00416,P0109,1,52.0,Canada,2024-06-13
T0009481,C01212,P0140,1,245.3,UK,2024-02-19
T0009482,C00414,P0046,3,368.44,Canada,2024-11-13
T0009483,C00639,P0167,2,328.39,Brazil,2024-06-22
T0009484,C01341,P0000,5,198.83,Brazil,2024-01-17
T0009485,C00123,P0153,3,425.68,Italy,2024-03-26
T0009486,C00779,P0113,4,367.09,Spain,2024-02-21
T0009487,C00640,P0057,3,109.26,Canada,2024-10-14
T0009488,C00575,P0048,4,317.97,Italy,2024-05-07
T0009489,C01327,P0178,1,289.98,USA,2024-03-16
T0009490,C00432,P0059,2,371.83,Germany,2024-09-25
T0009491,C01238,P0085,2,128.37,USA,2024-01-19
T0009492,C01058,P0102,3,111.85,Canada,2024-12-11
T0009493,C01923,P0186,2,368.51,Canada,2024-01-14
T0009494,C01018,P0147,4,374.33,France,2024-07-11
T0009495,C00399,P0028,5,443.58,Spain,2024-05-11
T0009496,C01536,P0103,2,354.9,France,2024-02-20
T0009497,C01011,P0145,2,293.15,UK,2024-05-24
T0009498,C01269,P0078,1,420.83,USA,2024-02-13
T0009499,C01749,P0101,3,439.7,Germany,2024-08-28
T0009500,C00233,P0103,4,388.11,UK,2024-10-02
T0009501,C01473,P0075,4,334.49,Canada,2024-11-28
T0009502,C00445,P0048,4,316.5,Canada,2024-08-20
T0009503,C00327,P0125,5,120.37,Italy,2024-05-20
T0009504,C01475,P0101,3,434.41,Canada,2024-04-24
T0009505,C01398,P0109,4,47.32,Brazil,2024-10-03
T0009506,C00231,P0016,1,339.95,Spain,2024-11-19
T0009507,C01546,P0084,5,231.79,Spain,2024-01-10
T0009508,C01170,P0119,2,147.09,Spain,2024-12-12
T0009509,C00508,P0109,3,48.55,Italy,2024-07-31
T0009510,C00625,P0158,1,255.38,Germany,2024-09-24
T0009511,C00993,P0179,4,194.21,UK,2024-02-29
T0009512,C01032,P0048,2,343.86,Canada,2024-02-05
T0009513,C00010,P0096,2,371.62,Spain,2024-07-26
T0009514,C01559,P0070,5,21.08,Canada,2024-03-21
T0009515,C00553,P0066,3,328.81,France,2024-07-22
T0009516,C01376,P0102,3,122.83,Brazil,2024-02-16
T0009517,C01392,P0109,2,49.09,Israel,2024-07-10
T0009518,C01846,P0160,4,254.63,Italy,2024-11-08
T0009519,C01896,P0008,3,411.73,Japan,2024-11-04
T0009520,C01862,P0113,4,376.32,Italy,2024-10-24
T0009521,C01299,P0062,5,153.59,Italy,2024-12-19
T0009522,C00758,P0129,4,32.94,Brazil,2024-04-08
T0009523,C00886,P0122,1,209.27,Canada,2024-01-11
T0009524,C01002,P0096,1,387.28,USA,2024-05-05
T0009525,C01995,P0050,4,237.66,Germany,2024-02-10
T0009526,C01251,P0101,5,496.64,Japan,2024-10-09
T0009527,C00780,P0194,1,379.32,UK,2024-11-12
T0009528,C00663,P0148,4,298.64,Italy,2024-02-24
T0009529,C01916,P0156,1,263.07,UK,2024-12-10
T0009530,C01692,P0067,3,257.52,Germany,2024-02-21
T0009531,C00509,P0057,3,95.83,France,2024-11-05
T0009532,C00542,P0054,1,237.47,UK,2024-04-16
T0009533,C00994,P0099,1,168.82,Germany,2024-04-03
T0009534,C00399,P0157,3,57.79,Canada,2024-01-13
T0009535,C00803,P0054,4,221.72,Brazil,2024-10-10
T0009536,C00424,P0176,5,164.36,Israel,2024-04-14
T0009537,C01057,P0077,5,80.74,Israel,2024-04-28
T0009538,C01268,P0180,1,355.79,Canada,2024-08-12
T0009539,C00284,P0075,4,391.19,Japan,2024-01-17
T0009540,C01803,P0065,5,261.71,Germany,2024-11-05
T0009541,C01707,P0111,3,385.86,Germany,2024-12-15
T0009542,C01144,P0141,5,186.84,Canada,2024-06-16
T0009543,C00277,P0031,3,356.53,Japan,2024-08-04
T0009544,C00235,P0009,4,22.63,Spain,2024-01-02
T0009545,C00771,P0008,2,399.59,Israel,2024-11-25
T0009546,C00220,P0101,4,405.79,France,2024-04-01
T0009547,C00662,P0013,1,128.98,Canada,2024-12-23
T0009548,C00388,P0035,2,20.32,France,2024-01-28
T0009549,C01875,P0008,3,351.18,Japan,2024-09-12
T0009550,C00702,P0117,4,180.75,Canada,2024-05-24
T0009551,C00942,P0005,2,112.64,Israel,2024-09-04
T0009552,C01734,P0187,3,418.06,Israel,2024-02-15
T0009553,C00537,P0117,5,184.16,France,2024-11-13
T0009554,C01415,P0077,3,69.35,Japan,2024-06-14
T0009555,C00016,P0013,5,134.71,UK,2024-10-04
T0009556,C00834,P0036,1,183.96,France,2024-10-13
T0009557,C00887,P0113,1,370.34,Israel,2024-01-15
T0009558,C00342,P0060,1,387.85,USA,2024-12-03
T0009559,C00910,P0113,2,361.44,Italy,2024-01-01
T0009560,C00804,P0079,2,244.91,Israel,2024-08-01
T0009561,C00460,P0042,3,108.78,Canada,2024-01-22
T0009562,C01372,P0076,5,305.93,Spain,2024-07-31
T0009563,C01541,P0063,4,211.29,France,2024-03-15
T0009564,C00193,P0048,4,300.69,Canada,2024-05-05
T0009565,C00493,P0117,3,188.19,Italy,2024-08-31
T0009566,C00537,P0113,2,318.42,Spain,2024-11-17
T0009567,C01257,P0180,1,366.18,Germany,2024-10-24
T0009568,C00530,P0088,1,81.55,UK,2024-04-22
T0009569,C01992,P0054,1,253.61,Canada,2024-08-22
T0009570,C00743,P0001,3,256.98,Brazil,2024-07-29
T0009571,C01219,P0103,3,375.31,UK,2024-05-22
T0009572,C01952,P0077,5,73.3,Israel,2024-03-30
T0009573,C01483,P0160,4,292.43,Israel,2024-02-04
T0009574,C00037,P0109,1,52.05,USA,2024-10-02
T0009575,C01657,P0190,5,344.85,Israel,2024-02-09
T0009576,C01969,P0067,4,249.41,USA,2024-04-09
T0009577,C01552,P0073,2,168.24,Canada,2024-03-27
T0009578,C01461,P0075,5,339.99,France,2024-10-23
T0009579,C00925,P0046,4,381.22,Germany,2024-03-12
T0009580,C00739,P0185,5,332.36,Italy,2024-11-27
T0009581,C00204,P0125,1,117.93,Germany,2024-04-08
T0009582,C01225,P0073,1,165.44,Israel,2024-02-26
T0009583,C01129,P0085,5,118.06,Japan,2024-07-07
T0009584,C01208,P0070,5,20.4,UK,2024-06-07
T0009585,C01240,P0184,2,428.63,Japan,2024-05-04
T0009586,C00346,P0125,5,114.5,Spain,2024-03-29
T0009587,C00538,P0062,5,150.92,Canada,2024-03-20
T0009588,C00642,P0180,4,383.36,Spain,2024-05-28
T0009589,C01376,P0184,2,424.41,Italy,2024-02-08
T0009590,C00219,P0054,3,217.56,USA,2024-10-25
T0009591,C01786,P0088,4,81.32,Germany,2024-04-07
T0009592,C01248,P0088,3,94.04,France,2024-01-25
T0009593,C01243,P0077,1,67.65,UK,2024-02-19
T0009594,C01981,P0157,5,64.16,Spain,2024-09-17
T0009595,C01107,P0045,3,61.17,UK,2024-07-25
T0009596,C00778,P0099,2,180.4,Germany,2024-04-30
T0009597,C01194,P0140,1,247.37,Germany,2024-04-03
T0009598,C01939,P0057,1,102.28,Brazil,2024-05-09
T0009599,C01969,P0077,1,75.67,Israel,2024-09-06
T0009600,C00936,P0060,3,415.22,France,2024-05-10
T0009601,C00613,P0194,3,426.16,Israel,2024-04-03
T0009602,C01608,P0134,4,203.28,Italy,2024-06-04
T0009603,C00455,P0134,4,214.17,Japan,2024-09-16
T0009604,C01913,P0057,5,97.05,Japan,2024-04-21
T0009605,C01347,P0194,4,380.41,USA,2024-10-27
T0009606,C01743,P0076,5,248.97,Germany,2024-08-23
T0009607,C01445,P0136,5,148.54,UK,2024-02-27
T0009608,C00834,P0151,4,381.94,Japan,2024-08-28
T0009609,C01544,P0045,2,62.25,USA,2024-05-31
T0009610,C00875,P0069,4,197.11,Germany,2024-12-20
T0009611,C00968,P0077,2,72.6,Italy,2024-07-11
T0009612,C01892,P0103,5,362.71,Japan,2024-05-09
T0009613,C01604,P0045,5,55.42,UK,2024-08-02
T0009614,C01375,P0134,2,217.23,Italy,2024-07-26
T0009615,C01155,P0102,1,120.63,Japan,2024-03-18
T0009616,C01906,P0175,4,208.35,France,2024-05-22
T0009617,C00249,P0099,5,170.94,Japan,2024-12-08
T0009618,C01416,P0057,5,105.49,Israel,2024-10-29
T0009619,C01869,P0108,5,404.22,France,2024-12-06
T0009620,C00322,P0142,3,64.43,Japan,2024-11-11
T0009621,C00525,P0117,5,165.17,Brazil,2024-11-21
T0009622,C01705,P0184,4,485.52,Italy,2024-05-18
T0009623,C00971,P0055,5,388.05,Spain,2024-06-16
T0009624,C01044,P0042,1,122.51,Japan,2024-02-24
T0009625,C00706,P0129,1,32.08,Brazil,2024-04-09
T0009626,C00486,P0196,1,94.53,Italy,2024-04-08
T0009627,C00832,P0101,1,489.41,Japan,2024-07-12
T0009628,C00432,P0185,3,394.11,Israel,2024-07-29
T0009629,C01074,P0180,3,372.92,Canada,2024-05-04
T0009630,C01876,P0134,4,187.03,Japan,2024-06-28
T0009631,C01538,P0172,3,114.75,UK,2024-05-19
T0009632,C01028,P0048,4,335.73,Canada,2024-03-13
T0009633,C01519,P0048,2,336.49,Germany,2024-04-02
T0009634,C01185,P0147,4,401.25,Germany,2024-02-21
T0009635,C00287,P0084,4,268.98,France,2024-04-08
T0009636,C00206,P0172,2,110.18,UK,2024-04-21
T0009637,C01339,P0127,1,449.57,Canada,2024-12-24
T0009638,C00927,P0019,4,209.71,Brazil,2024-08-22
T0009639,C01393,P0125,1,130.73,France,2024-07-01
T0009640,C01366,P0101,5,442.65,Brazil,2024-12-06
T0009641,C00675,P0185,4,397.63,Germany,2024-09-25
T0009642,C00454,P0046,1,359.62,Brazil,2024-09-21
T0009643,C00781,P0156,4,237.42,Germany,2024-04-24
T0009644,C00382,P0101,1,455.95,Canada,2024-04-07
T0009645,C01841,P0096,2,376.29,UK,2024-05-03
T0009646,C00457,P0190,2,338.57,Brazil,2024-12-05
T0009647,C01650,P0019,5,214.42,Germany,2024-11-07
T0009648,C00206,P0180,3,354.46,UK,2024-08-16
T0009649,C00659,P0048,2,352.0,Canada,2024-10-19
T0009650,C00537,P0046,2,364.44,Israel,2024-07-07
T0009651,C01920,P0008,2,394.34,Germany,2024-10-12
T0009652,C01290,P0165,5,430.15,Japan,2024-07-28
T0009653,C01686,P0109,1,51.91,Brazil,2024-03-12
T0009654,C01032,P0099,2,176.04,France,2024-06-23
T0009655,C00152,P0136,1,140.53,UK,2024-03-20
T0009656,C01894,P0136,5,159.66,Brazil,2024-01-26
T0009657,C01384,P0166,1,298.19,Italy,2024-03-08
T0009658,C00208,P0078,5,401.84,USA,2024-05-26
T0009659,C01715,P0048,2,288.2,Italy,2024-02-01
T0009660,C00189,P0012,1,261.83,Japan,2024-08-21
T0009661,C00492,P0140,1,254.46,Israel,2024-03-29
T0009662,C00821,P0194,3,405.33,Germany,2024-05-08
T0009663,C00278,P0165,3,427.95,Germany,2024-06-10
T0009664,C01966,P0113,1,381.16,Italy,2024-05-20
T0009665,C01295,P0061,5,434.2,Israel,2024-05-01
T0009666,C00759,P0032,4,438.05,UK,2024-03-18
T0009667,C00740,P0159,3,200.11,USA,2024-06-28
T0009668,C00471,P0028,4,428.76,Brazil,2024-05-29
T0009669,C00907,P0084,1,238.92,Italy,2024-09-23
T0009670,C00876,P0194,3,406.02,USA,2024-11-30
T0009671,C00820,P0059,2,338.97,Spain,2024-12-20
T0009672,C01925,P0042,2,117.29,Japan,2024-12-01
T0009673,C01370,P0017,4,245.88,UK,2024-02-22
T0009674,C01277,P0117,4,192.82,USA,2024-08-18
T0009675,C01877,P0100,4,106.93,Spain,2024-08-27
T0009676,C00091,P0156,2,228.34,UK,2024-09-10
T0009677,C00926,P0088,3,93.42,UK,2024-06-21
T0009678,C01535,P0191,3,33.45,Japan,2024-02-21
T0009679,C00607,P0074,2,105.2,Israel,2024-10-03
T0009680,C00386,P0155,3,30.22,Brazil,2024-10-31
T0009681,C00302,P0189,1,331.45,Canada,2024-08-29
T0009682,C01460,P0129,3,31.38,Canada,2024-06-17
T0009683,C00317,P0062,3,146.87,France,2024-08-04
T0009684,C00418,P0084,3,271.29,UK,2024-05-20
T0009685,C01828,P0007,4,414.77,Israel,2024-06-09
T0009686,C00786,P0077,4,66.31,Spain,2024-03-23
T0009687,C00840,P0194,4,406.2,Israel,2024-01-15
T0009688,C01008,P0096,2,368.44,France,2024-12-27
T0009689,C00645,P0180,1,397.93,Canada,2024-04-20
T0009690,C01923,P0048,4,316.37,Japan,2024-03-24
T0009691,C00246,P0098,2,391.63,France,2024-02-01
T0009692,C00824,P0028,5,455.44,USA,2024-10-02
T0009693,C00241,P0186,5,371.23,France,2024-11-01
T0009694,C00014,P0084,2,231.88,Japan,2024-05-21
T0009695,C01555,P0125,5,130.38,USA,2024-11-11
T0009696,C00940,P0113,4,361.56,Spain,2024-08-03
T0009697,C00876,P0196,2,110.92,Israel,2024-01-10
T0009698,C00805,P0084,4,260.39,UK,2024-10-05
T0009699,C01038,P0195,5,116.78,USA,2024-05-08
T0009700,C00396,P0075,5,329.71,France,2024-12-09
T0009701,C01596,P0109,1,51.34,Italy,2024-01-30
T0009702,C01215,P0077,4,72.51,UK,2024-11-06
T0009703,C00471,P0156,2,247.03,Germany,2024-11-01
T0009704,C01239,P0054,1,254.26,Spain,2024-11-09
T0009705,C00612,P0113,3,316.66,France,2024-10-31
T0009706,C00425,P0062,1,177.33,UK,2024-04-29
T0009707,C01544,P0163,4,62.79,USA,2024-12-10
T0009708,C00482,P0196,5,94.4,USA,2024-11-15
T0009709,C01456,P0004,1,179.16,Germany,2024-08-24
T0009710,C00104,P0113,2,354.93,USA,2024-09-13
T0009711,C01522,P0150,5,216.06,France,2024-09-16
T0009712,C01896,P0070,2,18.69,Canada,2024-10-28
T0009713,C01443,P0084,5,259.19,Germany,2024-03-02
T0009714,C00001,P0092,4,266.05,Italy,2024-03-04
T0009715,C01418,P0031,1,375.51,Japan,2024-01-28
T0009716,C01987,P0080,1,49.72,Germany,2024-08-02
T0009717,C00622,P0065,4,265.66,UK,2024-05-03
T0009718,C01005,P0190,1,393.81,Germany,2024-10-13
T0009719,C00980,P0011,5,341.5,Canada,2024-10-07
T0009720,C00745,P0077,5,66.21,UK,2024-10-28
T0009721,C01121,P0175,5,231.73,USA,2024-06-14
T0009722,C00342,P0180,5,357.42,Italy,2024-01-25
T0009723,C01407,P0065,5,283.43,Italy,2024-12-05
T0009724,C00857,P0101,4,452.09,Japan,2024-05-06
T0009725,C01879,P0162,2,375.75,Spain,2024-11-12
T0009726,C00134,P0091,1,56.28,UK,2024-09-12
T0009727,C01153,P0134,1,232.59,Japan,2024-03-14
T0009728,C01991,P0049,3,318.01,Israel,2024-02-05
T0009729,C01854,P0024,4,436.22,Germany,2024-02-08
T0009730,C01936,P0175,2,217.72,Italy,2024-12-26
T0009731,C01653,P0062,3,148.56,UK,2024-07-10
T0009732,C00213,P0048,4,336.25,Germany,2024-01-28
T0009733,C00229,P0088,5,79.17,Spain,2024-08-03
T0009734,C00768,P0190,1,390.22,USA,2024-11-29
T0009735,C01298,P0069,4,185.75,Spain,2024-03-07
T0009736,C00788,P0109,5,49.16,Germany,2024-08-16
T0009737,C00841,P0045,3,52.82,Canada,2024-08-18
T0009738,C01137,P0099,3,188.5,France,2024-03-06
T0009739,C00766,P0084,3,269.23,Brazil,2024-09-10
T0009740,C01947,P0096,2,353.48,USA,2024-03-22
T0009741,C01409,P0031,5,383.44,Israel,2024-01-09
T0009742,C01965,P0044,3,344.61,UK,2024-04-01
T0009743,C00579,P0187,3,395.07,Brazil,2024-01-29
T0009744,C01527,P0046,3,379.6,UK,2024-03-16
T0009745,C00952,P0059,1,368.9,Israel,2024-02-21
T0009746,C00041,P0077,3,74.52,UK,2024-03-09
T0009747,C01729,P0131,3,110.24,Japan,2024-02-07
T0009748,C00899,P0042,1,111.43,Italy,2024-02-15
T0009749,C01692,P0054,4,240.6,UK,2024-05-13
T0009750,C01153,P0019,3,212.17,Japan,2024-07-12
T0009751,C00132,P0103,3,363.06,France,2024-10-12
T0009752,C01848,P0193,1,174.76,Germany,2024-08-06
T0009753,C00501,P0008,3,336.33,USA,2024-06-29
T0009754,C01793,P0025,1,278.65,France,2024-09-29
T0009755,C01479,P0179,3,223.26,USA,2024-03-31
T0009756,C01880,P0194,3,391.9,Spain,2024-09-21
T0009757,C00744,P0091,1,57.2,France,2024-01-11
T0009758,C01221,P0035,1,19.45,Japan,2024-05-20
T0009759,C01530,P0010,5,426.7,Japan,2024-01-18
T0009760,C00407,P0185,3,393.45,France,2024-10-15
T0009761,C01965,P0157,1,63.83,UK,2024-01-06
T0009762,C00851,P0103,3,397.66,USA,2024-04-11
T0009763,C00096,P0103,1,386.0,Israel,2024-04-05
T0009764,C01371,P0152,5,388.59,Italy,2024-11-19
T0009765,C00638,P0054,3,210.31,Japan,2024-02-17
T0009766,C00886,P0019,3,234.95,UK,2024-10-27
T0009767,C00589,P0101,2,472.83,UK,2024-01-22
T0009768,C00741,P0177,5,140.25,USA,2024-08-09
T0009769,C01378,P0088,1,78.88,Germany,2024-04-20
T0009770,C00702,P0175,4,N/A,Spain,2024-06-28
T0009771,C00382,P0154,2,45.14,Canada,2024-12-13
T0009772,C01102,P0101,4,497.5,Japan,2024-04-14
T0009773,C01624,P0048,1,294.06,Japan,2024-07-05
T0009774,C00901,P0065,4,283.26,Israel,2024-03-30
T0009775,C00074,P0019,3,203.86,USA,2024-04-05
T0009776,C00263,P0129,3,36.36,UK,2024-02-20
T0009777,C00567,P0054,2,226.47,Italy,2024-07-20
T0009778,C01636,P0096,2,359.78,Brazil,2024-03-05
T0009779,C01784,P0101,2,478.6,Canada,2024-12-21
T0009780,C01499,P0159,3,186.96,USA,2024-02-17
T0009781,C01366,P0023,3,424.86,Japan,2024-11-12
T0009782,C01559,P0178,2,304.32,France,2024-04-15
T0009783,C01664,P0125,4,114.49,Spain,2024-03-04
T0009784,C01159,P0180,1,407.79,Spain,2024-10-27
T0009785,C00441,P0190,3,417.28,UK,2024-08-30
T0009786,C01325,P0062,1,177.45,Italy,2024-01-19
T0009787,C01846,P0104,3,53.02,France,2024-06-03
T0009788,C01725,P0175,3,255.18,Japan,2024-09-07
T0009789,C01100,P0180,5,352.74,Japan,2024-11-11
T0009790,C00836,P0009,2,20.56,USA,2024-03-20
T0009791,C01893,P0125,2,128.47,Japan,2024-12-27
T0009792,C00772,P0189,5,306.2,Spain,2024-12-24
T0009793,C01778,P0099,1,177.75,Germany,2024-09-26
T0009794,C01076,P0090,2,173.36,France,2024-01-01
T0009795,C00793,P0084,3,229.17,Spain,2024-09-24
T0009796,C01412,P0046,3,323.49,Japan,2024-06-12
T0009797,C00960,P0194,5,447.52,Israel,2024-05-30
T0009798,C01066,P0115,3,371.52,Germany,2024-02-10
T0009799,C01408,P0028,5,403.41,Germany,2024-05-28
T0009800,C00592,P0184,5,435.3,Germany,2024-06-07
T0009801,C00853,P0176,4,176.39,Germany,2024-04-17
T0009802,C01495,P0025,4,316.04,UK,2024-11-01
T0009803,C01442,P0180,2,344.21,UK,2024-09-06
T0009804,C01252,P0028,3,452.24,Japan,2024-01-08
T0009805,C00286,P0101,5,495.05,Germany,2024-11-10
T0009806,C00729,P0099,1,180.53,Israel,2024-07-14
T0009807,C00846,P0102,3,108.73,France,2024-10-02
T0009808,C01679,P0117,5,189.4,Germany,2024-07-05
T0009809,C01080,P0180,2,347.19,Brazil,2024-03-05
T0009810,C01497,P0050,3,245.58,Israel,2024-09-21
T0009811,C00071,P0125,2,139.94,Germany,2024-02-07
T0009812,C00964,P0132,4,281.25,Japan,2024-11-14
T0009813,C01509,P0085,4,129.92,Japan,2024-03-06
T0009814,C01622,P0046,4,330.24,Canada,2024-01-12
T0009815,C01472,P0194,2,423.51,USA,2024-04-09
T0009816,C01069,P0194,4,387.96,USA,2024-03-27
T0009817,C00115,P0054,2,238.72,Italy,2024-07-23
T0009818,C00530,P0194,2,427.08,Japan,2024-07-07
T0009819,C00244,P0148,4,297.8,USA,2024-11-11
T0009820,C01296,P0035,5,19.14,France,2024-04-12
T0009821,C01641,P0099,3,202.09,France,2024-01-07
T0009822,C01707,P0190,5,367.36,Italy,2024-10-07
T0009823,C00681,P0122,5,201.4,Brazil,2024-02-18
T0009824,C01095,P0042,1,123.27,France,2024-01-16
T0009825,C01316,P0180,5,396.29,Canada,2024-02-22
T0009826,C01099,P0108,3,445.43,Brazil,2024-04-29
T0009827,C01110,P0059,1,348.2,UK,2024-08-03
T0009828,C01946,P0194,2,404.46,France,2024-06-17
T0009829,C01634,P0176,1,171.37,UK,2024-04-16
T0009830,C01923,P0030,1,140.71,Israel,2024-10-02
T0009831,C00930,P0134,5,198.56,Italy,2024-05-10
T0009832,C00990,P0185,1,332.37,Israel,2024-12-21
T0009833,C01533,P0113,5,340.76,Brazil,2024-05-28
T0009834,C00677,P0028,2,454.78,Israel,2024-05-18
T0009835,C00624,P0192,5,231.51,Israel,2024-05-24
T0009836,C01811,P0133,5,265.22,France,2024-08-24
T0009837,C00009,P0185,5,390.76,France,2024-12-18
T0009838,C01025,P0125,1,118.42,Germany,2024-08-12
T0009839,C01304,P0119,5,123.92,UK,2024-06-19
T0009840,C01641,P0078,5,435.11,Japan,2024-12-13
T0009841,C00738,P0159,4,221.24,Spain,2024-01-08
T0009842,C00049,P0045,5,62.64,Canada,2024-12-19
T0009843,C00456,P0075,2,373.39,Israel,2024-11-07
T0009844,C00820,P0079,5,298.65,USA,2024-01-22
T0009845,C01328,P0075,1,348.97,Germany,2024-08-25
T0009846,C01832,P0113,5,358.82,Brazil,2024-09-09
T0009847,C00667,P0194,4,365.95,Canada,2024-12-19
T0009848,C01746,P0091,3,55.29,Italy,2024-04-04
T0009849,C00701,P0176,4,162.84,Japan,2024-05-14
T0009850,C01783,P0185,3,354.01,Japan,2024-12-27
T0009851,C00665,P0147,4,409.41,Japan,2024-04-12
T0009852,C01162,P0057,4,108.21,Brazil,2024-11-07
T0009853,C00793,P0180,5,389.99,Italy,2024-10-03
T0009854,C00785,P0100,1,119.86,Germany,2024-03-17
T0009855,C00319,P0081,1,118.84,Germany,2024-12-21
T0009856,C01414,P0042,3,115.56,Spain,2024-03-15
T0009857,C01900,P0016,3,363.69,USA,2024-11-23
T0009858,C00034,P0070,5,18.43,Spain,2024-08-31
T0009859,C00288,P0048,3,291.71,Italy,2024-11-21
T0009860,C01299,P0019,2,219.72,France,2024-03-31
T0009861,C01580,P0013,5,115.24,Spain,2024-10-21
T0009862,C01706,P0085,5,120.22,Germany,2024-05-04
T0009863,C01581,P0000,2,183.32,Canada,2024-03-19
T0009864,C00008,P0154,5,52.81,Spain,2024-11-19
T0009865,C01439,P0194,3,436.89,Italy,2024-04-26
T0009866,C01071,P0057,5,106.75,Spain,2024-07-22
T0009867,C01249,P0113,3,327.91,Israel,2024-07-15
T0009868,C00068,P0083,2,279.7,Israel,2024-12-24
T0009869,C00387,P0180,2,372.45,France,2024-09-23
T0009870,C00228,P0188,3,401.94,Brazil,2024-03-08
T0009871,C00560,P0119,1,122.67,USA,2024-06-26
T0009872,C01548,P0062,3,153.19,Israel,2024-03-21
T0009873,C01997,P0070,4,18.7,France,2024-10-01
T0009874,C00836,P0045,4,52.22,Japan,2024-11-14
T0009875,C01585,P0180,4,365.67,Japan,2024-06-04
T0009876,C00597,P0009,1,21.28,UK,2024-04-14
T0009877,C00208,P0012,3,278.82,UK,2024-01-07
T0009878,C01266,P0159,3,209.97,UK,2024-05-31
T0009879,C00218,P0034,4,144.5,Germany,2024-08-19
T0009880,C00350,P0054,3,246.61,Israel,2024-02-20
T0009881,C00510,P0104,2,46.26,Israel,2024-11-27
T0009882,C00133,P0125,5,133.04,USA,2024-06-06
T0009883,C01148,P0131,4,105.12,Brazil,2024-01-04
T0009884,C00433,P0002,1,390.98,Germany,2024-01-27
T0009885,C01331,P0142,2,72.51,Spain,2024-11-29
T0009886,C01983,P0136,4,152.21,Israel,2024-06-02
T0009887,C01903,P0100,4,107.72,USA,2024-11-25
T0009888,C00091,P0075,2,321.76,Brazil,2024-07-07
T0009889,C00224,P0048,5,325.15,France,2024-12-14
T0009890,C01998,P0187,5,395.96,USA,2024-09-28
T0009891,C00111,P0040,3,325.06,Italy,2024-12-21
T0009892,C01625,P0059,3,303.48,Spain,2024-03-30
T0009893,C01062,P0020,2,380.79,USA,2024-07-31
T0009894,C01495,P0131,3,119.91,Canada,2024-08-25
T0009895,C01079,P0065,1,259.4,Brazil,2024-07-25
T0009896,C01156,P0075,3,327.73,France,2024-08-16
T0009897,C00533,P0147,2,401.12,France,2024-07-04
T0009898,C01150,P0177,4,130.7,Brazil,2024-05-18
T0009899,C01613,P0125,2,119.44,UK,2024-02-06
T0009900,C01407,P0073,4,157.17,Germany,2024-11-23
T0009901,C00372,P0129,3,34.96,USA,2024-05-06
T0009902,C01274,P0185,1,355.91,Israel,2024-10-18
T0009903,C01438,P0125,3,114.25,France,2024-04-16
T0009904,C00752,P0121,1,278.1,Italy,2024-11-28
T0009905,C01745,P0186,1,361.49,Japan,2024-03-08
T0009906,C00121,P0194,2,386.58,Spain,2024-07-28
T0009907,C00268,P0048,4,346.06,USA,2024-05-11
T0009908,C01853,P0061,4,460.67,Italy,2024-05-25
T0009909,C01931,P0193,4,186.6,Italy,2024-11-28
T0009910,C00110,P0028,2,455.54,Japan,2024-01-10
T0009911,C01317,P0057,3,104.55,Japan,2024-07-11
T0009912,C01817,P0020,3,356.27,Germany,2024-11-08
T0009913,C00654,P0154,3,49.5,Brazil,2024-02-28
T0009914,C01667,P0111,1,452.49,Japan,2024-01-24
T0009915,C01158,P0093,5,35.92,Brazil,2024-01-29
T0009916,C00782,P0075,5,381.96,Israel,2024-05-09
T0009917,C01424,P0198,3,374.0,UK,2024-01-17
T0009918,C00332,P0057,4,113.84,UK,2024-01-03
T0009919,C01313,P0155,4,27.25,USA,2024-11-02
T0009920,C01676,P0046,1,384.65,France,2024-02-29
T0009921,C01642,P0057,4,92.21,France,2024-06-13
T0009922,C00441,P0034,4,153.39,UK,2024-12-04
T0009923,C01947,P0054,3,224.05,Italy,2024-02-22
T0009924,C00770,P0133,5,265.53,Brazil,2024-11-23
T0009925,C01369,P0009,2,23.15,Italy,2024-05-21
T0009926,C01009,P0136,3,151.24,UK,2024-12-06
T0009927,C01417,P0190,3,407.45,Germany,2024-02-14
T0009928,C00348,P0098,4,418.97,UK,2024-01-27
T0009929,C01270,P0119,4,128.61,Italy,2024-09-08
T0009930,C00458,P0125,3,141.87,USA,2024-04-05
T0009931,C00507,P0009,2,22.86,Brazil,2024-09-12
T0009932,C00013,P0150,5,218.1,France,2024-09-16
T0009933,C01571,P0031,1,361.45,UK,2024-06-27
T0009934,C01388,P0101,2,492.56,USA,2024-03-27
T0009935,C00362,P0077,5,75.32,Italy,2024-09-08
T0009936,C00669,P0022,4,154.19,UK,2024-12-09
T0009937,C00231,P0040,2,380.41,Canada,2024-11-15
T0009938,C00808,P0184,1,456.37,UK,2024-05-01
T0009939,C01087,P0130,2,226.11,France,2024-08-04
T0009940,C01318,P0175,4,228.92,USA,2024-10-31
T0009941,C01435,P0048,4,292.67,Italy,2024-07-29
T0009942,C00036,P0169,1,73.7,France,2024-09-09
T0009943,C00004,P0125,4,133.08,UK,2024-06-11
T0009944,C01883,P0103,2,398.56,Canada,2024-08-02
T0009945,C01686,P0102,1,112.45,Italy,2024-03-18
T0009946,C00170,P0180,1,333.69,Spain,2024-01-10
T0009947,C00783,P0176,1,163.82,France,2024-10-03
T0009948,C00682,P0190,3,343.05,Israel,2024-11-28
T0009949,C00967,P0091,2,67.39,Canada,2024-12-20
T0009950,C00033,P0138,2,51.41,Germany,2024-02-26
T0009951,C01484,P0054,4,228.94,Japan,2024-10-26
T0009952,C01635,P0180,2,340.21,Canada,2024-03-27
T0009953,C01538,P0104,3,50.08,Israel,2024-04-24
T0009954,C01531,P0066,5,300.92,Spain,2024-02-23
T0009955,C00379,P0027,4,232.39,Spain,2024-07-16
T0009956,C00408,P0013,3,137.74,UK,2024-10-23
T0009957,C01500,P0086,3,60.9,USA,2024-04-14
T0009958,C00624,P0140,1,258.38,Brazil,2024-12-12
T0009959,C00475,P0136,1,134.2,France,2024-11-29
T0009960,C00838,P0075,5,315.19,Brazil,2024-09-30
T0009961,C00730,P0150,2,223.65,USA,2024-08-24
T0009962,C00602,P0103,3,340.51,USA,2024-10-30
T0009963,C00085,P0040,3,345.93,USA,2024-04-21
T0009964,C00164,P0121,2,311.12,Canada,2024-09-21
T0009965,C00600,P0131,4,116.72,Canada,2024-06-17
T0009966,C00354,P0076,3,290.81,Canada,2024-10-30
T0009967,C01483,P0106,1,77.93,Germany,2024-04-21
T0009968,C01308,P0077,2,71.14,Canada,2024-09-15
T0009969,C01078,P0013,4,141.08,Israel,2024-03-31
T0009970,C01018,P0176,4,178.02,Spain,2024-10-10
T0009971,C00115,P0012,1,254.13,USA,2024-12-15
T0009972,C01735,P0042,5,104.82,Japan,2024-01-26
T0009973,C00968,P0077,4,69.86,Canada,2024-03-24
T0009974,C01628,P0131,2,120.34,Italy,2024-01-16
T0009975,C00175,P0057,3,106.52,Japan,2024-12-26
T0009976,C00300,P0101,4,482.98,Spain,2024-03-07
T0009977,C01245,P0180,4,404.66,Israel,2024-12-23
T0009978,C00338,P0045,3,60.48,Canada,2024-05-16
T0009979,C01951,P0161,4,242.11,Canada,2024-05-11
T0009980,C01643,P0152,3,384.02,Canada,2024-03-26
T0009981,C00992,P0176,1,185.93,Canada,2024-11-13
T0009982,C00758,P0075,2,354.1,Italy,2024-03-30
T0009983,C01178,P0190,1,389.01,Japan,2024-10-27
T0009984,C00407,P0019,3,205.57,Canada,2024-08-01
T0009985,C00142,P0054,5,231.1,Spain,2024-01-10
T0009986,C00156,P0109,3,44.69,Japan,2024-04-29
T0009987,C00552,P0045,5,56.89,Brazil,2024-07-21
T0009988,C00162,P0030,2,126.49,Italy,2024-09-03
T0009989,C01464,P0057,3,107.45,UK,2024-01-20
T0009990,C00013,P0042,2,104.68,UK,2024-08-04
T0009991,C00516,P0136,2,159.23,Brazil,2024-04-29
T0009992,C01020,P0067,1,240.78,Germany,2024-12-12
T0009993,C01770,P0077,1,76.76,France,2024-11-21
T0009994,C00855,P0136,4,141.23,Germany,2024-10-13
T0009995,C00753,P0086,4,59.66,USA,2024-06-03
T0009996,C01854,P0173,1,125.31,UK,2024-07-15
T0009997,C01147,P0046,1,373.68,Italy,2024-02-18
T0009998,C01379,P0134,1,218.26,Japan,2024-11-25
T0009999,C00123,P0057,1,98.75,Italy,2024-06-11
T0010000,C00899,P0017,2,273.15,Spain,2024-04-15
T0010001,C01478,P0048,1,297.94,USA,2024-10-25
T0010002,C01399,P0157,5,66.3,France,2024-06-25
T0010003,C01359,P0048,5,288.25,Spain,2024-04-02
T0010004,C00440,P0035,2,19.42,France,2024-06-07
T0010005,C00024,P0125,5,132.97,Japan,2024-11-10
T0010006,C01724,P0134,5,214.66,Canada,2024-12-26
T0010007,C00589,P0073,3,157.57,France,2024-01-29
T0010008,C00597,P0037,3,84.3,Israel,2024-10-24
T0010009,C00028,P0024,1,385.97,Germany,2024-09-22
T0010010,C00258,P0163,4,65.47,Germany,2024-06-08
T0010011,C00046,P0122,4,203.47,France,2024-12-01
T0010012,C00155,P0136,5,150.03,Israel,2024-04-08
T0010013,C01299,P0059,2,306.02,Italy,2024-07-15
T0010014,C00722,P0124,5,359.58,Spain,2024-05-18
T0010015,C00817,P0057,3,93.2,Japan,2024-03-12
T0010016,C01023,P0131,2,119.04,France,2024-02-18
T0010017,C00536,P0131,5,121.9,UK,2024-01-24
T0010018,C01075,P0180,2,366.27,Israel,2024-01-30
T0010019,C01530,P0088,2,80.77,USA,2024-10-04
T0010020,C01287,P0136,3,150.39,Brazil,2024-06-16
T0010021,C00820,P0046,3,356.74,Germany,2024-05-29
T0010022,C01136,P0180,3,408.87,UK,2024-11-25
T0010023,C00397,P0054,5,211.16,Canada,2024-07-29
T0010024,C01925,P0193,4,194.7,Spain,2024-12-11
T0010025,C01053,P0110,3,51.53,Brazil,2024-03-05
T0010026,C01928,P0045,1,53.74,Spain,2024-08-05
T0010027,C00344,P0071,5,81.3,Japan,2024-07-30
T0010028,C00113,P0013,4,117.18,Italy,2024-11-16
T0010029,C01285,P0099,2,175.35,Japan,2024-03-30
T0010030,C00184,P0018,2,309.87,France,2024-02-01
T0010031,C01744,P0136,3,161.19,Israel,2024-08-02
T0010032,C01883,P0085,3,138.11,France,2024-11-22
T0010033,C01664,P0075,5,377.33,Israel,2024-04-23
T0010034,C00246,P0044,2,346.45,UK,2024-12-04
T0010035,C01597,P0094,1,243.16,USA,2024-02-23
T0010036,C00416,P0054,3,219.26,Israel,2024-12-11
T0010037,C01125,P0187,4,376.12,UK,2024-05-18
T0010038,C01919,P0048,1,312.99,USA,2024-05-08
T0010039,C01000,P0083,3,248.15,France,2024-11-18
T0010040,C00540,P0043,1,13.02,Canada,2024-08-19
T0010041,C01465,P0084,4,246.15,USA,2024-03-06
T0010042,C01666,P0082,2,118.86,Israel,2024-12-10
T0010043,C01411,P0076,3,263.94,Germany,2024-11-09
T0010044,C01840,P0077,1,81.96,Israel,2024-06-13
T0010045,C01417,P0079,2,273.76,Israel,2024-06-13
T0010046,C01469,P0058,4,232.55,France,2024-11-15
T0010047,C01290,P0150,1,194.24,Italy,2024-05-23
T0010048,C01381,P0002,3,426.14,USA,2024-07-28
T0010049,C01272,P0101,4,400.62,Germany,2024-10-21
T0010050,C00184,P0129,1,36.04,Spain,2024-04-25
T0010051,C01337,P0175,1,219.28,UK,2024-03-23
T0010052,C00081,P0125,1,116.95,Israel,2024-06-18
T0010053,C01384,P0034,1,139.55,Japan,2024-07-14
T0010054,C01920,P0125,4,141.67,Spain,2024-10-29
T0010055,C00303,P0177,3,147.76,USA,2024-04-18
T0010056,C01769,P0142,3,63.39,France,2024-11-10
T0010057,C01435,P0063,3,241.87,Japan,2024-11-07
T0010058,C00934,P0175,1,217.12,Israel,2024-01-12
T0010059,C01314,P0187,4,372.4,USA,2024-12-28
T0010060,C00551,P0100,3,110.2,UK,2024-07-09
T0010061,C01981,P0101,5,460.32,Canada,2024-11-26
T0010062,C00824,P0119,2,146.19,France,2024-06-13
T0010063,C00963,P0193,3,205.23,Japan,2024-12-19
T0010064,C00892,P0190,4,370.16,UK,2024-04-27
T0010065,C00331,P0109,2,48.18,Brazil,2024-08-26
T0010066,C00576,P0075,4,350.49,USA,2024-12-29
T0010067,C00739,P0156,3,259.43,Canada,2024-07-02
T0010068,C00169,P0144,4,143.53,Brazil,2024-11-09
T0010069,C00855,P0108,3,448.98,Brazil,2024-10-08
T0010070,C01995,P0177,3,121.39,Brazil,2024-06-30
T0010071,C01094,P0084,1,240.81,Spain,2024-07-30
T0010072,C00826,P0184,1,479.23,Canada,2024-02-21
T0010073,C01470,P0103,3,387.31,Brazil,2024-02-13
T0010074,C01067,P0134,2,191.92,Brazil,2024-03-04
T0010075,C01319,P0156,5,243.32,Germany,2024-11-11
T0010076,C00852,P0115,5,321.4,UK,2024-01-26
T0010077,C00201,P0065,4,265.09,Germany,2024-02-17
T0010078,C01921,P0180,1,402.3,Brazil,2024-07-08
T0010079,C00109,P0177,2,125.58,Brazil,2024-07-25
T0010080,C00032,P0134,2,209.62,UK,2024-07-17
T0010081,C00724,P0109,5,51.74,Italy,2024-10-27
T0010082,C01428,P0094,5,267.77,Spain,2024-05-02
T0010083,C00077,P0196,4,111.53,France,2024-09-29
T0010084,C00807,P0062,1,150.95,Italy,2024-04-05
T0010085,C01212,P0077,2,76.13,USA,2024-01-26
T0010086,C01558,P0125,2,135.76,USA,2024-05-09
T0010087,C01728,P0187,3,416.25,Germany,2024-06-17
T0010088,C00144,P0125,4,123.47,Canada,2024-09-29
T0010089,C00653,P0160,3,300.72,France,2024-06-14
T0010090,C00025,P0084,3,223.37,Italy,2024-10-02
T0010091,C00215,P0097,1,225.49,Italy,2024-11-25
T0010092,C01207,P0175,5,218.99,Italy,2024-06-16
T0010093,C01595,P0029,4,283.63,France,2024-06-15
T0010094,C01932,P0017,1,281.76,Japan,2024-11-25
T0010095,C00603,P0101,5,439.18,Germany,2024-11-08
T0010096,C01583,P0124,2,359.96,Israel,2024-08-30
T0010097,C01423,P0123,2,324.52,Italy,2024-04-22
T0010098,C01964,P0186,3,391.17,France,2024-09-14
T0010099,C01226,P0113,1,353.18,Canada,2024-01-17
T0010100,C01626,P0059,3,331.57,USA,2024-02-04
T0010101,C00372,P0062,4,150.59,Italy,2024-06-04
T0010102,C00313,P0117,5,170.76,Spain,2024-08-24
T0010103,C01968,P0176,5,156.24,France,2024-06-14
T0010104,C01400,P0035,4,19.62,Brazil,2024-05-14
T0010105,C01507,P0023,5,442.51,USA,2024-03-15
T0010106,C01509,P0110,1,45.32,UK,2024-12-01
T0010107,C00386,P0076,4,255.68,Israel,2024-10-25
T0010108,C00574,P0049,1,314.84,Italy,2024-04-20
T0010109,C01804,P0133,4,285.64,Israel,2024-03-18
T0010110,C01587,P0088,4,81.64,Canada,2024-12-06
T0010111,C01537,P0113,2,368.23,Germany,2024-08-22
T0010112,C00872,P0134,5,219.52,Spain,2024-12-05
T0010113,C00630,P0129,3,33.41,Italy,2024-04-09
T0010114,C01135,P0046,2,381.99,Israel,2024-01-29
T0010115,C00574,P0048,5,335.65,Spain,2024-03-22
T0010116,C01921,P0120,2,147.54,Germany,2024-09-06
T0010117,C00921,P0037,1,74.26,UK,2024-09-05
T0010118,C01785,P0101,1,492.86,Israel,2024-07-13
T0010119,C00937,P0101,1,474.63,UK,2024-11-19
T0010120,C00258,P0129,1,35.1,France,2024-10-06
T0010121,C00090,P0008,2,413.26,Israel,2024-03-11
T0010122,C00920,P0180,5,365.11,France,2024-01-11
T0010123,C01070,P0124,3,299.69,Japan,2024-10-04
T0010124,C01737,P0077,5,74.26,France,2024-07-19
T0010125,C01591,P0125,2,120.22,UK,2024-02-07
T0010126,C01516,P0130,3,228.09,Canada,2024-12-03
T0010127,C01730,P0074,4,120.65,USA,2024-06-11
T0010128,C01098,P0099,3,199.55,Israel,2024-01-03
T0010129,C00548,P0156,4,244.82,Japan,2024-06-30
T0010130,C01539,P0134,3,230.35,Japan,2024-03-07
T0010131,C01834,P0148,2,280.71,UK,2024-06-23
T0010132,C01627,P0134,5,211.15,Japan,2024-06-27
T0010133,C01734,P0088,2,94.79,Israel,2024-10-04
T0010134,C01536,P0180,1,379.44,Brazil,2024-01-31
T0010135,C01325,P0048,4,292.82,Brazil,2024-11-19
T0010136,C00764,P0154,2,47.08,USA,2024-02-12
T0010137,C00430,P0049,3,314.62,Italy,2024-11-27
T0010138,C01415,P0045,1,64.45,UK,2024-05-30
T0010139,C00940,P0092,4,284.53,Brazil,2024-10-15
T0010140,C01878,P0000,5,196.09,Japan,2024-03-18
T0010141,C00473,P0166,2,304.89,Israel,2024-11-11
T0010142,C00094,P0075,1,336.84,Canada,2024-11-11
T0010143,C01088,P0101,1,406.43,Italy,2024-05-03
T0010144,C01637,P0194,3,378.72,Canada,2024-03-03
T0010145,C00133,P0190,5,392.49,France,2024-11-07
T0010146,C01840,P0013,4,135.02,Germany,2024-01-22
T0010147,C01667,P0134,1,187.21,UK,2024-10-06
T0010148,C01799,P0013,5,121.99,France,2024-06-12
T0010149,C00310,P0129,5,35.62,Israel,2024-08-13
T0010150,C00258,P0046,1,388.18,Canada,2024-03-16
T0010151,C01009,P0129,3,31.99,Japan,2024-01-06
T0010152,C01495,P0156,5,240.57,Canada,2024-09-24
T0010153,C00010,P0079,3,258.95,UK,2024-07-02
T0010154,C00795,P0185,4,383.79,Canada,2024-07-22
T0010155,C01936,P0046,3,333.94,Brazil,2024-12-11
T0010156,C00084,P0164,3,311.11,USA,2024-08-19
T0010157,C00858,P0187,1,413.74,USA,2024-07-30
T0010158,C00095,P0191,5,36.17,Canada,2024-03-16
T0010159,C01790,P0189,5,301.65,Israel,2024-04-25
T0010160,C00007,P0048,5,306.93,UK,2024-09-22
T0010161,C00403,P0129,4,36.92,Canada,2024-08-05
T0010162,C01516,P0045,1,52.36,Canada,2024-05-09
T0010163,C01531,P0013,5,135.62,France,2024-08-06
T0010164,C00068,P0013,1,129.78,Israel,2024-10-14
T0010165,C00260,P0065,5,282.78,Germany,2024-01-19
T0010166,C00088,P0024,1,452.83,Japan,2024-04-25
T0010167,C01047,P0116,1,83.38,UK,2024-10-06
T0010168,C01184,P0054,1,253.01,Canada,2024-01-14
T0010169,C01561,P0142,4,63.04,Japan,2024-09-07
T0010170,C00090,P0075,2,365.93,USA,2024-09-18
T0010171,C00557,P0185,2,327.54,Germany,2024-10-18
T0010172,C01140,P0180,5,398.33,Germany,2024-07-06
T0010173,C00168,P0099,3,200.17,Japan,2024-06-11
T0010174,C01015,P0141,4,203.87,Japan,2024-01-30
T0010175,C01760,P0078,2,371.69,Spain,2024-06-01
T0010176,C01935,P0049,5,300.62,Spain,2024-07-29
T0010177,C01642,P0136,3,134.66,Italy,2024-06-14
T0010178,C01936,P0042,4,100.69,Japan,2024-05-16
T0010179,C00213,P0136,1,132.7,Italy,2024-06-28
T0010180,C01362,P0072,4,276.13,France,2024-06-30
T0010181,C00684,P0130,4,247.1,Canada,2024-09-25
T0010182,C01225,P0180,1,332.91,UK,2024-07-08
T0010183,C01410,P0120,3,165.86,Germany,2024-08-18
T0010184,C00823,P0157,5,58.85,Germany,2024-09-03
T0010185,C01974,P0019,2,228.41,Canada,2024-12-05
T0010186,C00235,P0046,4,334.73,Germany,2024-10-20
T0010187,C01045,P0025,2,312.18,UK,2024-12-21
T0010188,C01826,P0146,4,225.56,Canada,2024-12-07
T0010189,C00379,P0013,1,137.47,Germany,2024-07-18
T0010190,C00654,P0106,2,72.77,Japan,2024-04-19
T0010191,C01880,P0109,5,48.93,UK,2024-03-02
T0010192,C01948,P0057,3,107.24,Spain,2024-12-26
T0010193,C00724,P0075,1,354.89,Spain,2024-01-03
T0010194,C00320,P0046,1,338.69,France,2024-10-21
T0010195,C00181,P0096,5,318.23,France,2024-08-26
T0010196,C01070,P0087,5,126.26,Germany,2024-11-09
T0010197,C00279,P0077,3,65.91,USA,2024-12-14
T0010198,C00299,P0119,3,132.02,France,2024-09-19
T0010199,C00676,P0146,3,254.98,Israel,2024-11-13
T0010200,C00106,P0017,1,246.21,Spain,2024-06-14
T0010201,C01532,P0088,1,84.02,Canada,2024-02-26
T0010202,C01494,P0017,4,239.92,Germany,2024-11-03
T0010203,C00429,P0129,4,34.47,Spain,2024-01-23
T0010204,C01631,P0046,2,327.78,USA,2024-06-23
T0010205,C00657,P0190,2,366.17,Japan,2024-06-28
T0010206,C00985,P0105,4,163.36,Italy,2024-05-27
T0010207,C01530,P0036,4,177.48,Israel,2024-10-27
T0010208,C01134,P0185,4,365.25,France,2024-02-05
T0010209,C00124,P0187,1,354.89,USA,2024-02-14
T0010210,C00502,P0111,2,421.18,Germany,2024-12-04
T0010211,C00268,P0119,3,133.8,Germany,2024-09-07
T0010212,C01192,P0101,2,469.42,Israel,2024-02-01
T0010213,C01921,P0197,3,214.32,UK,2024-07-15
T0010214,C00549,P0071,3,76.99,Japan,2024-06-13
T0010215,C00018,P0117,5,174.03,Canada,2024-09-17
T0010216,C00554,P0025,1,310.09,UK,2024-09-07
T0010217,C01045,P0190,2,347.12,Brazil,2024-01-17
T0010218,C00272,P0140,4,228.91,Japan,2024-07-10
T0010219,C00277,P0190,3,353.49,Brazil,2024-04-07
T0010220,C00106,P0056,4,298.11,Brazil,2024-04-15
T0010221,C01875,P0077,2,79.24,Canada,2024-07-17
T0010222,C01952,P0075,5,326.74,Spain,2024-09-21
T0010223,C01768,P0019,3,238.21,Germany,2024-03-19
T0010224,C00323,P0075,4,380.13,Japan,2024-09-07
T0010225,C01501,P0125,1,121.74,Japan,2024-06-15
T0010226,C00551,P0090,2,185.49,Israel,2024-06-23
T0010227,C01263,P0071,3,79.7,UK,2024-07-06
T0010228,C01183,P0017,4,237.24,France,2024-05-30
T0010229,C00662,P0086,2,62.58,Japan,2024-09-03
T0010230,C00543,P0045,1,59.64,Italy,2024-05-31
T0010231,C01981,P0125,2,124.81,Israel,2024-11-14
T0010232,C01620,P0195,4,113.88,Germany,2024-05-08
T0010233,C00557,P0190,3,399.47,Germany,2024-02-18
T0010234,C00754,P0140,1,221.45,Japan,2024-12-27
T0010235,C00931,P0020,5,378.71,Brazil,2024-03-26
T0010236,C01889,P0146,5,232.48,Brazil,2024-02-10
T0010237,C01325,P0190,5,377.85,Germany,2024-10-26
T0010238,C00234,P0013,1,130.51,Spain,2024-04-12
T0010239,C01750,P0125,3,134.13,Germany,2024-10-12
T0010240,C01946,P0054,3,252.37,France,2024-03-14
T0010241,C01619,P0035,1,22.93,USA,2024-05-17
T0010242,C01787,P0013,1,128.02,Japan,2024-05-05
T0010243,C01344,P0013,4,130.67,Israel,2024-12-14
T0010244,C00722,P0059,4,350.23,Israel,2024-11-19
T0010245,C00015,P0084,1,252.38,USA,2024-10-02
T0010246,C01951,P0134,4,212.04,Spain,2024-02-16
T0010247,C00682,P0084,4,237.71,Israel,2024-11-18
T0010248,C01192,P0025,3,324.71,Italy,2024-04-14
T0010249,C00975,P0054,2,223.42,Japan,2024-05-15
T0010250,C01985,P0013,2,124.29,Spain,2024-09-18
T0010251,C00104,P0187,4,348.35,Canada,2024-12-29
T0010252,C01284,P0140,1,249.54,Germany,2024-12-10
T0010253,C01017,P0105,5,157.81,Germany,2024-08-11
T0010254,C01246,P0028,2,412.86,Brazil,2024-08-14
T0010255,C01846,P0075,2,330.17,Canada,2024-02-25
T0010256,C00067,P0048,3,290.24,Brazil,2024-12-19
T0010257,C01240,P0045,3,64.76,Canada,2024-05-02
T0010258,C01112,P0182,5,267.46,Italy,2024-11-14
T0010259,C00738,P0159,5,193.57,Brazil,2024-03-28
T0010260,C01120,P0045,1,54.07,Germany,2024-01-23
T0010261,C01673,P0070,5,18.43,Canada,2024-08-21
T0010262,C00364,P0126,2,367.07,USA,2024-10-22
T0010263,C00634,P0194,1,379.47,UK,2024-07-21
T0010264,C00581,P0080,5,47.46,USA,2024-09-16
T0010265,C01862,P0136,2,133.82,Italy,2024-01-06
T0010266,C00502,P0150,5,185.98,Canada,2024-01-17
T0010267,C01768,P0191,1,34.84,Germany,2024-10-06
T0010268,C00658,P0046,5,355.74,USA,2024-09-07
T0010269,C00435,P0177,3,134.69,Israel,2024-04-18
T0010270,C00322,P0198,5,356.81,Spain,2024-08-20
T0010271,C00396,P0088,5,81.71,Canada,2024-07-04
T0010272,C01052,P0140,5,230.59,Brazil,2024-02-10
T0010273,C00295,P0109,3,49.77,USA,2024-10-15
T0010274,C01574,P0064,3,117.12,Japan,2024-02-25
T0010275,C00984,P0062,1,149.06,France,2024-07-30
T0010276,C01416,P0042,1,112.06,Japan,2024-04-11
T0010277,C01134,P0067,2,275.55,Israel,2024-05-06
T0010278,C01134,P0076,3,254.87,Germany,2024-07-24
T0010279,C01474,P0028,2,435.66,USA,2024-07-27
T0010280,C01721,P0021,3,162.77,UK,2024-09-26
T0010281,C01773,P0054,1,217.29,Israel,2024-07-06
T0010282,C01655,P0125,2,133.34,Spain,2024-02-02
T0010283,C01862,P0054,3,238.79,USA,2024-12-01
T0010284,C00712,P0063,4,259.86,Israel,2024-04-15
T0010285,C01109,P0077,4,69.16,Spain,2024-02-04
T0010286,C01087,P0009,2,21.34,Brazil,2024-06-18
T0010287,C00826,P0136,2,149.5,Canada,2024-05-23
T0010288,C01220,P0088,1,90.09,USA,2024-01-24
T0010289,C00588,P0194,4,364.5,Japan,2024-03-26
T0010290,C01836,P0083,5,257.3,Canada,2024-07-14
T0010291,C00806,P0125,4,140.46,Brazil,2024-07-01
T0010292,C01593,P0177,4,149.55,Israel,2024-03-12
T0010293,C00952,P0179,3,199.34,Spain,2024-05-03
T0010294,C00763,P0054,4,210.44,Germany,2024-01-15
T0010295,C01651,P0185,3,370.76,Brazil,2024-10-07
T0010296,C00709,P0070,5,21.65,Spain,2024-05-15
T0010297,C00942,P0113,4,352.63,Canada,2024-08-29
T0010298,C00395,P0013,5,141.51,Brazil,2024-07-14
T0010299,C00196,P0046,1,385.83,Italy,2024-11-22
T0010300,C00920,P0012,4,234.25,USA,2024-01-19
T0010301,C01291,P0091,1,58.6,Israel,2024-03-21
T0010302,C00330,P0025,3,283.27,Italy,2024-08-02
T0010303,C01283,P0155,2,29.44,UK,2024-12-08
T0010304,C01386,P0088,3,77.34,UK,2024-04-08
T0010305,C00913,P0136,3,155.27,Canada,2024-09-30
T0010306,C00080,P0017,2,242.54,UK,2024-12-15
T0010307,C00718,P0190,2,370.4,UK,2024-10-04
T0010308,C00963,P0071,5,90.12,USA,2024-11-04
T0010309,C01012,P0170,2,406.03,USA,2024-01-13
T0010310,C01562,P0185,1,336.74,France,2024-06-07
T0010311,C01634,P0113,1,366.61,USA,2024-01-09
T0010312,C00662,P0134,1,231.41,Canada,2024-11-05
T0010313,C00726,P0194,1,443.5,Canada,2024-11-27
T0010314,C00378,P0136,1,148.86,Italy,2024-06-30
T0010315,C01846,P0097,4,227.97,Canada,2024-02-04
T0010316,C01150,P0041,2,213.92,Canada,2024-06-23
T0010317,C00975,P0075,2,382.03,Canada,2024-03-29
T0010318,C00028,P0150,4,221.88,Spain,2024-06-13
T0010319,C01211,P0045,2,59.87,Brazil,2024-04-24
T0010320,C01229,P0198,2,313.22,Spain,2024-02-16
T0010321,C01361,P0103,3,405.55,France,2024-11-30
T0010322,C01290,P0156,3,244.61,Japan,2024-09-13
T0010323,C00851,P0016,1,344.7,France,2024-04-11
T0010324,C00291,P0129,2,32.47,Germany,2024-06-24
T0010325,C01868,P0077,1,66.27,Brazil,2024-07-24
T0010326,C01939,P0059,2,308.45,Italy,2024-06-14
T0010327,C00032,P0119,4,145.0,Germany,2024-11-14
T0010328,C01707,P0125,1,139.82,Israel,2024-03-21
T0010329,C01598,P0075,3,341.27,Italy,2024-07-05
T0010330,C00041,P0084,4,231.36,France,2024-02-27
T0010331,C01423,P0060,5,373.22,USA,2024-11-20
T0010332,C01116,P0071,1,85.32,Brazil,2024-07-02
T0010333,C00510,P0145,5,283.17,Italy,2024-07-11
T0010334,C00890,P0023,3,419.01,Spain,2024-12-26
T0010335,C00516,P0162,3,457.18,Israel,2024-07-10
T0010336,C00781,P0180,5,396.24,Spain,2024-02-09
T0010337,C01640,P0161,1,224.89,Canada,2024-01-26
T0010338,C01697,P0199,5,324.66,Germany,2024-04-15
T0010339,C00696,P0113,5,386.8,France,2024-12-11
T0010340,C00553,P0090,2,163.13,UK,2024-09-14
T0010341,C00699,P0001,2,229.51,Spain,2024-12-07
T0010342,C00909,P0194,2,417.85,Spain,2024-10-22
T0010343,C01393,P0049,4,286.32,Israel,2024-10-28
T0010344,C00485,P0114,4,440.62,France,2024-07-08
T0010345,C01010,P0013,5,124.72,Spain,2024-12-09
T0010346,C00064,P0150,5,188.52,Japan,2024-02-19
T0010347,C01121,P0078,2,449.68,Italy,2024-10-28
T0010348,C01871,P0119,3,126.12,Brazil,2024-09-23
T0010349,C01600,P0080,4,47.97,Israel,2024-11-08
T0010350,C01004,P0082,2,119.52,UK,2024-06-19
T0010351,C00834,P0054,2,212.28,Italy,2024-11-16
T0010352,C01704,P0046,4,344.74,UK,2024-05-02
T0010353,C00096,P0173,5,119.91,France,2024-01-09
T0010354,C01547,P0148,3,297.87,Japan,2024-05-16
T0010355,C00225,P0016,3,353.58,UK,2024-09-21
T0010356,C00980,P0099,2,174.0,Brazil,2024-03-26
T0010357,C00076,P0180,4,355.73,Germany,2024-02-22
T0010358,C01742,P0120,2,142.44,Japan,2024-07-18
T0010359,C00744,P0122,4,209.78,Spain,2024-12-02
T0010360,C00113,P0175,2,253.88,France,2024-01-14
T0010361,C00045,P0171,4,404.68,Italy,2024-11-25
T0010362,C01351,P0131,4,108.46,UK,2024-11-09
T0010363,C00848,P0077,4,74.34,Japan,2024-01-25
T0010364,C00230,P0097,3,243.95,Spain,2024-07-27
T0010365,C00994,P0083,4,246.43,Brazil,2024-03-20
T0010366,C00553,P0004,4,182.15,Spain,2024-09-02
T0010367,C01975,P0017,3,249.59,Japan,2024-07-09
T0010368,C00014,P0190,1,404.65,France,2024-07-02
T0010369,C01380,P0166,5,316.06,Japan,2024-04-17
T0010370,C01920,P0057,4,99.65,USA,2024-04-04
T0010371,C00607,P0046,2,319.02,Canada,2024-07-23
T0010372,C00420,P0077,4,70.47,USA,2024-12-16
T0010373,C00522,P0020,5,388.82,France,2024-06-19
T0010374,C00125,P0180,4,353.73,USA,2024-05-07
T0010375,C00760,P0097,5,241.39,Italy,2024-05-04
T0010376,C00703,P0130,4,234.45,Germany,2024-05-03
T0010377,C01481,P0136,3,146.61,Canada,2024-11-07
T0010378,C00404,P0075,3,340.34,USA,2024-11-25
T0010379,C00527,P0062,1,164.96,UK,2024-04-12
T0010380,C01713,P0057,4,95.07,France,2024-01-16
T0010381,C00415,P0109,5,46.54,Israel,2024-02-06
T0010382,C01272,P0158,5,244.6,Brazil,2024-03-20
T0010383,C01959,P0125,3,115.11,USA,2024-01-20
T0010384,C00908,P0185,4,345.51,Canada,2024-12-26
T0010385,C01904,P0121,3,279.14,Germany,2024-04-29
T0010386,C00518,P0045,3,56.22,Spain,2024-06-03
T0010387,C00279,P0178,2,257.14,Brazil,2024-04-09
T0010388,C00886,P0013,4,126.43,Japan,2024-02-25
T0010389,C01249,P0046,3,320.78,Brazil,2024-07-05
T0010390,C00769,P0148,2,289.38,Brazil,2024-02-25
T0010391,C01428,P0146,4,255.3,UK,2024-07-16
T0010392,C00766,P0114,5,412.8,France,2024-02-24
T0010393,C00835,P0013,1,125.39,Spain,2024-06-30
T0010394,C01534,P0144,5,133.52,USA,2024-11-19
T0010395,C01633,P0140,5,254.37,Brazil,2024-07-21
T0010396,C00174,P0009,5,19.66,Germany,2024-12-21
T0010397,C00082,P0045,4,52.7,Brazil,2024-12-13
T0010398,C01984,P0049,4,323.55,France,2024-05-15
T0010399,C01604,P0046,5,354.33,UK,2024-06-04
T0010400,C01651,P0057,5,109.49,USA,2024-04-17
T0010401,C00718,P0156,2,241.82,Japan,2024-10-17
T0010402,C00278,P0103,5,391.96,Germany,2024-03-30
T0010403,C01627,P0117,3,191.57,Spain,2024-09-04
T0010404,C01002,P0194,1,415.11,Japan,2024-05-30
T0010405,C01530,P0047,5,287.66,UK,2024-08-31
T0010406,C00626,P0164,3,303.79,France,2024-12-14
T0010407,C00607,P0125,5,136.12,Israel,2024-12-27
T0010408,C00413,P0180,4,351.85,UK,2024-02-15
T0010409,C01956,P0077,4,70.31,USA,2024-08-20
T0010410,C00556,P0065,4,290.98,France,2024-08-28
T0010411,C01640,P0192,2,254.04,USA,2024-05-17
T0010412,C01293,P0129,2,38.18,UK,2024-05-17
T0010413,C01237,P0101,1,491.8,Canada,2024-03-20
T0010414,C00072,P0070,4,19.95,Brazil,2024-02-28
T0010415,C00546,P0152,4,336.79,Germany,2024-02-16
T0010416,C00049,P0190,5,371.46,Japan,2024-04-23
T0010417,C01738,P0101,5,410.54,USA,2024-02-25
T0010418,C00836,P0083,5,232.07,USA,2024-05-13
T0010419,C00750,P0074,4,106.68,France,2024-06-28
T0010420,C01872,P0025,3,304.59,UK,2024-05-29
T0010421,C00993,P0040,4,348.18,Israel,2024-08-12
T0010422,C01334,P0199,2,316.21,USA,2024-05-26
T0010423,C01644,P0134,3,226.83,UK,2024-02-17
T0010424,C00938,P0134,1,200.4,Spain,2024-07-18
T0010425,C00792,P0065,4,256.86,Spain,2024-05-19
T0010426,C01013,P0047,2,285.66,Spain,2024-01-23
T0010427,C00328,P0176,5,166.46,Canada,2024-09-15
T0010428,C01725,P0112,2,351.02,Israel,2024-08-11
T0010429,C01107,P0054,2,217.95,Israel,2024-12-31
T0010430,C01702,P0048,5,318.47,Spain,2024-02-23
T0010431,C00643,P0019,2,214.65,Canada,2024-12-09
T0010432,C01638,P0031,2,396.0,Spain,2024-07-27
T0010433,C00541,P0013,3,124.66,France,2024-06-23
T0010434,C01370,P0079,1,257.8,Israel,2024-01-24
T0010435,C00068,P0109,1,45.56,USA,2024-08-13
T0010436,C00309,P0046,3,375.7,USA,2024-02-21
T0010437,C00962,P0077,5,76.33,Canada,2024-09-10
T0010438,C00901,P0054,1,219.78,France,2024-10-18
T0010439,C00094,P0180,1,405.25,Israel,2024-09-25
T0010440,C00918,P0082,4,114.06,Germany,2024-06-12
T0010441,C00682,P0152,4,350.66,Canada,2024-02-21
T0010442,C01313,P0002,1,365.48,Germany,2024-06-26
T0010443,C01364,P0184,2,449.18,Germany,2024-05-20
T0010444,C00828,P0105,1,161.46,UK,2024-02-16
T0010445,C01224,P0103,1,384.66,Canada,2024-05-11
T0010446,C01763,P0190,4,349.15,Germany,2024-11-25
T0010447,C00411,P0162,4,420.56,Canada,2024-08-25
T0010448,C01679,P0174,2,340.11,Japan,2024-07-28
T0010449,C01364,P0129,2,34.68,Japan,2024-01-19
T0010450,C00861,P0071,1,82.8,UK,2024-01-26
T0010451,C00350,P0013,3,120.04,USA,2024-09-11
T0010452,C00617,P0048,5,307.73,Brazil,2024-02-15
T0010453,C01894,P0084,4,264.9,Japan,2024-05-11
T0010454,C00693,P0136,5,148.94,Italy,2024-08-05
T0010455,C01768,P0146,5,263.23,Canada,2024-09-21
T0010456,C01181,P0176,3,164.85,Spain,2024-11-28
T0010457,C00197,P0125,3,126.79,Canada,2024-06-20
T0010458,C01749,P0045,2,52.86,Israel,2024-07-16
T0010459,C00606,P0134,1,199.04,Germany,2024-10-27
T0010460,C00489,P0009,1,21.96,Japan,2024-04-07
T0010461,C01839,P0048,5,310.5,Japan,2024-05-16
T0010462,C01156,P0084,5,220.95,Canada,2024-04-12
T0010463,C01196,P0042,2,104.26,Brazil,2024-08-05
T0010464,C01789,P0115,5,313.49,Spain,2024-05-30
T0010465,C01690,P0030,3,136.12,Canada,2024-08-24
T0010466,C00165,P0175,2,207.31,France,2024-02-29
T0010467,C00273,P0168,5,101.91,France,2024-04-28
T0010468,C00428,P0050,5,242.09,Japan,2024-03-10
T0010469,C00170,P0015,5,140.56,Canada,2024-01-02
T0010470,C01198,P0186,3,361.7,Italy,2024-02-21
T0010471,C01533,P0099,2,202.21,Germany,2024-10-23
T0010472,C00209,P0198,5,363.56,Israel,2024-07-16
T0010473,C00372,P0129,3,32.0,France,2024-03-13
T0010474,C00266,P0192,1,219.25,Canada,2024-08-11
T0010475,C00378,P0084,4,244.5,Spain,2024-08-28
T0010476,C01380,P0181,3,306.51,Canada,2024-06-01
T0010477,C00210,P0129,3,33.61,Germany,2024-07-11
T0010478,C01282,P0076,1,281.43,Israel,2024-06-30
T0010479,C00793,P0044,3,352.13,UK,2024-03-01
T0010480,C00735,P0119,4,127.03,Japan,2024-12-05
T0010481,C01144,P0113,2,375.07,France,2024-08-01
T0010482,C01032,P0119,3,130.86,UK,2024-01-18
T0010483,C01887,P0094,3,277.15,Italy,2024-07-09
T0010484,C00603,P0004,2,180.45,USA,2024-12-17
T0010485,C00488,P0177,1,147.36,Brazil,2024-11-17
T0010486,C01957,P0080,3,45.33,Germany,2024-10-14
T0010487,C00368,P0077,2,68.24,France,2024-09-17
T0010488,C01648,P0194,3,443.05,Italy,2024-07-28
T0010489,C01425,P0134,5,209.8,Canada,2024-07-03
T0010490,C00342,P0119,1,126.26,Japan,2024-04-17
T0010491,C01403,P0075,3,385.04,USA,2024-01-10
T0010492,C00876,P0156,5,271.28,Japan,2024-05-02
T0010493,C00845,P0107,1,136.67,Canada,2024-05-04
T0010494,C00530,P0155,1,28.14,USA,2024-01-09
T0010495,C01222,P0136,5,137.73,UK,2024-02-11
T0010496,C00850,P0096,3,381.02,USA,2024-10-23
T0010497,C00987,P0156,1,262.74,Israel,2024-02-21
T0010498,C00014,P0142,4,68.34,France,2024-03-03
T0010499,C00011,P0088,2,91.64,Canada,2024-12-26
T0010500,C01014,P0108,1,433.37,Brazil,2024-05-28
T0010501,C00475,P0076,2,288.47,Japan,2024-02-19
T0010502,C01764,P0028,2,463.07,Spain,2024-12-21
T0010503,C00420,P0113,4,359.16,France,2024-06-10
T0010504,C01032,P0054,5,214.05,Japan,2024-12-18
T0010505,C01624,P0049,5,281.99,USA,2024-02-04
T0010506,C01824,P0022,3,162.95,Italy,2024-06-18
T0010507,C00243,P0161,5,228.98,Japan,2024-02-21
T0010508,C00559,P0107,4,136.07,Brazil,2024-08-23
T0010509,C01579,P0184,2,396.99,Germany,2024-01-04
T0010510,C00636,P0053,2,278.23,Canada,2024-01-21
T0010511,C01093,P0022,4,169.11,Germany,2024-02-04
T0010512,C00471,P0189,4,299.37,UK,2024-02-07
T0010513,C00574,P0156,3,224.89,Japan,2024-11-07
T0010514,C01582,P0046,5,317.82,USA,2024-05-21
T0010515,C01353,P0046,5,371.73,Israel,2024-02-26
T0010516,C00701,P0113,3,389.98,Germany,2024-12-03
T0010517,C00861,P0122,4,208.68,Japan,2024-02-06
T0010518,C01839,P0164,5,295.9,Germany,2024-09-17
T0010519,C00603,P0113,2,373.89,Canada,2024-02-16
T0010520,C01097,P0084,2,228.81,Italy,2024-01-12
T0010521,C01956,P0147,2,434.66,Germany,2024-10-04
T0010522,C01919,P0188,5,369.69,Spain,2024-01-22
T0010523,C00534,P0194,4,379.38,Japan,2024-07-17
T0010524,C01052,P0101,1,465.61,USA,2024-12-05
T0010525,C01286,P0190,5,380.99,Japan,2024-08-30
T0010526,C00839,P0088,4,93.69,France,2024-10-13
T0010527,C01562,P0152,5,355.44,France,2024-12-21
T0010528,C00796,P0169,2,71.11,Italy,2024-09-15
T0010529,C01098,P0119,1,121.47,Japan,2024-02-03
T0010530,C01374,P0195,2,112.07,Canada,2024-03-04
T0010531,C00586,P0019,3,231.65,Germany,2024-10-07
T0010532,C01405,P0084,1,255.41,Israel,2024-06-18
T0010533,C01963,P0151,2,403.57,Italy,2024-09-21
T0010534,C01759,P0080,5,47.52,France,2024-05-18
T0010535,C01130,P0003,5,344.32,Germany,2024-10-22
T0010536,C00690,P0084,4,259.79,Japan,2024-10-11
T0010537,C01872,P0101,2,419.11,Italy,2024-03-15
T0010538,C00810,P0106,3,83.98,Israel,2024-07-10
T0010539,C01271,P0043,1,12.66,France,2024-03-06
T0010540,C00867,P0125,5,141.31,France,2024-12-11
T0010541,C00217,P0166,3,336.36,Italy,2024-06-19
T0010542,C00698,P0084,2,220.9,Israel,2024-10-20
T0010543,C01816,P0077,5,68.12,Canada,2024-10-03
T0010544,C01424,P0185,1,352.64,Israel,2024-04-27
T0010545,C00252,P0185,3,350.96,USA,2024-08-17
T0010546,C01078,P0050,2,218.77,Italy,2024-12-15
T0010547,C01443,P0019,3,205.93,Israel,2024-01-23
T0010548,C00519,P0176,5,163.1,Brazil,2024-03-24
T0010549,C00511,P0049,4,342.37,Spain,2024-12-29
T0010550,C01547,P0096,2,346.31,Brazil,2024-10-08
T0010551,C01683,P0197,3,248.11,Canada,2024-06-28
T0010552,C01361,P0065,2,245.63,Italy,2024-09-27
T0010553,C00535,P0194,4,413.52,Israel,2024-12-18
T0010554,C01800,P0155,3,29.88,France,2024-12-20
T0010555,C01305,P0079,3,286.27,Spain,2024-06-04
T0010556,C00403,P0048,5,352.73,USA,2024-05-30
T0010557,C01185,P0158,1,240.55,Spain,2024-03-19
T0010558,C00732,P0157,5,62.43,Canada,2024-06-25
T0010559,C00128,P0076,3,293.76,USA,2024-06-11
T0010560,C01923,P0180,1,392.32,UK,2024-09-29
T0010561,C01566,P0046,5,357.1,France,2024-04-09
T0010562,C00188,P0013,5,121.78,UK,2024-07-29
T0010563,C01366,P0182,1,275.97,UK,2024-06-16
T0010564,C01016,P0067,5,233.4,France,2024-05-04
T0010565,C01252,P0062,4,150.57,Italy,2024-07-06
T0010566,C00825,P0129,2,32.5,Spain,2024-03-20
T0010567,C01496,P0101,2,418.71,USA,2024-10-19
T0010568,C00854,P0146,2,240.73,USA,2024-05-18
T0010569,C01972,P0185,4,330.85,Brazil,2024-10-25
T0010570,C01265,P0103,5,342.53,Brazil,2024-11-18
T0010571,C01102,P0129,3,38.36,Japan,2024-07-11
T0010572,C01914,P0048,3,335.44,Brazil,2024-02-19
T0010573,C00422,P0045,1,61.21,Canada,2024-03-24
T0010574,C01411,P0180,4,351.91,Germany,2024-01-26
T0010575,C00839,P0170,4,437.83,Israel,2024-10-17
T0010576,C00162,P0146,5,229.28,USA,2024-10-06
T0010577,C00204,P0058,3,260.62,Canada,2024-06-08
T0010578,C00761,P0197,1,221.93,Canada,2024-12-02
T0010579,C00327,P0075,4,347.01,France,2024-05-21
T0010580,C01648,P0103,1,368.82,USA,2024-04-24
T0010581,C00534,P0122,4,230.85,USA,2024-09-26
T0010582,C01952,P0176,2,183.43,Italy,2024-02-03
T0010583,C00846,P0097,1,228.8,Israel,2024-02-15
T0010584,C00993,P0136,3,153.65,UK,2024-05-09
T0010585,C01841,P0050,3,231.34,USA,2024-01-16
T0010586,C01322,P0037,2,80.0,Canada,2024-10-28
T0010587,C01226,P0046,5,343.29,France,2024-11-26
T0010588,C01032,P0045,4,54.01,Germany,2024-09-03
T0010589,C01334,P0099,3,198.75,Brazil,2024-05-15
T0010590,C01768,P0008,5,332.06,Spain,2024-10-12
T0010591,C01728,P0114,3,441.88,Germany,2024-10-29
T0010592,C01903,P0057,2,112.27,Italy,2024-05-18
T0010593,C01408,P0189,3,316.02,France,2024-08-17
T0010594,C01217,P0099,2,183.99,Germany,2024-05-10
T0010595,C01239,P0019,3,200.62,Spain,2024-09-18
T0010596,C01695,P0113,5,364.23,Israel,2024-10-27
T0010597,C00302,P0066,2,277.07,Spain,2024-08-16
T0010598,C01351,P0194,5,404.34,France,2024-01-10
T0010599,C01494,P0113,3,380.71,Canada,2024-02-27
T0010600,C00590,P0194,3,408.56,Israel,2024-10-23
T0010601,C00922,P0136,5,163.5,Germany,2024-12-23
T0010602,C01516,P0008,5,399.78,Canada,2024-05-01
T0010603,C01408,P0020,2,358.45,Brazil,2024-10-13
T0010604,C00251,P0194,3,434.92,Canada,2024-10-30
T0010605,C00682,P0082,3,118.76,France,2024-05-24
T0010606,C00000,P0057,5,107.16,Japan,2024-09-03
T0010607,C01597,P0057,1,112.7,Italy,2024-05-30
T0010608,C01878,P0099,5,187.81,Canada,2024-08-01
T0010609,C01941,P0129,3,36.07,Canada,2024-08-09
T0010610,C01390,P0190,3,339.27,Germany,2024-11-01
T0010611,C00875,P0082,4,111.88,Israel,2024-11-15
T0010612,C01458,P0136,4,133.8,UK,2024-05-04
T0010613,C00808,P0119,1,119.33,France,2024-06-08
T0010614,C00310,P0046,2,325.25,Germany,2024-05-15
T0010615,C01381,P0133,5,274.37,France,2024-06-17
T0010616,C00895,P0083,1,255.63,France,2024-05-25
T0010617,C00986,P0031,5,414.5,UK,2024-04-11
T0010618,C00381,P0134,1,209.49,Canada,2024-06-29
T0010619,C01186,P0199,2,294.58,UK,2024-06-23
T0010620,C00370,P0089,1,165.72,Canada,2024-08-09
T0010621,C01853,P0047,5,270.14,Spain,2024-07-29
T0010622,C01907,P0077,5,77.52,Italy,2024-07-24
T0010623,C00946,P0013,3,118.7,Japan,2024-03-08
T0010624,C00871,P0048,4,351.87,Brazil,2024-01-18
T0010625,C01719,P0059,5,320.51,Spain,2024-12-07
T0010626,C00117,P0142,1,67.09,Germany,2024-02-12
T0010627,C01525,P0140,1,243.09,UK,2024-04-20
T0010628,C01114,P0133,4,320.83,Canada,2024-07-13
T0010629,C01184,P0148,4,267.76,Germany,2024-03-04
T0010630,C00500,P0065,2,284.69,USA,2024-08-30
T0010631,C00940,P0142,2,69.13,Germany,2024-01-02
T0010632,C00609,P0101,2,483.2,Italy,2024-03-14
T0010633,C00988,P0085,1,137.03,Spain,2024-12-08
T0010634,C00500,P0193,4,186.88,Japan,2024-06-14
T0010635,C01188,P0180,3,349.06,Germany,2024-08-12
T0010636,C00205,P0125,1,127.59,UK,2024-04-04
T0010637,C01499,P0039,3,175.11,France,2024-04-22
T0010638,C01273,P0178,2,285.38,Japan,2024-10-21
T0010639,C00369,P0045,5,58.61,France,2024-11-27
T0010640,C01250,P0136,2,136.97,UK,2024-03-12
T0010641,C00272,P0136,4,156.54,France,2024-09-27
T0010642,C00142,P0076,1,270.46,UK,2024-04-14
T0010643,C00984,P0017,3,281.89,Germany,2024-07-27
T0010644,C01044,P0099,5,202.26,Germany,2024-05-21
T0010645,C00479,P0178,2,268.29,Brazil,2024-03-25
T0010646,C00791,P0185,3,335.22,Germany,2024-11-08
T0010647,C01952,P0017,4,241.54,Japan,2024-12-06
T0010648,C00132,P0154,1,49.01,Spain,2024-06-01
T0010649,C01531,P0180,5,348.08,USA,2024-07-20
T0010650,C01384,P0129,5,38.69,France,2024-01-23
T0010651,C00201,P0088,2,89.87,Japan,2024-06-28
T0010652,C00363,P0096,2,382.87,Italy,2024-06-16
T0010653,C00767,P0017,4,241.96,Brazil,2024-08-21
T0010654,C00439,P0184,1,472.25,UK,2024-08-21
T0010655,C00973,P0140,4,252.95,Germany,2024-06-24
T0010656,C01589,P0125,3,121.2,France,2024-02-15
T0010657,C00987,P0059,1,368.79,France,2024-02-26
T0010658,C00367,P0033,3,346.64,USA,2024-05-21
T0010659,C01351,P0057,2,107.53,Italy,2024-11-25
T0010660,C01393,P0004,2,183.03,Israel,2024-11-20
T0010661,C01282,P0180,2,330.78,Spain,2024-04-04
T0010662,C00598,P0194,4,445.3,Canada,2024-09-16
T0010663,C00674,P0042,2,120.71,Israel,2024-04-04
T0010664,C00983,P0076,3,281.13,Spain,2024-06-08
T0010665,C01410,P0012,1,240.89,Italy,2024-10-20
T0010666,C00497,P0101,3,398.87,Brazil,2024-05-17
T0010667,C00628,P0164,3,312.5,Israel,2024-12-31
T0010668,C01162,P0013,4,136.63,France,2024-10-14
T0010669,C01731,P0075,2,321.53,France,2024-04-06
T0010670,C00453,P0180,4,363.06,Spain,2024-07-05
T0010671,C00234,P0186,1,317.93,Brazil,2024-11-05
T0010672,C01936,P0136,2,159.59,Canada,2024-10-31
T0010673,C00276,P0010,4,439.64,Germany,2024-01-08
T0010674,C00288,P0150,4,184.11,Japan,2024-12-06
T0010675,C00389,P0054,1,235.09,USA,2024-11-11
T0010676,C01871,P0099,2,188.69,USA,2024-06-18
T0010677,C01570,P0103,1,344.93,UK,2024-09-21
T0010678,C00600,P0028,2,389.69,Canada,2024-01-04
T0010679,C01894,P0151,5,468.24,France,2024-04-14
T0010680,C01449,P0180,4,351.57,USA,2024-07-11
T0010681,C01035,P0096,5,340.12,Italy,2024-08-22
T0010682,C00596,P0171,4,372.3,Spain,2024-02-12
T0010683,C01911,P0175,5,255.43,Japan,2024-11-09
T0010684,C01818,P0143,3,249.47,France,2024-08-14
T0010685,C00131,P0147,2,380.37,Germany,2024-09-24
T0010686,C01242,P0048,1,309.9,Japan,2024-09-17
T0010687,C01242,P0166,1,347.1,UK,2024-06-10
T0010688,C00433,P0185,4,379.81,France,2024-03-12
T0010689,C00197,P0159,5,197.0,Japan,2024-12-16
T0010690,C01224,P0057,2,96.54,Japan,2024-11-02
T0010691,C01558,P0113,2,373.78,USA,2024-12-14
T0010692,C01916,P0191,5,38.17,France,2024-02-09
T0010693,C01692,P0028,1,469.73,Canada,2024-01-29
T0010694,C01765,P0113,3,339.67,UK,2024-03-06
T0010695,C00303,P0045,1,59.19,Spain,2024-05-28
T0010696,C00328,P0119,1,129.04,Italy,2024-08-26
T0010697,C01362,P0101,4,480.05,USA,2024-08-31
T0010698,C01722,P0084,3,227.19,Canada,2024-09-26
T0010699,C00390,P0169,2,73.99,Canada,2024-10-15
T0010700,C00073,P0159,2,195.23,UK,2024-07-15
T0010701,C00169,P0075,4,358.46,USA,2024-12-12
T0010702,C00844,P0081,5,111.22,Brazil,2024-04-06
T0010703,C01633,P0140,4,258.11,Japan,2024-07-25
T0010704,C01414,P0009,1,19.51,Germany,2024-06-29
T0010705,C00009,P0198,4,362.08,UK,2024-07-04
T0010706,C00701,P0084,5,273.15,USA,2024-02-23
T0010707,C01340,P0018,3,311.09,Spain,2024-12-28
T0010708,C01689,P0054,4,212.71,Israel,2024-08-04
T0010709,C01354,P0023,3,465.49,Israel,2024-10-04
T0010710,C01156,P0141,4,191.7,USA,2024-04-11
T0010711,C00704,P0131,4,103.26,Canada,2024-11-23
T0010712,C00549,P0190,3,365.84,USA,2024-12-11
T0010713,C01410,P0156,3,273.43,France,2024-07-19
T0010714,C01225,P0101,5,404.52,USA,2024-03-20
T0010715,C01715,P0022,1,153.81,Brazil,2024-11-19
T0010716,C01895,P0177,5,120.72,France,2024-08-10
T0010717,C00897,P0062,2,180.05,USA,2024-09-22
T0010718,C01876,P0131,3,124.27,Israel,2024-11-11
T0010719,C00641,P0190,5,349.7,Italy,2024-03-27
T0010720,C01761,P0098,4,453.62,Canada,2024-01-23
T0010721,C01804,P0190,3,401.35,France,2024-04-23
T0010722,C01207,P0063,1,230.95,Canada,2024-02-20
T0010723,C00266,P0042,1,105.07,Italy,2024-07-04
T0010724,C01523,P0117,4,194.65,USA,2024-06-11
T0010725,C00695,P0028,3,459.96,Canada,2024-05-11
T0010726,C01162,P0077,1,77.83,Japan,2024-01-28
T0010727,C01309,P0103,5,350.54,Italy,2024-03-24
T0010728,C00109,P0045,2,58.02,Italy,2024-08-19
T0010729,C00550,P0076,3,297.23,Japan,2024-02-23
T0010730,C01128,P0060,1,403.07,Japan,2024-11-24
T0010731,C00483,P0180,5,402.37,Japan,2024-04-13
T0010732,C01602,P0075,5,374.12,Italy,2024-11-11
T0010733,C00662,P0079,1,243.04,USA,2024-03-10
T0010734,C00280,P0101,1,423.62,Germany,2024-10-28
T0010735,C00606,P0100,1,119.89,USA,2024-07-19
T0010736,C00718,P0042,5,112.25,UK,2024-12-14
T0010737,C00839,P0084,1,222.18,Canada,2024-04-16
T0010738,C00973,P0194,1,441.44,Italy,2024-06-18
T0010739,C01587,P0046,4,377.54,USA,2024-01-17
T0010740,C01611,P0113,2,363.93,Italy,2024-12-12
T0010741,C00510,P0057,4,97.47,Israel,2024-03-21
T0010742,C01600,P0122,3,213.5,Israel,2024-06-11
T0010743,C01639,P0159,4,196.61,Germany,2024-04-01
T0010744,C01263,P0048,2,338.72,Canada,2024-06-18
T0010745,C01561,P0084,1,239.98,Italy,2024-02-11
T0010746,C01838,P0073,2,164.33,Japan,2024-01-03
T0010747,C01111,P0033,2,N/A,UK,2024-04-11
T0010748,C01658,P0180,5,336.74,Canada,2024-06-14
T0010749,C00610,P0057,2,103.09,Germany,2024-04-21
T0010750,C01262,P0004,1,179.41,UK,2024-12-03
T0010751,C00762,P0007,5,422.69,Brazil,2024-09-11
T0010752,C01566,P0134,1,226.64,Japan,2024-02-04
T0010753,C01032,P0148,4,288.7,UK,2024-01-16
T0010754,C01845,P0078,3,386.04,Israel,2024-03-01
T0010755,C00827,P0174,4,311.52,Israel,2024-07-12
T0010756,C01167,P0185,5,339.53,Brazil,2024-05-28
T0010757,C00986,P0131,4,105.51,France,2024-08-15
T0010758,C00861,P0092,1,277.39,Brazil,2024-01-15
T0010759,C00642,P0138,2,57.92,Israel,2024-02-24
T0010760,C00188,P0070,3,18.82,Canada,2024-03-20
T0010761,C01237,P0101,3,449.58,UK,2024-05-29
T0010762,C00018,P0119,3,136.77,USA,2024-11-20
T0010763,C01058,P0048,3,341.83,Japan,2024-05-02
T0010764,C01565,P0176,4,166.17,Italy,2024-07-17
T0010765,C01809,P0080,3,49.8,Brazil,2024-11-18
T0010766,C00190,P0065,3,264.19,USA,2024-06-09
T0010767,C00825,P0008,1,374.61,Japan,2024-08-08
T0010768,C01935,P0045,2,62.43,USA,2024-04-05
T0010769,C01207,P0054,5,251.46,USA,2024-07-19
T0010770,C00023,P0149,4,483.38,Brazil,2024-10-16
T0010771,C00676,P0125,2,120.7,Canada,2024-09-02
T0010772,C01821,P0013,1,124.17,Japan,2024-05-27
T0010773,C01734,P0134,4,231.64,Germany,2024-02-28
T0010774,C00951,P0077,3,70.81,Italy,2024-09-04
T0010775,C01985,P0067,1,246.77,Brazil,2024-04-30
T0010776,C01249,P0099,3,173.61,Israel,2024-01-10
T0010777,C00279,P0019,3,229.35,France,2024-07-02
T0010778,C00043,P0063,5,220.99,Germany,2024-06-07
T0010779,C00985,P0036,4,190.08,Spain,2024-01-30
T0010780,C00107,P0080,5,45.82,Brazil,2024-03-04
T0010781,C01133,P0103,2,331.66,Brazil,2024-06-18
T0010782,C00304,P0184,5,451.13,Brazil,2024-11-08
T0010783,C01741,P0065,1,239.8,Japan,2024-03-02
T0010784,C01088,P0089,2,171.05,UK,2024-08-06
T0010785,C01857,P0180,4,331.31,Brazil,2024-10-20
T0010786,C00841,P0185,5,344.31,Japan,2024-11-15
T0010787,C01905,P0046,4,350.39,Germany,2024-05-02
T0010788,C01974,P0180,1,357.29,USA,2024-11-06
T0010789,C00829,P0140,3,252.24,France,2024-01-22
T0010790,C00981,P0158,1,244.14,USA,2024-06-04
T0010791,C01398,P0077,2,65.88,Spain,2024-09-04
T0010792,C01470,P0076,4,306.73,Canada,2024-10-23
T0010793,C00840,P0165,1,403.36,France,2024-07-22
T0010794,C00865,P0130,5,254.2,Japan,2024-10-19
T0010795,C00957,P0103,4,383.91,Japan,2024-12-12
T0010796,C01714,P0125,5,118.29,Israel,2024-08-25
T0010797,C00354,P0110,1,48.2,France,2024-11-03
T0010798,C01449,P0156,4,222.9,France,2024-11-24
T0010799,C01449,P0019,4,206.95,Spain,2024-07-24
T0010800,C00817,P0020,1,340.31,USA,2024-08-13
T0010801,C01776,P0142,2,68.64,Japan,2024-02-07
T0010802,C00596,P0190,1,379.17,Israel,2024-04-09
T0010803,C01509,P0019,1,225.89,UK,2024-12-21
T0010804,C00504,P0187,4,365.02,Japan,2024-12-21
T0010805,C00522,P0012,4,256.73,UK,2024-07-18
T0010806,C00207,P0134,2,198.84,France,2024-07-22
T0010807,C01574,P0013,2,140.69,USA,2024-07-05
T0010808,C00322,P0129,2,35.0,Japan,2024-02-14
T0010809,C01124,P0070,1,18.62,Spain,2024-05-24
T0010810,C00409,P0125,5,134.62,Germany,2024-12-16
T0010811,C01698,P0185,1,383.53,USA,2024-10-31
T0010812,C01906,P0005,4,102.85,Canada,2024-07-19
T0010813,C00090,P0100,5,114.36,Spain,2024-08-13
T0010814,C01297,P0136,5,135.68,Germany,2024-05-13
T0010815,C01153,P0113,2,385.57,Japan,2024-05-15
T0010816,C01903,P0194,1,417.69,France,2024-09-16
T0010817,C01120,P0087,5,114.13,Italy,2024-05-12
T0010818,C00844,P0054,4,249.94,Germany,2024-08-04
T0010819,C00883,P0135,4,192.38,Israel,2024-04-18
T0010820,C00241,P0152,2,351.2,Brazil,2024-11-22
T0010821,C01465,P0036,2,214.63,Canada,2024-08-16
T0010822,C00651,P0014,4,237.13,Spain,2024-09-26
T0010823,C00595,P0124,3,334.19,Italy,2024-07-13
T0010824,C00907,P0136,5,157.44,Italy,2024-08-15
T0010825,C00806,P0059,5,299.15,Brazil,2024-05-08
T0010826,C01372,P0164,3,320.43,Spain,2024-01-23
T0010827,C01050,P0054,1,256.45,USA,2024-12-21
T0010828,C01481,P0053,4,312.85,Israel,2024-02-03
T0010829,C00481,P0161,5,247.08,Israel,2024-07-20
T0010830,C00399,P0078,2,432.13,France,2024-03-03
T0010831,C00744,P0013,5,141.21,Israel,2024-08-25
T0010832,C01627,P0019,4,204.05,France,2024-01-13
T0010833,C01419,P0077,1,68.12,Brazil,2024-07-22
T0010834,C00891,P0057,4,103.5,Japan,2024-01-28
T0010835,C00110,P0190,4,394.73,Italy,2024-08-17
T0010836,C00450,P0185,1,329.72,UK,2024-07-03
T0010837,C01811,P0140,3,250.08,Japan,2024-01-07
T0010838,C01488,P0057,1,92.59,Brazil,2024-11-27
T0010839,C01424,P0190,4,402.01,Italy,2024-06-22
T0010840,C01242,P0155,5,33.13,France,2024-06-03
T0010841,C00168,P0090,3,177.5,Canada,2024-06-21
T0010842,C01168,P0185,5,362.33,USA,2024-11-21
T0010843,C01930,P0148,1,288.31,Germany,2024-07-04
T0010844,C01127,P0019,4,202.53,UK,2024-04-24
T0010845,C01474,P0094,4,276.39,Japan,2024-01-06
T0010846,C01609,P0019,3,220.19,Italy,2024-08-16
T0010847,C01888,P0187,4,416.88,Italy,2024-07-16
T0010848,C01236,P0004,1,164.58,UK,2024-02-22
T0010849,C01660,P0019,2,199.23,Canada,2024-06-12
T0010850,C01222,P0129,1,34.37,Brazil,2024-06-20
T0010851,C01258,P0084,3,264.76,UK,2024-04-08
T0010852,C00249,P0114,4,400.1,Germany,2024-07-18
T0010853,C01989,P0048,2,335.75,France,2024-07-11
T0010854,C00710,P0017,4,239.36,UK,2024-06-26
T0010855,C00752,P0184,5,437.27,France,2024-09-17
T0010856,C01868,P0192,5,230.17,Brazil,2024-08-10
T0010857,C01655,P0077,2,74.68,UK,2024-08-21
T0010858,C00444,P0046,1,376.04,Germany,2024-03-30
T0010859,C01235,P0109,3,44.84,Spain,2024-07-10
T0010860,C01371,P0107,2,120.2,Brazil,2024-06-15
T0010861,C00823,P0158,2,291.86,Israel,2024-10-03
T0010862,C00616,P0096,1,317.6,Brazil,2024-12-25
T0010863,C00780,P0048,5,315.42,Italy,2024-11-20
T0010864,C00103,P0019,3,203.71,USA,2024-08-07
T0010865,C01455,P0024,2,419.83,Germany,2024-11-22
T0010866,C01573,P0186,4,368.1,Israel,2024-09-10
T0010867,C01817,P0113,4,379.37,Brazil,2024-02-05
T0010868,C00548,P0010,3,435.84,UK,2024-07-20
T0010869,C01624,P0101,2,493.27,Japan,2024-05-30
T0010870,C01187,P0134,2,198.26,Italy,2024-12-02
T0010871,C00197,P0180,3,364.33,Israel,2024-01-15
T0010872,C00529,P0023,5,409.0,Brazil,2024-08-22
T0010873,C00924,P0101,1,496.15,Japan,2024-01-28
T0010874,C00487,P0176,4,179.48,Brazil,2024-04-18
T0010875,C00616,P0125,4,139.82,Germany,2024-08-27
T0010876,C01650,P0194,4,385.04,Spain,2024-06-27
T0010877,C00060,P0117,2,180.43,France,2024-08-26
T0010878,C01746,P0048,1,323.1,Israel,2024-06-11
T0010879,C00992,P0129,5,36.17,UK,2024-12-26
T0010880,C00741,P0131,3,116.93,Israel,2024-08-20
T0010881,C01645,P0074,2,107.01,Brazil,2024-02-08
T0010882,C01902,P0145,4,297.1,Brazil,2024-06-16
T0010883,C01614,P0171,5,367.86,Italy,2024-04-30
T0010884,C01748,P0129,1,31.66,UK,2024-10-12
T0010885,C00489,P0046,3,364.22,Canada,2024-01-12
T0010886,C01135,P0194,2,383.92,France,2024-12-08
T0010887,C00948,P0046,2,375.13,Germany,2024-05-20
T0010888,C01559,P0113,2,381.25,Japan,2024-03-30
T0010889,C01811,P0088,3,95.56,Spain,2024-09-12
T0010890,C00553,P0155,4,30.46,Israel,2024-01-21
T0010891,C01677,P0013,1,131.53,Spain,2024-05-09
T0010892,C00046,P0103,1,396.47,UK,2024-08-12
T0010893,C00571,P0190,4,361.48,Israel,2024-05-25
T0010894,C01645,P0076,4,285.95,Japan,2024-09-03
T0010895,C01630,P0187,4,351.26,Japan,2024-12-10
T0010896,C01756,P0101,1,498.43,USA,2024-12-11
T0010897,C00004,P0054,4,214.73,Germany,2024-02-04
T0010898,C00953,P0140,5,212.95,Spain,2024-11-02
T0010899,C01740,P0077,1,67.59,Germany,2024-06-06
T0010900,C00823,P0076,2,301.06,UK,2024-01-03
T0010901,C00978,P0057,1,97.42,Israel,2024-09-04
T0010902,C01360,P0130,3,217.33,Italy,2024-04-03
T0010903,C00415,P0121,1,270.95,USA,2024-04-16
T0010904,C01327,P0019,1,197.39,UK,2024-04-06
T0010905,C01671,P0119,5,134.3,Spain,2024-01-30
T0010906,C01415,P0054,5,225.31,Israel,2024-09-02
T0010907,C00166,P0194,4,390.5,Spain,2024-10-06
T0010908,C01244,P0142,3,61.21,USA,2024-01-11
T0010909,C00400,P0119,2,122.52,Spain,2024-11-05
T0010910,C00241,P0184,4,445.24,Germany,2024-12-11
T0010911,C01754,P0096,5,357.48,Germany,2024-10-15
T0010912,C01964,P0195,5,128.86,Italy,2024-11-15
T0010913,C00460,P0054,4,239.28,UK,2024-01-30
T0010914,C00589,P0045,4,63.94,France,2024-12-17
T0010915,C00199,P0190,5,353.74,France,2024-01-14
T0010916,C01804,P0002,3,403.29,USA,2024-07-19
T0010917,C01438,P0173,3,113.15,France,2024-10-07
T0010918,C01566,P0101,1,434.53,France,2024-12-24
T0010919,C00520,P0129,4,37.78,France,2024-07-13
T0010920,C00134,P0113,1,353.7,Japan,2024-04-10
T0010921,C00019,P0019,4,221.01,Israel,2024-06-06
T0010922,C01418,P0131,4,102.57,Italy,2024-01-13
T0010923,C00435,P0129,5,31.66,Canada,2024-02-05
T0010924,C01739,P0048,1,293.69,Germany,2024-09-08
T0010925,C01830,P0102,2,117.44,USA,2024-02-29
T0010926,C00054,P0099,5,202.09,Italy,2024-06-13
T0010927,C00806,P0158,2,263.12,Spain,2024-06-20
T0010928,C01170,P0115,4,321.8,Germany,2024-01-07
T0010929,C01874,P0140,2,224.5,Germany,2024-03-16
T0010930,C00384,P0045,5,55.04,Brazil,2024-05-30
T0010931,C01537,P0076,4,259.8,Italy,2024-09-23
T0010932,C00370,P0077,5,78.12,Israel,2024-05-09
T0010933,C00663,P0046,4,377.53,Japan,2024-10-16
T0010934,C01950,P0017,4,226.93,Spain,2024-01-30
T0010935,C01652,P0194,2,433.44,USA,2024-09-26
T0010936,C00268,P0077,3,77.16,Italy,2024-08-20
T0010937,C01490,P0187,1,368.02,Italy,2024-06-01
T0010938,C01079,P0094,3,274.07,France,2024-06-28
T0010939,C01258,P0117,1,179.81,Brazil,2024-01-25
T0010940,C01499,P0140,1,219.09,Brazil,2024-09-17
T0010941,C00103,P0076,4,257.55,Germany,2024-03-28
T0010942,C01521,P0161,5,229.69,Israel,2024-12-18
T0010943,C01190,P0151,5,391.72,USA,2024-09-30
T0010944,C01663,P0064,2,141.73,Israel,2024-11-10
T0010945,C01856,P0085,5,125.88,Germany,2024-06-30
T0010946,C01562,P0077,4,67.87,Italy,2024-09-13
T0010947,C00621,P0138,4,51.39,Italy,2024-10-20
T0010948,C00855,P0163,5,56.83,France,2024-02-18
T0010949,C00122,P0017,2,276.78,Israel,2024-12-29
T0010950,C01801,P0113,4,343.29,Germany,2024-04-04
T0010951,C00292,P0048,5,301.55,UK,2024-06-03
T0010952,C00543,P0013,2,120.96,USA,2024-08-17
T0010953,C00430,P0160,1,256.07,Germany,2024-04-01
T0010954,C00183,P0008,2,365.72,Brazil,2024-08-08
T0010955,C00092,P0169,5,65.77,Spain,2024-05-02
T0010956,C01947,P0122,1,206.45,Canada,2024-07-10
T0010957,C00142,P0032,5,386.92,Canada,2024-10-23
T0010958,C00586,P0045,5,60.48,Spain,2024-06-12
T0010959,C00268,P0142,5,65.55,Israel,2024-02-26
T0010960,C00673,P0047,4,270.54,Spain,2024-10-06
T0010961,C00962,P0194,1,375.55,Germany,2024-07-30
T0010962,C00130,P0140,3,252.03,Germany,2024-10-27
T0010963,C01390,P0104,2,43.57,Spain,2024-10-07
T0010964,C00396,P0089,3,166.69,Spain,2024-07-21
T0010965,C00401,P0045,5,62.71,USA,2024-03-02
T0010966,C01478,P0197,1,203.85,Canada,2024-11-15
T0010967,C01852,P0131,1,112.12,Canada,2024-12-27
T0010968,C01328,P0017,3,245.39,Italy,2024-03-31
T0010969,C01972,P0101,3,405.67,Canada,2024-01-10
T0010970,C00848,P0180,2,340.53,France,2024-04-15
T0010971,C00109,P0103,3,354.72,Spain,2024-11-07
T0010972,C01113,P0157,3,57.88,Brazil,2024-09-19
T0010973,C01831,P0131,1,104.89,France,2024-08-23
T0010974,C01032,P0190,5,364.08,UK,2024-11-16
T0010975,C01211,P0155,5,32.31,Germany,2024-05-05
T0010976,C00120,P0190,3,408.24,Japan,2024-12-21
T0010977,C01378,P0075,3,373.58,Brazil,2024-12-07
T0010978,C00014,P0048,3,342.01,Spain,2024-09-02
T0010979,C00151,P0168,1,123.44,Israel,2024-03-25
T0010980,C01583,P0039,4,160.33,France,2024-03-14
T0010981,C00168,P0067,3,263.92,Israel,2024-06-17
T0010982,C00731,P0013,3,131.58,UK,2024-08-05
T0010983,C01680,P0147,1,441.61,France,2024-07-28
T0010984,C00508,P0048,5,324.62,UK,2024-11-06
T0010985,C00093,P0099,4,165.11,Japan,2024-03-16
T0010986,C01769,P0045,4,56.92,Italy,2024-02-26
T0010987,C01871,P0046,1,347.71,Germany,2024-11-28
T0010988,C01204,P0042,3,101.59,Brazil,2024-08-18
T0010989,C00461,P0114,5,388.91,Israel,2024-01-28
T0010990,C00801,P0065,2,248.75,Japan,2024-02-18
T0010991,C01111,P0062,4,170.39,USA,2024-12-28
T0010992,C00882,P0186,4,365.71,Brazil,2024-01-07
T0010993,C01291,P0048,4,328.53,UK,2024-01-04
T0010994,C00246,P0129,5,37.25,USA,2024-05-24
T0010995,C01244,P0129,2,31.43,UK,2024-09-20
T0010996,C01711,P0019,5,208.35,Germany,2024-03-06
T0010997,C01816,P0119,2,141.92,Brazil,2024-02-08
T0010998,C00367,P0057,4,105.84,USA,2024-12-02
T0010999,C00945,P0186,1,319.29,Canada,2024-06-04
T0011000,C01347,P0047,5,287.57,Italy,2024-05-23
T0011001,C00629,P0125,5,138.79,Israel,2024-06-14
T0011002,C00538,P0187,3,362.04,Germany,2024-06-23
T0011003,C00567,P0077,5,72.09,Spain,2024-08-25
T0011004,C00956,P0059,4,346.3,France,2024-09-29
T0011005,C01643,P0076,3,265.57,France,2024-03-14
T0011006,C01982,P0106,5,74.56,Italy,2024-09-24
T0011007,C01682,P0140,3,213.09,Canada,2024-01-11
T0011008,C00478,P0046,5,362.6,Spain,2024-12-06
T0011009,C01336,P0009,1,19.42,Canada,2024-11-13
T0011010,C01600,P0045,5,55.1,Canada,2024-01-23
T0011011,C00526,P0177,1,144.93,USA,2024-04-01
T0011012,C00923,P0088,3,82.14,Spain,2024-05-09
T0011013,C00877,P0156,4,261.2,UK,2024-02-27
T0011014,C01050,P0045,2,63.63,Brazil,2024-05-18
T0011015,C00723,P0065,4,255.54,Israel,2024-02-01
T0011016,C00468,P0117,1,195.67,UK,2024-04-21
T0011017,C01110,P0025,3,307.43,UK,2024-10-05
T0011018,C00600,P0046,3,385.58,Israel,2024-04-21
T0011019,C01814,P0012,5,265.39,Germany,2024-06-06
T0011020,C01568,P0076,3,285.12,Spain,2024-11-18
T0011021,C00107,P0103,2,339.78,Israel,2024-11-09
T0011022,C01893,P0046,4,364.53,UK,2024-10-17
T0011023,C01104,P0193,5,186.39,UK,2024-09-20
T0011024,C01067,P0190,2,354.92,UK,2024-12-13
T0011025,C00741,P0180,4,404.61,Japan,2024-05-12
T0011026,C00292,P0084,2,236.4,France,2024-01-08
T0011027,C01778,P0191,3,34.54,Canada,2024-05-20
T0011028,C01730,P0160,4,273.83,Japan,2024-01-19
T0011029,C00322,P0030,1,126.87,Italy,2024-09-16
T0011030,C01746,P0085,5,120.98,Spain,2024-04-26
T0011031,C01914,P0140,2,229.22,Germany,2024-07-10
T0011032,C00733,P0109,1,49.69,Israel,2024-12-03
T0011033,C01597,P0190,4,358.52,Israel,2024-07-04
T0011034,C00332,P0037,2,83.39,Brazil,2024-10-18
T0011035,C00719,P0131,3,112.44,Canada,2024-09-02
T0011036,C01662,P0070,2,21.16,Canada,2024-10-06
T0011037,C01080,P0111,3,428.86,France,2024-10-20
T0011038,C00012,P0013,3,130.28,UK,2024-01-03
T0011039,C00788,P0070,2,19.65,Spain,2024-03-22
T0011040,C00568,P0175,1,206.01,Israel,2024-11-25
T0011041,C00732,P0133,1,286.19,Germany,2024-08-24
T0011042,C00073,P0079,2,251.8,Israel,2024-06-25
T0011043,C00219,P0019,1,191.74,Canada,2024-04-24
T0011044,C00563,P0057,2,98.13,UK,2024-09-15
T0011045,C00675,P0161,5,223.15,Brazil,2024-09-18
T0011046,C01615,P0180,4,354.01,Brazil,2024-01-21
T0011047,C00375,P0004,3,164.33,France,2024-01-03
T0011048,C01630,P0075,4,330.3,Brazil,2024-02-14
T0011049,C01476,P0075,5,356.85,UK,2024-01-08
T0011050,C00267,P0154,1,48.63,Japan,2024-08-27
T0011051,C00135,P0065,5,296.41,Brazil,2024-03-07
T0011052,C01269,P0084,2,245.26,Italy,2024-10-28
T0011053,C00878,P0125,5,116.34,Italy,2024-02-26
T0011054,C00507,P0129,4,38.06,Germany,2024-04-18
T0011055,C01887,P0062,3,177.78,USA,2024-10-24
T0011056,C01317,P0107,3,111.85,Spain,2024-08-16
T0011057,C01689,P0071,2,80.12,Spain,2024-08-21
T0011058,C00822,P0103,2,388.74,Spain,2024-11-20
T0011059,C01082,P0046,1,323.4,Israel,2024-11-27
T0011060,C01869,P0178,4,280.68,Japan,2024-11-29
T0011061,C01353,P0019,4,215.83,UK,2024-01-26
T0011062,C00903,P0061,2,418.01,Germany,2024-12-30
T0011063,C00222,P0045,1,53.11,Canada,2024-08-09
T0011064,C01974,P0137,5,243.87,Germany,2024-07-10
T0011065,C01477,P0101,5,450.98,Brazil,2024-10-20
T0011066,C01086,P0045,5,65.23,Italy,2024-10-10
T0011067,C00831,P0190,3,414.97,UK,2024-09-08
T0011068,C01765,P0017,1,245.15,France,2024-09-05
T0011069,C01192,P0045,1,61.5,Germany,2024-04-29
T0011070,C01386,P0190,2,409.74,UK,2024-05-13
T0011071,C01159,P0101,2,421.54,USA,2024-05-13
T0011072,C01344,P0147,2,438.44,Italy,2024-07-05
T0011073,C01173,P0111,2,425.12,Spain,2024-07-14
T0011074,C00161,P0125,3,115.1,Spain,2024-07-10
T0011075,C00579,P0184,1,490.74,UK,2024-02-25
T0011076,C01455,P0142,1,69.55,Italy,2024-09-25
T0011077,C01713,P0046,2,327.86,Canada,2024-05-31
T0011078,C00081,P0075,2,349.48,Italy,2024-06-06
T0011079,C00834,P0163,4,59.47,Italy,2024-01-01
T0011080,C01988,P0016,3,343.1,France,2024-12-26
T0011081,C00412,P0155,3,33.32,Brazil,2024-06-19
T0011082,C00203,P0062,5,164.23,Germany,2024-07-05
T0011083,C00058,P0019,4,216.17,Germany,2024-07-24
T0011084,C01005,P0181,3,313.93,Spain,2024-05-23
T0011085,C01728,P0075,5,356.03,Spain,2024-06-07
T0011086,C00702,P0140,4,235.87,Israel,2024-01-24
T0011087,C01180,P0048,3,310.27,Italy,2024-05-19
T0011088,C00920,P0110,3,46.72,Canada,2024-04-05
T0011089,C01598,P0129,4,32.05,UK,2024-05-10
T0011090,C01281,P0154,4,48.89,Canada,2024-11-06
T0011091,C00522,P0140,4,245.91,Spain,2024-10-12
T0011092,C00552,P0187,1,398.51,Japan,2024-04-27
T0011093,C00533,P0175,2,245.85,Japan,2024-03-13
T0011094,C00885,P0078,2,385.28,Italy,2024-07-20
T0011095,C00198,P0180,5,408.41,France,2024-05-18
T0011096,C00087,P0003,4,310.93,Canada,2024-12-15
T0011097,C00132,P0110,3,50.7,France,2024-04-03
T0011098,C00377,P0187,3,390.79,Germany,2024-03-12
T0011099,C01389,P0196,2,89.62,Germany,2024-02-03
T0011100,C00219,P0192,4,227.94,France,2024-01-28
T0011101,C01554,P0091,1,68.01,Japan,2024-02-04
T0011102,C01919,P0129,4,31.42,Brazil,2024-02-29
T0011103,C00323,P0129,1,38.84,Israel,2024-04-18
T0011104,C01421,P0036,2,179.22,USA,2024-07-20
T0011105,C01836,P0129,1,37.84,Italy,2024-04-18
T0011106,C00639,P0167,2,283.48,Brazil,2024-06-25
T0011107,C00897,P0013,1,136.25,Brazil,2024-10-22
T0011108,C01783,P0125,5,123.81,Italy,2024-01-01
T0011109,C01632,P0059,2,305.0,Japan,2024-07-22
T0011110,C00057,P0050,1,226.07,UK,2024-07-13
T0011111,C00525,P0107,1,120.29,Germany,2024-02-26
T0011112,C00813,P0180,1,372.78,Israel,2024-05-21
T0011113,C00024,P0193,5,201.47,Japan,2024-08-24
T0011114,C01504,P0109,3,51.94,USA,2024-10-24
T0011115,C01897,P0084,3,227.7,Spain,2024-09-13
T0011116,C00894,P0096,5,383.03,France,2024-09-26
T0011117,C01368,P0103,2,339.71,Canada,2024-05-14
T0011118,C00084,P0131,4,122.9,Canada,2024-09-25
T0011119,C00543,P0011,2,317.48,UK,2024-01-17
T0011120,C00237,P0167,5,327.77,USA,2024-03-01
T0011121,C01244,P0113,2,340.32,Japan,2024-12-09
T0011122,C01936,P0057,2,112.91,USA,2024-05-10
T0011123,C00395,P0119,2,124.26,Germany,2024-10-05
T0011124,C01291,P0118,2,445.14,UK,2024-10-19
T0011125,C01740,P0084,4,222.66,Canada,2024-05-14
T0011126,C01636,P0142,1,60.78,USA,2024-11-28
T0011127,C00058,P0046,1,331.67,Brazil,2024-12-28
T0011128,C00342,P0122,4,208.69,Brazil,2024-10-09
T0011129,C00514,P0017,5,229.38,France,2024-09-13
T0011130,C00149,P0136,1,147.99,USA,2024-06-18
T0011131,C00386,P0070,2,19.74,Japan,2024-04-19
T0011132,C00967,P0075,1,317.14,UK,2024-11-13
T0011133,C01118,P0156,4,225.61,Spain,2024-11-13
T0011134,C00692,P0062,1,170.98,Brazil,2024-05-22
T0011135,C01490,P0075,5,331.11,UK,2024-03-13
T0011136,C01703,P0146,2,249.19,Spain,2024-04-18
T0011137,C00968,P0084,4,246.34,Germany,2024-12-30
T0011138,C01019,P0129,2,36.43,UK,2024-04-25
T0011139,C01980,P0103,4,410.78,Germany,2024-08-03
T0011140,C00995,P0134,1,225.71,Canada,2024-09-13
T0011141,C00086,P0065,1,289.73,UK,2024-05-01
T0011142,C00462,P0048,1,352.02,Israel,2024-09-24
T0011143,C00656,P0113,4,370.09,Canada,2024-02-11
T0011144,C01857,P0037,3,73.81,Germany,2024-07-08
T0011145,C00639,P0076,4,273.23,Brazil,2024-10-29
T0011146,C01585,P0046,5,377.11,France,2024-06-26
T0011147,C01131,P0075,4,341.05,UK,2024-01-27
T0011148,C01202,P0136,3,154.61,France,2024-06-16
T0011149,C00159,P0025,5,271.94,Germany,2024-10-10
T0011150,C01685,P0177,5,133.36,Israel,2024-11-18
T0011151,C00560,P0078,1,445.18,Israel,2024-08-17
T0011152,C00122,P0075,5,350.1,Japan,2024-05-21
T0011153,C00715,P0185,2,323.3,Italy,2024-11-11
T0011154,C00361,P0034,2,140.48,Germany,2024-10-06
T0011155,C01845,P0013,3,121.97,Brazil,2024-08-14
T0011156,C00846,P0119,3,140.18,USA,2024-12-02
T0011157,C01816,P0194,2,370.11,USA,2024-07-27
T0011158,C00142,P0046,1,326.08,Israel,2024-07-21
T0011159,C00834,P0134,4,201.73,Israel,2024-04-20
T0011160,C00989,P0084,2,260.96,France,2024-12-30
T0011161,C01448,P0129,5,35.39,Brazil,2024-05-11
T0011162,C00730,P0180,2,356.28,Canada,2024-11-06
T0011163,C01702,P0142,1,65.62,Canada,2024-06-05
T0011164,C00688,P0096,5,365.32,Brazil,2024-07-25
T0011165,C01989,P0086,4,55.55,UK,2024-08-05
T0011166,C00656,P0013,1,141.84,Italy,2024-12-19
T0011167,C00186,P0046,1,379.74,Canada,2024-01-11
T0011168,C00758,P0101,2,467.78,Italy,2024-01-20
T0011169,C00641,P0075,5,318.68,France,2024-09-17
T0011170,C00830,P0103,4,330.97,Germany,2024-02-25
T0011171,C01291,P0017,4,232.45,USA,2024-02-04
T0011172,C01003,P0059,5,344.21,Spain,2024-06-18
T0011173,C01309,P0101,5,441.35,Canada,2024-04-19
T0011174,C00873,P0194,3,393.25,Germany,2024-02-05
T0011175,C00578,P0013,5,131.25,France,2024-07-14
T0011176,C00120,P0009,2,19.15,France,2024-09-07
T0011177,C01881,P0190,5,338.01,France,2024-09-25
T0011178,C01414,P0101,2,471.12,France,2024-07-25
T0011179,C00967,P0180,1,369.91,USA,2024-02-25
T0011180,C01312,P0076,1,266.42,Canada,2024-05-28
T0011181,C00076,P0162,1,383.37,Israel,2024-08-28
T0011182,C01098,P0045,2,56.78,Japan,2024-05-09
T0011183,C01702,P0046,4,352.02,Italy,2024-01-01
T0011184,C01945,P0185,3,352.27,Germany,2024-05-05
T0011185,C00148,P0028,1,442.8,France,2024-07-10
T0011186,C00036,P0000,1,210.29,Canada,2024-08-28
T0011187,C00176,P0081,3,114.64,Spain,2024-06-03
T0011188,C00809,P0119,1,135.62,Germany,2024-02-21
T0011189,C01840,P0125,3,127.17,Germany,2024-09-02
T0011190,C01288,P0089,3,147.92,France,2024-03-09
T0011191,C01157,P0002,1,413.03,France,2024-12-04
T0011192,C01922,P0084,2,238.97,Germany,2024-04-27
T0011193,C00173,P0067,2,264.57,Germany,2024-01-04
T0011194,C00302,P0075,4,377.31,UK,2024-12-29
T0011195,C00721,P0032,4,381.0,Japan,2024-06-06
T0011196,C00096,P0009,4,23.33,France,2024-05-04
T0011197,C01934,P0131,5,103.36,Israel,2024-12-04
T0011198,C00828,P0057,1,110.66,Japan,2024-07-20
T0011199,C00581,P0054,3,217.05,Spain,2024-11-14
T0011200,C00018,P0122,5,212.48,Israel,2024-11-01
T0011201,C01472,P0065,2,296.48,Germany,2024-05-20
T0011202,C01936,P0019,5,206.44,USA,2024-05-25
T0011203,C00519,P0054,1,245.62,Brazil,2024-06-22
T0011204,C00119,P0065,1,266.71,Brazil,2024-04-14
T0011205,C01069,P0118,5,396.31,Japan,2024-11-30
T0011206,C00066,P0103,5,367.97,France,2024-01-03
T0011207,C01565,P0197,4,230.16,Spain,2024-03-09
T0011208,C01162,P0184,3,485.88,Italy,2024-11-02
T0011209,C01470,P0078,4,411.67,Germany,2024-04-18
T0011210,C01464,P0068,3,97.63,Spain,2024-12-06
T0011211,C01078,P0129,3,32.51,Italy,2024-02-05
T0011212,C01536,P0096,4,361.56,Italy,2024-07-22
T0011213,C01111,P0041,3,200.79,Israel,2024-07-09
T0011214,C01963,P0113,1,383.85,Brazil,2024-07-27
T0011215,C01482,P0092,4,240.14,France,2024-04-13
T0011216,C01648,P0148,5,324.61,Brazil,2024-08-16
T0011217,C01774,P0060,4,398.95,Germany,2024-09-28
T0011218,C01258,P0057,1,103.99,USA,2024-06-04
T0011219,C00372,P0057,2,104.65,Spain,2024-08-08
T0011220,C01252,P0131,1,115.8,Italy,2024-06-24
T0011221,C00045,P0046,4,368.43,Canada,2024-07-04
T0011222,C00109,P0180,3,343.67,Brazil,2024-09-18
T0011223,C00925,P0157,5,59.84,UK,2024-08-10
T0011224,C00815,P0175,5,234.2,UK,2024-05-11
T0011225,C01529,P0190,1,355.23,Canada,2024-09-29
T0011226,C00300,P0129,1,37.92,Brazil,2024-10-08
T0011227,C01402,P0048,3,339.7,Germany,2024-08-14
T0011228,C01918,P0046,4,360.8,Germany,2024-03-16
T0011229,C00706,P0134,4,196.78,Spain,2024-09-19
T0011230,C00863,P0153,5,372.45,Canada,2024-09-12
T0011231,C01289,P0192,2,252.24,UK,2024-09-09
T0011232,C01443,P0197,1,203.05,Canada,2024-05-02
T0011233,C00876,P0068,3,84.22,Italy,2024-05-21
T0011234,C00793,P0028,4,397.22,Spain,2024-11-24
T0011235,C01352,P0113,5,317.71,Canada,2024-04-27
T0011236,C01663,P0049,5,350.96,Brazil,2024-12-22
T0011237,C00124,P0146,4,213.26,Brazil,2024-01-15
T0011238,C01984,P0101,2,402.6,Italy,2024-10-16
T0011239,C01287,P0078,5,443.01,Japan,2024-10-05
T0011240,C00527,P0125,3,134.87,Spain,2024-03-14
T0011241,C00375,P0046,4,329.37,UK,2024-05-23
T0011242,C00527,P0114,2,419.1,Germany,2024-01-13
T0011243,C00560,P0163,2,57.15,France,2024-01-04
T0011244,C00074,P0100,4,106.5,Italy,2024-06-28
T0011245,C00505,P0004,1,165.29,USA,2024-08-29
T0011246,C00735,P0019,2,233.13,Spain,2024-07-24
T0011247,C01716,P0101,3,487.69,France,2024-12-28
T0011248,C00921,P0138,5,52.09,France,2024-03-26
T0011249,C00514,P0134,3,205.8,UK,2024-06-11
T0011250,C01411,P0156,4,274.75,Germany,2024-07-10
T0011251,C00008,P0007,1,452.4,Italy,2024-03-12
T0011252,C01783,P0058,4,267.93,UK,2024-04-28
T0011253,C01686,P0005,5,120.7,Israel,2024-03-06
T0011254,C00226,P0099,4,179.2,Italy,2024-09-06
T0011255,C00992,P0077,3,68.89,Israel,2024-03-14
T0011256,C00938,P0185,5,387.57,Canada,2024-09-29
T0011257,C01301,P0125,4,128.36,Japan,2024-12-30
T0011258,C01370,P0018,2,343.01,France,2024-08-09
T0011259,C00842,P0142,3,63.2,Spain,2024-09-18
T0011260,C00882,P0118,3,384.02,Israel,2024-03-30
T0011261,C01383,P0019,2,230.74,UK,2024-05-20
T0011262,C01362,P0046,5,340.87,UK,2024-06-05
T0011263,C00655,P0184,2,460.56,Brazil,2024-09-26
T0011264,C00401,P0082,3,112.97,Brazil,2024-10-02
T0011265,C01565,P0054,1,238.99,UK,2024-11-13
T0011266,C01503,P0028,2,407.65,Spain,2024-07-08
T0011267,C01398,P0129,3,32.46,Spain,2024-02-27
T0011268,C01355,P0194,5,384.81,Canada,2024-01-09
T0011269,C01684,P0103,2,378.52,Brazil,2024-03-10
T0011270,C01227,P0042,2,106.1,Brazil,2024-04-23
T0011271,C00153,P0125,2,133.17,Italy,2024-04-04
T0011272,C01615,P0023,4,437.17,Japan,2024-06-02
T0011273,C00876,P0150,1,198.28,Canada,2024-08-13
T0011274,C01266,P0062,5,168.67,Israel,2024-05-02
T0011275,C00925,P0084,2,266.28,Germany,2024-12-16
T0011276,C01574,P0113,3,342.81,UK,2024-10-08
T0011277,C00153,P0075,2,367.39,Spain,2024-08-19
T0011278,C00303,P0046,1,365.69,UK,2024-05-05
T0011279,C00604,P0152,5,371.99,Germany,2024-04-23
T0011280,C00427,P0082,5,115.1,France,2024-04-19
T0011281,C01719,P0186,4,340.98,Brazil,2024-04-07
T0011282,C01190,P0040,4,368.58,France,2024-03-26
T0011283,C00517,P0163,4,69.84,Spain,2024-09-20
T0011284,C01706,P0194,5,397.04,UK,2024-06-07
T0011285,C00723,P0075,2,377.18,France,2024-12-02
T0011286,C01586,P0103,1,387.45,Canada,2024-11-29
T0011287,C00231,P0180,2,340.11,Canada,2024-10-10
T0011288,C00029,P0025,1,283.16,Germany,2024-05-07
T0011289,C00775,P0117,5,174.46,France,2024-03-26
T0011290,C00656,P0109,5,44.84,Japan,2024-12-12
T0011291,C01562,P0190,4,391.46,USA,2024-04-24
T0011292,C01876,P0070,1,20.08,Germany,2024-05-26
T0011293,C01367,P0045,2,61.07,Germany,2024-06-16
T0011294,C00909,P0099,5,189.39,Spain,2024-10-21
T0011295,C00686,P0172,5,125.12,France,2024-12-13
T0011296,C01829,P0075,5,314.41,Germany,2024-08-31
T0011297,C00571,P0103,3,331.5,USA,2024-11-25
T0011298,C01069,P0194,3,392.42,Brazil,2024-03-27
T0011299,C01673,P0125,1,121.84,France,2024-11-16
T0011300,C01460,P0070,4,20.83,Germany,2024-08-02
T0011301,C01053,P0180,3,359.03,UK,2024-05-16
T0011302,C00525,P0028,2,441.23,USA,2024-01-24
T0011303,C00651,P0117,1,197.32,France,2024-04-26
T0011304,C01891,P0194,5,435.78,USA,2024-10-16
T0011305,C01843,P0158,2,261.41,USA,2024-12-28
T0011306,C01002,P0013,4,121.53,Spain,2024-03-26
T0011307,C00100,P0081,5,113.67,Canada,2024-07-11
T0011308,C01516,P0125,1,118.98,Israel,2024-04-05
T0011309,C01359,P0186,2,343.71,Canada,2024-12-19
T0011310,C00002,P0113,5,366.3,Italy,2024-09-15
T0011311,C00409,P0020,5,345.52,USA,2024-11-24
T0011312,C01118,P0087,2,107.1,UK,2024-11-20
T0011313,C00933,P0075,4,391.17,USA,2024-10-28
T0011314,C00331,P0054,5,209.61,Canada,2024-12-26
T0011315,C01411,P0136,2,144.15,UK,2024-03-31
T0011316,C00326,P0046,4,313.15,France,2024-03-22
T0011317,C00445,P0084,3,245.06,Israel,2024-07-05
T0011318,C01987,P0036,2,173.91,Spain,2024-02-01
T0011319,C01497,P0091,4,61.81,USA,2024-05-04
T0011320,C01823,P0072,5,267.19,Brazil,2024-02-26
T0011321,C00842,P0019,5,201.86,Italy,2024-06-22
T0011322,C01815,P0135,3,197.54,Germany,2024-09-22
T0011323,C01008,P0113,2,383.12,USA,2024-05-26
T0011324,C01324,P0088,1,94.77,UK,2024-10-13
T0011325,C00218,P0109,4,52.28,Canada,2024-12-26
T0011326,C01575,P0013,1,119.12,Israel,2024-05-18
T0011327,C00208,P0190,5,384.69,Japan,2024-03-08
T0011328,C01365,P0199,3,302.61,Germany,2024-12-24
T0011329,C00287,P0190,1,347.64,UK,2024-07-31
T0011330,C01561,P0141,4,198.52,UK,2024-01-17
T0011331,C00440,P0136,3,132.04,Israel,2024-03-04
T0011332,C00448,P0078,3,394.25,France,2024-03-22
T0011333,C01725,P0103,2,381.94,USA,2024-10-25
T0011334,C01275,P0028,3,450.09,Germany,2024-09-17
T0011335,C01189,P0057,5,108.53,Italy,2024-07-09
T0011336,C00945,P0059,1,358.3,Israel,2024-01-22
T0011337,C01958,P0075,4,391.4,Germany,2024-09-25
T0011338,C00943,P0184,2,446.5,Brazil,2024-04-01
T0011339,C00975,P0161,4,251.46,Italy,2024-05-23
T0011340,C01444,P0113,2,326.9,Brazil,2024-10-03
T0011341,C01411,P0103,1,332.0,Israel,2024-02-08
T0011342,C00561,P0131,1,124.0,Germany,2024-06-16
T0011343,C01397,P0129,3,37.68,Spain,2024-01-22
T0011344,C00457,P0117,1,191.97,France,2024-05-12
T0011345,C01396,P0046,3,325.8,Japan,2024-08-14
T0011346,C00028,P0096,1,354.29,Germany,2024-08-23
T0011347,C01210,P0195,1,114.97,UK,2024-11-15
T0011348,C01041,P0103,3,389.19,Canada,2024-06-10
T0011349,C01754,P0000,2,200.83,France,2024-03-25
T0011350,C00285,P0125,2,137.94,Brazil,2024-06-18
T0011351,C01136,P0077,3,69.48,Brazil,2024-02-15
T0011352,C00808,P0012,5,260.23,UK,2024-04-10
T0011353,C00963,P0194,4,368.71,USA,2024-09-11
T0011354,C01671,P0119,5,141.05,UK,2024-11-13
T0011355,C01892,P0166,1,337.18,USA,2024-02-01
T0011356,C01795,P0069,1,188.49,Spain,2024-10-15
T0011357,C01974,P0103,5,378.37,France,2024-04-21
T0011358,C00968,P0180,2,332.71,Germany,2024-09-07
T0011359,C00427,P0088,3,82.09,UK,2024-04-09
T0011360,C00154,P0017,5,240.96,Israel,2024-08-28
T0011361,C01200,P0125,2,133.41,Germany,2024-04-06
T0011362,C00475,P0077,4,71.93,Israel,2024-02-15
T0011363,C01836,P0165,1,451.01,Canada,2024-02-04
T0011364,C00040,P0125,5,130.68,USA,2024-02-02
T0011365,C00798,P0057,4,110.06,Spain,2024-06-10
T0011366,C00672,P0190,3,339.87,Canada,2024-09-27
T0011367,C01118,P0147,1,386.32,Canada,2024-04-23
T0011368,C01234,P0009,1,23.7,Japan,2024-09-21
T0011369,C00796,P0045,4,62.51,Italy,2024-06-27
T0011370,C01032,P0084,3,235.71,Germany,2024-11-26
T0011371,C01268,P0141,4,195.68,Japan,2024-07-02
T0011372,C01718,P0070,3,19.24,Italy,2024-11-07
T0011373,C00686,P0042,5,103.75,Italy,2024-03-27
T0011374,C00980,P0020,3,403.89,France,2024-11-21
T0011375,C00598,P0140,2,241.57,UK,2024-04-27
T0011376,C00422,P0082,1,114.64,Israel,2024-05-26
T0011377,C01389,P0075,3,372.66,Brazil,2024-08-02
T0011378,C01023,P0059,2,351.9,Canada,2024-11-17
T0011379,C01250,P0057,4,108.78,France,2024-05-30
T0011380,C00117,P0042,4,116.31,France,2024-10-12
T0011381,C00868,P0197,3,232.96,Germany,2024-03-22
T0011382,C00425,P0000,5,195.71,Spain,2024-03-21
T0011383,C01635,P0131,1,117.34,Germany,2024-07-04
T0011384,C01168,P0156,5,249.53,France,2024-12-31
T0011385,C00508,P0191,2,35.98,France,2024-07-27
T0011386,C00183,P0032,1,380.08,Italy,2024-07-22
T0011387,C00096,P0076,4,253.57,UK,2024-01-28
T0011388,C01679,P0045,3,59.12,USA,2024-03-13
T0011389,C01493,P0125,4,140.68,France,2024-03-07
T0011390,C01018,P0114,3,410.11,Japan,2024-03-05
T0011391,C00888,P0045,1,61.53,Israel,2024-03-02
T0011392,C00813,P0013,1,116.26,Spain,2024-05-04
T0011393,C00486,P0042,4,106.45,Spain,2024-01-01
T0011394,C01036,P0190,1,415.69,France,2024-03-27
T0011395,C01213,P0192,2,228.28,Brazil,2024-04-13
T0011396,C00373,P0059,1,314.98,Israel,2024-07-22
T0011397,C00552,P0137,5,212.88,UK,2024-01-02
T0011398,C01169,P0117,3,172.53,Spain,2024-10-25
T0011399,C00032,P0011,2,379.57,Germany,2024-06-27
T0011400,C00959,P0142,2,68.56,Canada,2024-12-22
T0011401,C01822,P0155,1,29.91,UK,2024-03-11
T0011402,C00301,P0084,4,237.8,Brazil,2024-05-11
T0011403,C00204,P0024,5,399.56,Brazil,2024-07-27
T0011404,C00219,P0131,5,107.66,Brazil,2024-12-04
T0011405,C00311,P0125,1,129.18,Italy,2024-09-21
T0011406,C00322,P0194,3,422.9,Italy,2024-12-22
T0011407,C01253,P0057,5,95.27,Israel,2024-08-25
T0011408,C00460,P0077,1,67.1,Israel,2024-10-30
T0011409,C00935,P0055,5,359.53,Spain,2024-01-09
T0011410,C00620,P0183,1,113.98,Italy,2024-04-07
T0011411,C00162,P0121,3,288.56,UK,2024-10-04
T0011412,C00040,P0122,5,230.16,France,2024-08-09
T0011413,C00867,P0103,2,403.76,Italy,2024-05-13
T0011414,C01679,P0155,2,27.82,Canada,2024-10-22
T0011415,C00185,P0017,3,269.36,Israel,2024-08-04
T0011416,C00175,P0115,5,369.48,Italy,2024-04-22
T0011417,C01020,P0136,1,152.45,UK,2024-07-20
T0011418,C01536,P0059,4,365.31,Germany,2024-01-12
T0011419,C00682,P0140,3,236.48,Brazil,2024-07-10
T0011420,C01353,P0006,1,35.53,USA,2024-11-01
T0011421,C01022,P0046,3,349.2,UK,2024-08-19
T0011422,C00274,P0057,4,96.29,Brazil,2024-11-15
T0011423,C00943,P0156,2,255.24,Italy,2024-08-12
T0011424,C01892,P0049,1,328.22,Brazil,2024-02-23
T0011425,C00362,P0057,4,93.42,UK,2024-04-22
T0011426,C00948,P0175,1,249.03,USA,2024-03-24
T0011427,C00243,P0065,1,248.36,Israel,2024-12-18
T0011428,C01277,P0124,3,313.09,UK,2024-07-14
T0011429,C00545,P0057,4,110.38,USA,2024-03-10
T0011430,C01161,P0045,4,63.11,Israel,2024-12-10
T0011431,C01665,P0019,2,195.21,Israel,2024-08-25
T0011432,C01566,P0088,3,85.96,Canada,2024-04-20
T0011433,C01010,P0084,1,263.88,Spain,2024-11-25
T0011434,C01591,P0082,2,117.93,USA,2024-12-07
T0011435,C00095,P0017,4,282.78,Israel,2024-09-03
T0011436,C01321,P0077,4,79.89,Japan,2024-01-03
T0011437,C01430,P0013,3,132.24,Israel,2024-03-08
T0011438,C01955,P0180,5,361.48,Canada,2024-04-07
T0011439,C00682,P0103,5,388.34,Canada,2024-04-23
T0011440,C00115,P0019,4,195.89,France,2024-04-23
T0011441,C01402,P0013,3,139.73,UK,2024-07-16
T0011442,C01292,P0136,3,144.03,UK,2024-12-15
T0011443,C00531,P0125,3,137.15,UK,2024-01-02
T0011444,C01028,P0099,1,165.58,USA,2024-05-01
T0011445,C00158,P0019,1,221.06,Japan,2024-06-26
T0011446,C00486,P0088,4,91.88,Italy,2024-08-28
T0011447,C01595,P0136,3,163.04,Italy,2024-11-16
T0011448,C00557,P0187,4,350.64,France,2024-06-26
T0011449,C00636,P0158,3,292.34,Germany,2024-10-16
T0011450,C01065,P0059,3,370.9,Brazil,2024-10-03
T0011451,C01276,P0125,2,124.22,Brazil,2024-10-05
T0011452,C01001,P0101,5,450.71,France,2024-04-30
T0011453,C01722,P0190,4,388.68,Israel,2024-06-29
T0011454,C01387,P0165,4,440.86,Germany,2024-11-22
T0011455,C00072,P0191,4,39.76,UK,2024-01-01
T0011456,C01257,P0180,4,386.06,USA,2024-06-10
T0011457,C00787,P0191,5,37.89,USA,2024-01-22
T0011458,C01802,P0013,4,133.93,Brazil,2024-09-10
T0011459,C01638,P0077,1,66.45,USA,2024-01-01
T0011460,C01418,P0180,3,362.33,Israel,2024-10-31
T0011461,C01619,P0155,5,28.15,Israel,2024-01-20
T0011462,C01102,P0088,2,83.61,UK,2024-05-20
T0011463,C00890,P0190,2,340.42,USA,2024-08-04
T0011464,C01785,P0082,1,118.27,Italy,2024-10-13
T0011465,C01251,P0180,4,382.91,Japan,2024-03-13
T0011466,C00302,P0169,5,78.12,Germany,2024-04-04
T0011467,C00596,P0136,3,133.36,Israel,2024-08-15
T0011468,C01785,P0131,1,112.83,Germany,2024-09-30
T0011469,C00388,P0159,1,213.12,Spain,2024-09-02
T0011470,C00928,P0184,1,404.61,USA,2024-12-08
T0011471,C00252,P0054,5,255.22,Spain,2024-12-19
T0011472,C01923,P0085,3,137.38,Italy,2024-12-13
T0011473,C01167,P0175,1,234.72,UK,2024-08-26
T0011474,C01846,P0048,1,306.5,Germany,2024-05-04
T0011475,C01997,P0130,2,216.03,France,2024-10-01
T0011476,C01567,P0019,4,220.03,UK,2024-02-25
T0011477,C01357,P0194,5,386.18,Italy,2024-08-14
T0011478,C01143,P0109,2,50.51,Canada,2024-05-05
T0011479,C00817,P0084,5,259.99,Germany,2024-07-02
T0011480,C01106,P0184,3,433.74,USA,2024-06-15
T0011481,C01058,P0045,4,55.01,Italy,2024-03-30
T0011482,C00683,P0131,1,102.19,Spain,2024-12-03
T0011483,C01500,P0161,3,256.93,France,2024-08-18
T0011484,C01608,P0002,4,353.62,Canada,2024-10-14
T0011485,C00480,P0125,2,123.99,Italy,2024-08-25
T0011486,C01931,P0046,2,378.64,Japan,2024-05-10
T0011487,C00794,P0065,1,289.82,Italy,2024-07-08
T0011488,C01858,P0096,1,367.72,Spain,2024-01-08
T0011489,C01513,P0046,1,376.78,Canada,2024-04-10
T0011490,C00967,P0117,3,178.64,UK,2024-07-08
T0011491,C01965,P0075,2,352.27,Italy,2024-01-27
T0011492,C01603,P0048,5,333.38,Japan,2024-10-13
T0011493,C00469,P0079,1,298.34,USA,2024-03-02
T0011494,C01400,P0198,4,356.89,Israel,2024-09-20
T0011495,C01330,P0046,1,361.54,UK,2024-03-15
T0011496,C01095,P0046,1,323.25,Italy,2024-12-15
T0011497,C00310,P0166,3,338.11,Germany,2024-08-12
T0011498,C01657,P0103,1,405.1,USA,2024-01-27
T0011499,C01909,P0103,5,411.37,Canada,2024-11-22
T0011500,C00692,P0008,5,330.96,Canada,2024-03-30
T0011501,C01720,P0119,3,143.17,Brazil,2024-07-28
T0011502,C01569,P0134,5,217.4,Canada,2024-07-12
T0011503,C01589,P0190,1,351.35,USA,2024-10-27
T0011504,C01269,P0134,4,232.05,France,2024-08-21
T0011505,C01085,P0161,3,245.23,Israel,2024-06-04
T0011506,C00180,P0042,1,103.82,Japan,2024-02-17
T0011507,C00712,P0013,1,123.46,Spain,2024-08-28
T0011508,C01523,P0019,3,196.37,Israel,2024-08-15
T0011509,C01720,P0103,4,399.78,Brazil,2024-10-07
T0011510,C01161,P0180,3,351.08,Brazil,2024-07-12
T0011511,C01266,P0125,1,118.29,France,2024-06-22
T0011512,C01558,P0177,1,139.65,USA,2024-01-19
T0011513,C01544,P0067,2,272.04,USA,2024-10-01
T0011514,C01278,P0134,4,204.51,USA,2024-02-27
T0011515,C01698,P0126,5,339.92,UK,2024-06-10
T0011516,C01724,P0048,2,346.06,Italy,2024-06-13
T0011517,C01544,P0109,2,45.7,Italy,2024-10-22
T0011518,C01402,P0017,3,226.77,Italy,2024-05-20
T0011519,C00351,P0096,4,358.1,Canada,2024-10-07
T0011520,C00569,P0178,1,269.11,USA,2024-03-26
T0011521,C01205,P0145,3,279.46,Germany,2024-02-28
T0011522,C00355,P0148,3,298.45,USA,2024-05-29
T0011523,C01601,P0103,5,355.66,Italy,2024-03-15
T0011524,C01712,P0136,2,141.57,Spain,2024-01-24
T0011525,C01072,P0045,1,56.04,Italy,2024-06-12
T0011526,C01473,P0054,5,245.22,Israel,2024-02-06
T0011527,C01395,P0092,5,269.99,UK,2024-10-02
T0011528,C01775,P0190,1,415.53,France,2024-06-06
T0011529,C00949,P0151,1,414.23,Japan,2024-06-14
T0011530,C00001,P0070,3,18.69,France,2024-08-20
T0011531,C01640,P0104,5,48.76,UK,2024-10-25
T0011532,C01696,P0011,4,384.41,Italy,2024-07-04
T0011533,C01018,P0077,1,81.96,Brazil,2024-11-10
T0011534,C00909,P0062,5,154.08,Israel,2024-06-12
T0011535,C00843,P0084,4,241.57,Italy,2024-02-18
T0011536,C00527,P0179,5,236.76,Canada,2024-10-12
T0011537,C00508,P0114,5,382.98,Germany,2024-04-11
T0011538,C01403,P0119,2,137.12,Brazil,2024-10-28
T0011539,C00540,P0164,3,309.86,Canada,2024-06-05
T0011540,C01655,P0114,5,408.12,Germany,2024-03-10
T0011541,C00104,P0160,1,285.06,Spain,2024-10-06
T0011542,C00965,P0040,1,358.49,Spain,2024-02-18
T0011543,C00008,P0185,1,376.3,Canada,2024-09-08
T0011544,C00033,P0125,2,116.81,France,2024-11-03
T0011545,C00614,P0054,2,253.83,Germany,2024-05-31
T0011546,C01641,P0059,2,327.74,France,2024-09-10
T0011547,C01816,P0101,1,463.76,Spain,2024-07-29
T0011548,C00783,P0191,2,38.31,UK,2024-07-31
T0011549,C00122,P0075,5,351.57,Japan,2024-03-10
T0011550,C00833,P0084,1,242.23,Canada,2024-08-28
T0011551,C01949,P0077,4,76.98,France,2024-05-29
T0011552,C00293,P0114,5,404.76,Germany,2024-01-30
T0011553,C01502,P0126,1,414.6,Japan,2024-09-10
T0011554,C01988,P0019,4,231.19,Israel,2024-12-14
T0011555,C00251,P0103,5,335.39,UK,2024-07-13
T0011556,C01688,P0045,2,57.28,USA,2024-12-18
T0011557,C00171,P0045,3,54.71,Germany,2024-09-27
T0011558,C00206,P0045,3,53.82,Canada,2024-06-21
T0011559,C00067,P0013,4,128.36,USA,2024-05-27
T0011560,C01163,P0190,2,388.87,Japan,2024-03-04
T0011561,C01799,P0134,5,221.89,Germany,2024-07-10
T0011562,C00925,P0118,1,391.15,UK,2024-01-05
T0011563,C00374,P0177,5,131.02,Japan,2024-04-18
T0011564,C00983,P0097,3,224.21,Brazil,2024-05-11
T0011565,C00979,P0076,5,268.48,Italy,2024-05-06
T0011566,C01613,P0029,1,269.15,Italy,2024-08-28
T0011567,C01943,P0190,3,397.03,Germany,2024-09-12
T0011568,C01370,P0176,4,173.62,Italy,2024-11-01
T0011569,C01717,P0084,3,260.24,Israel,2024-11-16
T0011570,C00949,P0125,4,136.76,Japan,2024-04-17
T0011571,C01728,P0132,2,234.86,USA,2024-12-11
T0011572,C00435,P0052,3,438.77,Israel,2024-05-21
T0011573,C01940,P0156,3,262.7,Spain,2024-04-16
T0011574,C00291,P0008,4,397.12,France,2024-10-10
T0011575,C01593,P0148,4,270.04,Israel,2024-07-11
T0011576,C00492,P0046,5,347.02,Germany,2024-04-18
T0011577,C01299,P0013,5,115.39,Israel,2024-07-25
T0011578,C00388,P0155,5,27.19,UK,2024-09-01
T0011579,C01476,P0041,5,202.35,Spain,2024-07-18
T0011580,C01032,P0145,3,316.99,UK,2024-04-05
T0011581,C00863,P0193,1,197.58,Canada,2024-02-16
T0011582,C01720,P0184,5,425.79,Germany,2024-05-14
T0011583,C01437,P0098,4,407.28,UK,2024-07-03
T0011584,C01678,P0150,2,189.21,Japan,2024-10-16
T0011585,C01692,P0057,3,94.97,Brazil,2024-03-26
T0011586,C00485,P0124,4,328.87,Japan,2024-10-17
T0011587,C01744,P0114,1,430.83,Germany,2024-09-27
T0011588,C00533,P0046,5,374.9,Canada,2024-11-17
T0011589,C01374,P0101,3,489.85,Israel,2024-09-04
T0011590,C01386,P0070,4,20.06,Spain,2024-07-13
T0011591,C00332,P0190,1,339.46,USA,2024-05-04
T0011592,C00882,P0088,5,80.73,Germany,2024-09-08
T0011593,C01412,P0152,5,414.29,Israel,2024-10-31
T0011594,C00342,P0035,5,19.64,USA,2024-08-23
T0011595,C01671,P0077,4,82.12,Germany,2024-07-09
T0011596,C00608,P0177,4,149.2,Canada,2024-01-05
T0011597,C01242,P0057,2,93.34,Japan,2024-04-26
T0011598,C01881,P0156,1,268.56,Italy,2024-01-17
T0011599,C00753,P0156,4,232.28,USA,2024-01-07
T0011600,C01550,P0190,5,403.26,France,2024-01-22
T0011601,C00687,P0136,1,160.95,Spain,2024-01-12
T0011602,C01818,P0112,4,322.07,Brazil,2024-06-29
T0011603,C01550,P0045,5,60.7,Japan,2024-06-20
T0011604,C00895,P0129,2,38.13,Spain,2024-08-10
T0011605,C00660,P0112,2,383.3,France,2024-03-09
T0011606,C00698,P0077,3,79.83,Israel,2024-02-13
T0011607,C00990,P0045,1,59.75,Germany,2024-08-04
T0011608,C00317,P0010,3,422.47,Spain,2024-03-30
T0011609,C00215,P0082,2,96.57,USA,2024-03-30
T0011610,C01065,P0012,4,257.2,UK,2024-09-22
T0011611,C00432,P0077,2,80.42,Spain,2024-07-07
T0011612,C00958,P0076,5,293.35,Brazil,2024-08-30
T0011613,C01774,P0079,4,263.54,Canada,2024-10-25
T0011614,C00918,P0101,1,469.53,Spain,2024-11-13
T0011615,C01143,P0134,4,204.86,Italy,2024-06-23
T0011616,C01996,P0076,1,303.01,Canada,2024-07-28
T0011617,C01416,P0125,1,129.36,UK,2024-07-25
T0011618,C01532,P0125,3,132.23,Japan,2024-03-03
T0011619,C00619,P0049,2,326.85,Japan,2024-03-04
T0011620,C01230,P0140,1,253.51,Spain,2024-04-29
T0011621,C00625,P0036,1,203.63,Canada,2024-06-27
T0011622,C00010,P0197,3,242.82,Germany,2024-06-01
T0011623,C00708,P0163,5,58.06,Brazil,2024-01-30
T0011624,C01980,P0113,4,366.85,Brazil,2024-06-01
T0011625,C01701,P0038,2,19.72,Brazil,2024-03-01
T0011626,C00099,P0158,1,242.08,Italy,2024-02-26
T0011627,C00258,P0059,4,373.22,Canada,2024-03-08
T0011628,C00306,P0084,3,241.48,Brazil,2024-09-13
T0011629,C01239,P0198,3,363.38,Japan,2024-02-16
T0011630,C00711,P0096,4,367.94,USA,2024-03-06
T0011631,C01473,P0147,5,375.56,UK,2024-04-17
T0011632,C01076,P0081,5,120.92,Spain,2024-08-07
T0011633,C00546,P0136,4,149.86,Canada,2024-05-29
T0011634,C01537,P0101,4,482.14,Germany,2024-01-10
T0011635,C00508,P0036,2,195.16,UK,2024-05-08
T0011636,C01043,P0125,3,117.71,Canada,2024-05-24
T0011637,C01728,P0054,2,224.51,Italy,2024-08-16
T0011638,C00802,P0048,1,342.68,Germany,2024-03-16
T0011639,C00735,P0175,3,237.45,Brazil,2024-04-11
T0011640,C00989,P0019,3,236.36,Canada,2024-01-18
T0011641,C01642,P0099,2,165.38,UK,2024-08-13
T0011642,C01389,P0000,1,181.15,France,2024-06-17
T0011643,C00290,P0129,5,36.34,UK,2024-03-20
T0011644,C00331,P0177,3,134.62,Japan,2024-05-23
T0011645,C01376,P0078,4,448.57,Japan,2024-10-01
T0011646,C01876,P0142,1,62.29,France,2024-04-05
T0011647,C01746,P0109,1,48.22,Japan,2024-12-26
T0011648,C01158,P0065,2,282.97,Canada,2024-09-30
T0011649,C00329,P0048,1,313.26,France,2024-03-13
T0011650,C00930,P0077,3,73.41,Spain,2024-07-17
T0011651,C01107,P0077,5,68.08,Israel,2024-11-13
T0011652,C01339,P0114,2,428.32,France,2024-12-05
T0011653,C01021,P0103,4,411.73,Italy,2024-10-14
T0011654,C01193,P0083,1,242.31,Spain,2024-04-28
T0011655,C01955,P0088,1,81.27,Canada,2024-06-22
T0011656,C00721,P0084,5,242.24,UK,2024-04-12
T0011657,C00753,P0190,1,394.05,Canada,2024-01-08
T0011658,C00269,P0101,2,408.18,Spain,2024-10-01
T0011659,C01857,P0046,4,317.27,France,2024-04-05
T0011660,C01591,P0059,1,306.57,Japan,2024-01-27
T0011661,C00003,P0126,4,369.41,Israel,2024-09-28
T0011662,C01538,P0190,4,360.23,USA,2024-11-02
T0011663,C01022,P0134,4,186.47,UK,2024-11-26
T0011664,C01538,P0013,1,122.94,Brazil,2024-02-23
T0011665,C00903,P0190,5,370.8,USA,2024-08-28
T0011666,C01395,P0025,1,286.42,Canada,2024-08-03
T0011667,C00227,P0117,2,200.17,USA,2024-07-05
T0011668,C01015,P0134,1,201.44,Italy,2024-05-03
T0011669,C00225,P0175,3,229.96,Spain,2024-01-01
T0011670,C01220,P0115,4,347.27,UK,2024-10-19
T0011671,C01556,P0142,2,61.39,France,2024-02-15
T0011672,C00069,P0087,4,114.96,UK,2024-03-13
T0011673,C01956,P0194,4,408.0,France,2024-11-19
T0011674,C00123,P0031,4,399.43,Germany,2024-02-22
T0011675,C00147,P0058,1,229.65,USA,2024-07-26
T0011676,C00166,P0044,5,304.47,France,2024-04-07
T0011677,C01692,P0119,5,144.66,Brazil,2024-03-27
T0011678,C00729,P0099,3,167.98,Canada,2024-06-02
T0011679,C01800,P0088,5,82.13,Israel,2024-09-17
T0011680,C00518,P0156,3,229.16,France,2024-02-28
T0011681,C00311,P0198,1,361.47,Canada,2024-07-16
T0011682,C00590,P0073,4,187.7,USA,2024-09-16
T0011683,C00191,P0173,5,116.71,UK,2024-03-15
T0011684,C01284,P0194,4,388.43,France,2024-01-18
T0011685,C00265,P0045,2,63.32,Spain,2024-04-28
T0011686,C01373,P0140,3,236.9,Spain,2024-12-29
T0011687,C00899,P0194,5,445.75,Spain,2024-02-22
T0011688,C01785,P0045,5,55.99,Canada,2024-05-17
T0011689,C00832,P0028,3,442.49,Israel,2024-03-23
T0011690,C01148,P0046,5,316.36,Canada,2024-03-29
T0011691,C01786,P0129,3,31.63,Italy,2024-10-15
T0011692,C00918,P0063,2,256.05,Canada,2024-01-03
T0011693,C01381,P0177,5,121.16,Germany,2024-12-26
T0011694,C01456,P0076,2,286.89,France,2024-09-02
T0011695,C01266,P0198,5,329.37,UK,2024-12-12
T0011696,C01666,P0134,1,205.82,Japan,2024-09-26
T0011697,C00149,P0089,1,167.78,Germany,2024-03-30
T0011698,C00616,P0099,3,170.27,UK,2024-05-17
T0011699,C01323,P0140,4,231.76,UK,2024-02-03
T0011700,C01603,P0129,1,38.0,Canada,2024-05-07
T0011701,C00143,P0095,1,184.3,Japan,2024-08-27
T0011702,C01144,P0180,2,369.65,UK,2024-09-24
T0011703,C00468,P0070,2,21.17,Italy,2024-01-20
T0011704,C01947,P0101,1,429.05,Israel,2024-02-22
T0011705,C01422,P0177,4,148.43,Italy,2024-07-07
T0011706,C01144,P0016,1,378.89,Brazil,2024-11-02
T0011707,C01706,P0054,5,216.19,Spain,2024-04-25
T0011708,C01015,P0101,1,461.58,UK,2024-03-25
T0011709,C00890,P0117,2,195.36,Japan,2024-05-11
T0011710,C00606,P0109,4,46.89,Israel,2024-07-03
T0011711,C00367,P0045,1,55.99,Italy,2024-11-30
T0011712,C00772,P0112,5,375.14,France,2024-03-17
T0011713,C01771,P0076,3,264.31,Italy,2024-09-07
T0011714,C00297,P0084,3,264.1,Brazil,2024-01-21
T0011715,C01560,P0180,3,331.66,Italy,2024-12-07
T0011716,C01969,P0113,1,388.13,Spain,2024-02-08
T0011717,C00077,P0187,5,388.65,Israel,2024-10-13
T0011718,C00398,P0101,1,451.04,UK,2024-09-20
T0011719,C01531,P0109,2,51.74,Italy,2024-01-25
T0011720,C01836,P0046,1,337.56,France,2024-09-18
T0011721,C01499,P0075,4,319.34,Israel,2024-05-04
T0011722,C01255,P0131,3,123.78,Brazil,2024-05-17
T0011723,C00182,P0088,4,86.47,Canada,2024-05-17
T0011724,C01015,P0114,2,N/A,Germany,2024-03-31
T0011725,C01221,P0054,4,213.55,Israel
T0011726,C01370,P0129,3,38.2,Japan,2024-07-16
T0011727,C00051,P0007,3,413.8,Italy,2024-02-29
T0011728,C01370,P0001,2,229.78,Italy,2024-08-16
T0011729,C01476,P0048,5,304.83,UK,2024-06-15
T0011730,C00359,P0054,1,245.5,France,2024-11-15
T0011731,C00939,P0046,5,375.6,Italy,2024-04-17
T0011732,C00431,P0048,5,331.37,USA,2024-12-24
T0011733,C01168,P0177,2,126.36,UK,2024-07-11
T0011734,C00229,P0013,3,125.07,USA,2024-05-21
T0011735,C00073,P0053,4,275.62,Germany,2024-12-22
T0011736,C00473,P0010,2,407.63,Italy,2024-03-31
T0011737,C01664,P0075,4,316.34,USA,2024-03-05
T0011738,C01263,P0100,2,116.72,Israel,2024-02-07
T0011739,C01921,P0065,2,237.84,Brazil,2024-03-10
T0011740,C00406,P0129,3,34.4,Spain,2024-09-17
T0011741,C00530,P0077,3,74.55,USA,2024-08-20
T0011742,C01514,P0054,1,229.88,UK,2024-12-29
T0011743,C01104,P0101,3,491.37,USA,2024-09-21
T0011744,C01142,P0097,2,259.73,USA,2024-05-08
T0011745,C01835,P0023,2,464.21,Brazil,2024-10-03
T0011746,C01114,P0048,5,346.78,USA,2024-04-20
T0011747,C00950,P0099,5,187.29,Japan,2024-06-23
T0011748,C01835,P0070,2,19.02,Israel,2024-01-08
T0011749,C00402,P0034,5,154.73,Spain,2024-06-12
T0011750,C01813,P0120,3,138.19,France,2024-12-19
T0011751,C01202,P0017,5,262.21,France,2024-09-08
T0011752,C01426,P0075,4,374.15,Japan,2024-09-23
T0011753,C00969,P0125,2,137.31,France,2024-01-11
T0011754,C00983,P0048,2,309.08,Germany,2024-01-25
T0011755,C00909,P0045,4,62.63,USA,2024-02-16
T0011756,C01666,P0125,3,117.83,Canada,2024-10-19
T0011757,C00316,P0063,4,242.08,UK,2024-03-08
T0011758,C00359,P0180,2,340.95,Canada,2024-05-30
T0011759,C01962,P0054,1,245.36,Germany,2024-12-12
T0011760,C01972,P0113,3,330.03,Germany,2024-05-22
T0011761,C00540,P0019,1,220.45,Italy,2024-02-10
T0011762,C01960,P0088,1,90.39,UK,2024-07-31
T0011763,C00908,P0077,4,70.41,Japan,2024-12-16
T0011764,C00451,P0187,4,344.1,USA,2024-12-30
T0011765,C00734,P0048,4,291.79,Japan,2024-06-02
T0011766,C00868,P0194,2,415.04,Israel,2024-06-20
T0011767,C01401,P0000,2,181.17,Italy,2024-11-18
T0011768,C01590,P0057,4,113.03,France,2024-08-07
T0011769,C00768,P0097,1,252.74,France,2024-12-31
T0011770,C01542,P0148,4,296.24,Italy,2024-03-23
T0011771,C00078,P0180,1,343.96,Israel,2024-04-25
T0011772,C01883,P0023,5,476.72,Germany,2024-04-09
T0011773,C00285,P0095,4,211.21,Spain,2024-12-17
T0011774,C01126,P0186,3,374.29,Japan,2024-12-07
T0011775,C01411,P0198,2,323.82,Canada,2024-03-21
T0011776,C00005,P0059,5,322.4,France,2024-05-15
T0011777,C01938,P0136,3,136.68,USA,2024-01-27
T0011778,C01370,P0117,4,184.13,Spain,2024-03-01
T0011779,C00929,P0043,5,12.78,Spain,2024-06-15
T0011780,C01992,P0199,3,300.24,France,2024-09-24
T0011781,C01647,P0112,5,357.85,Germany,2024-12-21
T0011782,C00874,P0062,1,154.26,Germany,2024-02-06
T0011783,C01537,P0096,5,321.79,France,2024-09-11
T0011784,C00147,P0113,1,357.17,Spain,2024-11-03
T0011785,C00146,P0012,1,253.71,France,2024-01-07
T0011786,C00259,P0194,1,368.19,Spain,2024-12-09
T0011787,C01239,P0057,4,108.28,Japan,2024-07-10
T0011788,C01039,P0199,1,316.99,France,2024-03-15
T0011789,C00032,P0080,4,49.62,Spain,2024-06-09
T0011790,C01248,P0007,2,384.3,Italy,2024-10-28
T0011791,C00383,P0180,3,390.59,Italy,2024-07-20
T0011792,C00535,P0057,4,101.86,UK,2024-10-16
T0011793,C00054,P0125,3,122.07,Brazil,2024-02-14
T0011794,C01061,P0004,2,160.7,USA,2024-01-08
T0011795,C01799,P0107,2,125.59,Italy,2024-11-29
T0011796,C01047,P0084,3,265.2,Israel,2024-08-19
T0011797,C01920,P0034,5,132.79,Japan,2024-02-03
T0011798,C00125,P0054,4,223.11,Brazil,2024-12-01
T0011799,C01325,P0178,1,288.78,Israel,2024-10-12
T0011800,C00473,P0090,3,159.13,France,2024-01-28
T0011801,C00920,P0173,4,111.57,France,2024-10-08
T0011802,C00965,P0077,2,73.6,Brazil,2024-06-15
T0011803,C00202,P0106,3,81.61,Japan,2024-11-27
T0011804,C01678,P0145,5,297.06,Spain,2024-02-25
T0011805,C00370,P0026,1,345.57,Canada,2024-03-18
T0011806,C00042,P0135,5,178.11,Italy,2024-03-19
T0011807,C00656,P0174,2,311.93,UK,2024-06-26
T0011808,C01177,P0048,2,355.38,Japan,2024-02-01
T0011809,C00021,P0109,4,47.6,France,2024-10-01
T0011810,C01920,P0170,4,427.12,Germany,2024-04-04
T0011811,C00977,P0138,5,53.5,Japan,2024-11-15
T0011812,C01969,P0077,1,80.96,UK,2024-09-24
T0011813,C01740,P0190,1,406.25,UK,2024-10-28
T0011814,C00564,P0198,3,328.42,Canada,2024-06-05
T0011815,C01520,P0186,4,344.46,Japan,2024-10-28
T0011816,C00343,P0075,2,345.14,Spain,2024-06-16
T0011817,C01966,P0190,1,411.12,Germany,2024-11-29
T0011818,C00164,P0077,5,79.67,Spain,2024-03-24
T0011819,C01276,P0024,2,477.32,Canada,2024-09-01
T0011820,C00694,P0156,4,269.12,Spain,2024-12-21
T0011821,C00172,P0086,3,56.61,USA,2024-02-11
T0011822,C00652,P0194,5,415.14,UK,2024-10-30
T0011823,C01481,P0010,5,455.63,Brazil,2024-03-07
T0011824,C00363,P0075,5,331.5,Japan,2024-08-25
T0011825,C01673,P0139,1,165.51,Israel,2024-11-06
T0011826,C00643,P0085,3,112.35,Spain,2024-06-14
T0011827,C01106,P0150,3,218.93,Brazil,2024-05-15
T0011828,C01444,P0180,2,409.98,Germany,2024-11-15
T0011829,C01839,P0004,4,157.22,Germany,2024-09-25
T0011830,C01671,P0193,4,199.69,Canada,2024-03-21
T0011831,C00333,P0098,1,367.94,Germany,2024-06-24
T0011832,C01100,P0013,4,126.49,Italy,2024-12-01
T0011833,C00095,P0172,1,106.63,Germany,2024-09-09
T0011834,C00373,P0156,2,234.92,Italy,2024-12-18
T0011835,C00797,P0158,1,292.08,Brazil,2024-09-27
T0011836,C01623,P0084,3,237.52,UK,2024-05-29
T0011837,C01497,P0103,2,399.75,Brazil,2024-06-13
T0011838,C00637,P0113,5,353.98,Spain,2024-06-04
T0011839,C00158,P0180,5,375.73,Italy,2024-04-22
T0011840,C00186,P0047,5,271.47,Italy,2024-01-11
T0011841,C00254,P0057,4,105.33,Brazil,2024-10-21
T0011842,C01173,P0149,3,418.28,Brazil,2024-04-09
T0011843,C00045,P0103,4,411.42,Israel,2024-03-22
T0011844,C01007,P0028,5,416.72,USA,2024-06-28
T0011845,C01298,P0101,2,451.75,Israel,2024-12-12
T0011846,C00780,P0199,5,358.17,France,2024-07-14
T0011847,C01286,P0050,4,213.31,Canada,2024-08-26
T0011848,C01767,P0185,1,394.76,Spain,2024-04-16
T0011849,C01030,P0113,1,353.24,Israel,2024-08-31
T0011850,C01889,P0117,3,190.19,Italy,2024-01-18
T0011851,C00547,P0125,2,114.21,Canada,2024-08-10
T0011852,C01871,P0076,3,293.93,Japan,2024-05-14
T0011853,C00661,P0048,3,308.22,France,2024-11-11
T0011854,C00356,P0113,3,357.3,Israel,2024-02-29
T0011855,C01074,P0156,3,270.32,Israel,2024-03-27
T0011856,C01047,P0185,4,364.27,Italy,2024-11-12
T0011857,C01678,P0013,1,131.97,Israel,2024-10-02
T0011858,C01981,P0117,3,177.1,Japan,2024-02-01
T0011859,C01957,P0136,3,133.39,Japan,2024-10-18
T0011860,C01424,P0017,1,228.07,Canada,2024-06-21
T0011861,C00673,P0034,1,136.69,Germany,2024-04-12
T0011862,C01466,P0054,1,243.07,Israel,2024-04-10
T0011863,C01072,P0036,5,201.1,UK,2024-01-25
T0011864,C01958,P0075,4,352.28,France,2024-02-29
T0011865,C01598,P0142,1,66.96,USA,2024-12-30
T0011866,C01182,P0109,1,45.04,Israel,2024-05-11
T0011867,C00495,P0083,2,258.96,Germany,2024-05-30
T0011868,C00398,P0180,2,397.68,USA,2024-11-01
T0011869,C00971,P0000,3,207.3,Israel,2024-04-23
T0011870,C00584,P0109,1,51.05,Italy,2024-08-04
T0011871,C01255,P0078,5,374.17,Brazil,2024-02-23
T0011872,C00161,P0184,4,465.99,Japan,2024-01-01
T0011873,C00308,P0160,3,259.34,Germany,2024-07-24
T0011874,C00001,P0019,3,212.11,Israel,2024-11-03
T0011875,C01710,P0019,2,238.06,UK,2024-07-20
T0011876,C00136,P0193,5,202.2,UK,2024-09-19
T0011877,C01896,P0000,3,194.39,Spain,2024-09-23
T0011878,C01929,P0159,1,211.27,Brazil,2024-10-19
T0011879,C01613,P0025,2,317.5,Spain,2024-08-16
T0011880,C00073,P0159,5,214.4,Israel,2024-10-30
T0011881,C00881,P0156,2,254.83,USA,2024-01-04
T0011882,C01539,P0129,4,35.4,UK,2024-08-12
T0011883,C00965,P0122,4,231.29,Italy,2024-11-12
T0011884,C00050,P0048,5,347.11,Canada,2024-12-27
T0011885,C01669,P0100,5,115.49,Canada,2024-09-22
T0011886,C01183,P0136,2,150.34,Brazil,2024-04-20
T0011887,C01888,P0084,3,266.93,Spain,2024-10-08
T0011888,C01477,P0135,3,177.5,Japan,2024-08-20
T0011889,C00396,P0156,3,275.19,Canada,2024-07-17
T0011890,C00504,P0070,3,18.11,Germany,2024-02-08
T0011891,C01706,P0156,1,259.1,Spain,2024-11-05
T0011892,C01685,P0156,1,275.39,France,2024-07-18
T0011893,C01360,P0129,3,33.79,Germany,2024-11-26
T0011894,C01823,P0017,5,262.58,Spain,2024-07-24
T0011895,C00320,P0148,1,274.21,Brazil,2024-03-20
T0011896,C00031,P0059,5,333.51,USA,2024-12-06
T0011897,C01660,P0004,3,161.34,Spain,2024-01-26
T0011898,C01575,P0078,1,418.91,Germany,2024-11-06
T0011899,C00824,P0187,1,381.19,UK,2024-08-19
T0011900,C00395,P0180,5,398.43,Canada,2024-01-25
T0011901,C00142,P0180,1,406.8,USA,2024-07-14
T0011902,C00866,P0164,4,316.83,Spain,2024-12-07
T0011903,C00321,P0073,5,191.37,Germany,2024-08-08
T0011904,C00900,P0174,4,304.87,France,2024-11-19
T0011905,C00223,P0095,1,208.94,Germany,2024-06-07
T0011906,C00651,P0091,4,58.57,UK,2024-01-01
T0011907,C01404,P0136,4,148.89,Canada,2024-12-03
T0011908,C00037,P0101,1,448.16,Japan,2024-08-28
T0011909,C01126,P0185,5,344.9,Spain,2024-03-20
T0011910,C01620,P0046,2,342.61,France,2024-08-17
T0011911,C01291,P0135,4,199.07,Japan,2024-05-20
T0011912,C00023,P0065,3,246.56,Italy,2024-05-14
T0011913,C01032,P0013,3,116.1,France,2024-07-29
T0011914,C01074,P0179,3,203.47,Spain,2024-03-02
T0011915,C01098,P0178,5,297.83,Canada,2024-12-22
T0011916,C00760,P0166,4,310.99,Japan,2024-04-05
T0011917,C00867,P0146,1,223.53,Canada,2024-06-18
T0011918,C01974,P0076,4,251.25,Canada,2024-04-15
T0011919,C00284,P0187,5,362.67,Israel,2024-04-19
T0011920,C01948,P0157,2,67.66,Germany,2024-05-09
T0011921,C01931,P0185,3,395.25,Germany,2024-06-16
T0011922,C00335,P0046,1,368.27,Brazil,2024-01-06
T0011923,C00360,P0122,1,202.91,Italy,2024-01-22
T0011924,C01321,P0157,3,66.16,Italy,2024-01-11
T0011925,C01220,P0078,1,383.26,UK,2024-10-31
T0011926,C00238,P0115,5,377.63,USA,2024-09-10
T0011927,C01331,P0117,4,168.97,Germany,2024-06-02
T0011928,C01071,P0185,1,397.26,Japan,2024-06-23
T0011929,C01185,P0196,5,104.92,UK,2024-07-16
T0011930,C00457,P0156,2,261.93,USA,2024-06-30
T0011931,C00079,P0167,5,334.65,Japan,2024-01-03
T0011932,C01590,P0130,5,261.3,Japan,2024-10-08
T0011933,C00621,P0013,3,127.44,Brazil,2024-06-09
T0011934,C00708,P0045,3,58.03,Germany,2024-11-15
T0011935,C01077,P0078,3,425.43,UK,2024-04-20
T0011936,C01053,P0136,4,134.2,France,2024-01-03
T0011937,C01400,P0057,5,93.12,UK,2024-01-07
T0011938,C00283,P0185,1,358.67,UK,2024-10-26
T0011939,C01951,P0190,3,364.17,Italy,2024-01-15
T0011940,C01839,P0077,3,67.45,Brazil,2024-11-09
T0011941,C00405,P0159,1,215.46,Japan,2024-02-16
T0011942,C01428,P0075,4,336.49,Spain,2024-08-11
T0011943,C01001,P0045,4,63.48,Spain,2024-08-04
T0011944,C00695,P0184,1,416.97,Japan,2024-11-27
T0011945,C00082,P0117,1,175.24,Canada,2024-11-16
T0011946,C00373,P0112,2,321.94,Italy,2024-01-26
T0011947,C01130,P0017,4,272.95,Brazil,2024-05-22
T0011948,C01335,P0001,2,228.07,Germany,2024-11-20
T0011949,C00407,P0057,2,113.6,Japan,2024-06-18
T0011950,C00177,P0046,4,344.86,UK,2024-09-20
T0011951,C01566,P0145,1,314.64,Canada,2024-03-20
T0011952,C01252,P0156,2,244.72,UK,2024-02-22
T0011953,C00403,P0062,1,153.02,Canada,2024-02-19
T0011954,C00216,P0180,3,330.18,Italy,2024-11-08
T0011955,C01814,P0013,2,130.67,UK,2024-06-27
T0011956,C01222,P0028,4,424.59,Israel,2024-11-13
T0011957,C01396,P0102,5,109.02,UK,2024-03-29
T0011958,C00542,P0129,3,38.03,UK,2024-02-22
T0011959,C01602,P0140,5,253.14,Canada,2024-05-04
T0011960,C00302,P0099,3,178.49,Italy,2024-05-16
T0011961,C01813,P0125,3,118.76,France,2024-09-27
T0011962,C01211,P0056,1,274.75,Japan,2024-08-23
T0011963,C01533,P0155,5,27.6,Brazil,2024-09-01
T0011964,C00024,P0150,3,190.44,Germany,2024-01-29
T0011965,C01085,P0190,5,348.53,Germany,2024-12-01
T0011966,C00501,P0026,3,314.73,Spain,2024-01-28
T0011967,C00378,P0077,1,66.58,Israel,2024-04-09
T0011968,C00882,P0048,1,295.66,UK,2024-03-28
T0011969,C00726,P0190,5,361.38,Japan,2024-12-11
T0011970,C00555,P0180,4,357.93,Canada,2024-02-15
T0011971,C01599,P0125,1,123.21,USA,2024-12-04
T0011972,C00477,P0190,1,399.26,Japan,2024-05-15
T0011973,C01644,P0088,3,87.29,UK,2024-05-29
T0011974,C01282,P0113,5,364.48,Brazil,2024-12-31
T0011975,C00543,P0021,5,149.75,Italy,2024-08-08
T0011976,C01987,P0103,4,373.93,Germany,2024-06-11
T0011977,C01287,P0099,1,172.31,Brazil,2024-03-25
T0011978,C01188,P0062,3,172.69,Brazil,2024-10-14
T0011979,C01708,P0005,4,110.97,Brazil,2024-09-21
T0011980,C00344,P0013,3,120.66,Germany,2024-10-07
T0011981,C01482,P0077,1,66.96,UK,2024-09-07
T0011982,C01687,P0156,3,234.13,Canada,2024-05-12
T0011983,C00989,P0126,2,394.06,Canada,2024-10-19
T0011984,C01781,P0076,4,289.27,France,2024-12-17
T0011985,C01597,P0059,1,304.46,Brazil,2024-07-06
T0011986,C00315,P0052,4,409.9,Japan,2024-09-09
T0011987,C01805,P0005,3,116.59,Brazil,2024-11-29
T0011988,C00627,P0061,1,393.05,Germany,2024-05-30
T0011989,C01880,P0019,1,208.38,Israel,2024-10-21
T0011990,C00792,P0125,1,121.66,Italy,2024-01-04
T0011991,C00069,P0034,2,156.27,France,2024-04-08
T0011992,C00836,P0070,2,18.25,Spain,2024-05-23
T0011993,C00081,P0046,1,383.06,France,2024-12-07
T0011994,C01318,P0129,3,38.27,Germany,2024-12-13
T0011995,C00186,P0088,1,78.14,Japan,2024-11-13
T0011996,C00711,P0177,3,148.2,Germany,2024-08-07
T0011997,C01800,P0034,5,159.24,Japan,2024-10-12
T0011998,C01438,P0054,3,221.16,Canada,2024-03-27
T0011999,C00986,P0083,3,230.09,Spain,2024-11-01
T0012000,C01613,P0044,2,343.13,UK,2024-09-16
T0012001,C01345,P0013,5,135.69,Brazil,2024-11-24
T0012002,C01568,P0077,3,79.92,USA,2024-08-17
T0012003,C01267,P0156,2,271.95,Israel,2024-07-22
T0012004,C01766,P0194,3,373.94,USA,2024-12-20
T0012005,C01715,P0111,1,429.05,France,2024-12-30
T0012006,C01526,P0057,5,107.16,Israel,2024-03-23
T0012007,C01397,P0101,3,450.47,UK,2024-01-24
T0012008,C00849,P0065,5,249.19,USA,2024-08-23
T0012009,C01903,P0019,1,231.49,Canada,2024-01-23
T0012010,C00889,P0109,1,53.55,Italy,2024-12-01
T0012011,C00874,P0103,5,344.33,Spain,2024-12-03
T0012012,C00356,P0180,3,382.94,France,2024-06-08
T0012013,C01843,P0096,3,390.64,USA,2024-08-13
T0012014,C01873,P0109,2,52.0,Brazil,2024-08-07
T0012015,C01827,P0137,4,214.66,Japan,2024-06-09
T0012016,C00440,P0080,4,55.04,Spain,2024-05-30
T0012017,C01056,P0065,1,283.02,Italy,2024-09-22
T0012018,C00881,P0104,3,45.57,Brazil,2024-08-01
T0012019,C00357,P0156,2,269.27,USA,2024-07-24
T0012020,C01527,P0101,4,440.36,Italy,2024-04-27
T0012021,C01896,P0140,1,238.98,USA,2024-02-25
T0012022,C01587,P0140,4,230.69,Germany,2024-10-09
T0012023,C01187,P0187,2,405.49,Japan,2024-07-25
T0012024,C01449,P0136,4,163.56,Canada,2024-01-20
T0012025,C01788,P0032,2,438.94,UK,2024-08-23
T0012026,C01346,P0067,2,256.42,Italy,2024-01-07
T0012027,C00254,P0084,1,256.56,UK,2024-01-16
T0012028,C00829,P0000,2,191.78,Spain,2024-07-31
T0012029,C01173,P0134,2,221.98,France,2024-11-22
T0012030,C00022,P0186,4,367.13,Brazil,2024-03-10
T0012031,C01803,P0095,3,210.4,Brazil,2024-09-08
T0012032,C01013,P0048,3,285.49,Israel,2024-01-29
T0012033,C01058,P0134,3,211.27,Brazil,2024-01-27
T0012034,C00069,P0119,2,126.94,Japan,2024-03-09
T0012035,C00484,P0190,5,339.99,Canada,2024-05-16
T0012036,C00660,P0101,2,461.22,Spain,2024-04-14
T0012037,C00546,P0172,5,114.39,Italy,2024-03-28
T0012038,C00887,P0057,1,100.7,Spain,2024-05-15
T0012039,C01251,P0077,3,74.8,Israel,2024-05-19
T0012040,C01675,P0152,1,368.62,Brazil,2024-09-13
T0012041,C01811,P0028,2,387.83,Canada,2024-05-21
T0012042,C01401,P0070,2,21.08,Israel,2024-12-24
T0012043,C00666,P0011,4,375.64,Germany,2024-09-21
T0012044,C01297,P0025,3,302.65,Spain,2024-09-30
T0012045,C01274,P0008,5,367.54,Spain,2024-03-16
T0012046,C01734,P0024,2,424.09,Canada,2024-06-04
T0012047,C01126,P0030,3,139.25,Canada,2024-04-15
T0012048,C00467,P0088,5,86.02,Canada,2024-01-12
T0012049,C01188,P0097,2,216.28,Spain,2024-01-14
T0012050,C01234,P0134,1,230.37,Italy,2024-10-27
T0012051,C01605,P0103,5,383.59,Israel,2024-05-28
T0012052,C01756,P0195,3,126.43,UK,2024-11-26
T0012053,C01309,P0075,1,358.63,USA,2024-07-23
T0012054,C01352,P0042,3,101.7,Germany,2024-10-04
T0012055,C01830,P0065,2,252.42,France,2024-03-11
T0012056,C01766,P0150,4,212.34,Spain,2024-06-24
T0012057,C00031,P0194,3,363.04,Spain,2024-10-14
T0012058,C00950,P0165,4,459.25,UK,2024-05-25
T0012059,C00161,P0190,5,361.34,USA,2024-03-13
T0012060,C00288,P0008,3,335.11,Spain,2024-12-09
T0012061,C00477,P0110,3,48.96,Brazil,2024-04-07
T0012062,C00406,P0013,5,121.46,UK,2024-03-07
T0012063,C00886,P0075,5,390.67,UK,2024-05-24
T0012064,C01281,P0177,3,148.92,Spain,2024-05-21
T0012065,C00672,P0113,1,366.28,France,2024-10-26
T0012066,C00256,P0078,1,437.7,France,2024-07-17
T0012067,C00219,P0019,3,218.04,USA,2024-06-08
T0012068,C01502,P0075,2,382.25,Germany,2024-09-06
T0012069,C00754,P0108,5,392.48,Brazil,2024-11-13
T0012070,C01726,P0012,5,243.88,UK,2024-07-20
T0012071,C01712,P0054,3,243.52,Germany,2024-11-30
T0012072,C00168,P0140,1,245.93,UK,2024-10-21
T0012073,C00666,P0175,4,253.2,USA,2024-06-13
T0012074,C01359,P0185,5,363.5,Germany,2024-07-15
T0012075,C01493,P0019,5,195.51,USA,2024-07-11
T0012076,C01641,P0185,3,399.98,France,2024-01-09
T0012077,C01064,P0125,3,127.75,UK,2024-01-17
T0012078,C01199,P0131,3,99.89,Brazil,2024-03-06
T0012079,C00639,P0042,4,114.99,Spain,2024-09-30
T0012080,C00431,P0168,3,114.84,Germany,2024-11-06
T0012081,C00322,P0198,4,312.92,Brazil,2024-11-22
T0012082,C01125,P0185,3,321.99,USA,2024-07-10
T0012083,C01911,P0113,5,392.07,Brazil,2024-06-29
T0012084,C00329,P0024,2,477.58,Italy,2024-09-06
T0012085,C01294,P0184,5,433.36,Canada,2024-06-13
T0012086,C00431,P0180,1,389.87,Israel,2024-02-10
T0012087,C01860,P0142,2,60.65,Japan,2024-03-03
T0012088,C00833,P0189,1,315.13,Spain,2024-02-21
T0012089,C01680,P0013,1,121.47,USA,2024-12-09
T0012090,C00330,P0129,4,34.66,Germany,2024-05-17
T0012091,C01642,P0127,1,419.6,Spain,2024-02-13
T0012092,C01706,P0180,2,404.6,Brazil,2024-12-03
T0012093,C00967,P0131,3,115.77,USA,2024-10-06
T0012094,C00646,P0099,1,180.31,Japan,2024-06-20
T0012095,C00419,P0102,1,105.83,Japan,2024-11-19
T0012096,C01947,P0162,5,379.72,Spain,2024-12-02
T0012097,C01923,P0180,1,399.3,Italy,2024-10-21
T0012098,C01897,P0175,3,242.74,Italy,2024-10-28
T0012099,C01117,P0131,2,108.42,UK,2024-01-02
T0012100,C01212,P0194,3,443.15,USA,2024-10-28
T0012101,C00458,P0063,1,236.14,Germany,2024-03-24
T0012102,C01426,P0085,2,113.45,Spain,2024-06-22
T0012103,C00645,P0067,5,233.39,Italy,2024-01-15
T0012104,C01168,P0046,3,386.45,Spain,2024-05-25
T0012105,C00604,P0019,2,230.25,UK,2024-10-26
T0012106,C01600,P0045,3,52.37,Germany,2024-11-23
T0012107,C00371,P0007,2,397.36,Canada,2024-08-16
T0012108,C01491,P0057,4,95.05,Spain,2024-11-09
T0012109,C01044,P0046,5,314.36,France,2024-07-16
T0012110,C01123,P0062,3,158.74,Israel,2024-01-19
T0012111,C01734,P0001,4,275.42,Japan,2024-07-17
T0012112,C01300,P0175,2,241.57,Israel,2024-10-06
T0012113,C01712,P0131,2,117.85,Japan,2024-11-07
T0012114,C00451,P0013,4,138.38,Germany,2024-03-29
T0012115,C00305,P0199,5,341.02,Italy,2024-11-03
T0012116,C00518,P0196,1,98.45,Spain,2024-11-21
T0012117,C01683,P0129,1,32.39,UK,2024-07-18
T0012118,C01903,P0058,2,270.06,UK,2024-12-24
T0012119,C01782,P0125,2,117.26,Germany,2024-08-11
T0012120,C00307,P0175,1,210.3,Italy,2024-10-13
T0012121,C01337,P0142,1,69.35,France,2024-06-26
T0012122,C01784,P0009,4,22.25,USA,2024-02-09
T0012123,C00355,P0051,1,237.55,Canada,2024-05-01
T0012124,C00098,P0101,3,480.66,Germany,2024-12-10
T0012125,C00427,P0048,3,333.76,UK,2024-09-21
T0012126,C00541,P0194,2,397.1,Canada,2024-06-04
T0012127,C00970,P0041,2,186.52,Germany,2024-09-23
T0012128,C00522,P0117,5,170.37,Canada,2024-08-04
T0012129,C01428,P0185,5,383.78,Japan,2024-12-05
T0012130,C00329,P0048,2,331.57,USA,2024-10-28
T0012131,C01493,P0122,1,223.39,Canada,2024-01-15
T0012132,C01958,P0175,1,220.98,UK,2024-10-10
T0012133,C00707,P0048,4,302.04,France,2024-06-22
T0012134,C01132,P0001,3,275.23,UK,2024-11-30
T0012135,C01290,P0070,5,20.89,Spain,2024-07-03
T0012136,C01323,P0018,5,293.59,Germany,2024-12-10
T0012137,C00898,P0046,1,367.48,France,2024-01-06
T0012138,C01495,P0194,1,433.67,USA,2024-03-29
T0012139,C01804,P0177,4,123.0,Canada,2024-05-17
T0012140,C01910,P0036,1,201.72,Italy,2024-03-01
T0012141,C00870,P0166,2,301.91,Israel,2024-03-22
T0012142,C00795,P0185,2,363.61,Germany,2024-09-26
T0012143,C01363,P0103,4,357.39,France,2024-03-16
T0012144,C01323,P0015,1,134.15,Italy,2024-06-09
T0012145,C00457,P0131,3,108.99,UK,2024-03-20
T0012146,C00595,P0136,4,140.71,UK,2024-02-29
T0012147,C01372,P0131,4,121.27,Italy,2024-01-02
T0012148,C00347,P0190,2,393.15,UK,2024-02-18
T0012149,C00709,P0084,5,249.9,France,2024-08-13
T0012150,C01808,P0019,5,232.94,Brazil,2024-06-27
T0012151,C01172,P0136,3,161.08,Israel,2024-08-11
T0012152,C00725,P0180,1,334.05,France,2024-06-13
T0012153,C00226,P0175,2,250.79,Italy,2024-10-29
T0012154,C01045,P0190,1,351.4,Japan,2024-08-11
T0012155,C00882,P0185,1,348.4,USA,2024-03-22
T0012156,C00543,P0054,2,255.0,USA,2024-05-19
T0012157,C00817,P0101,5,408.2,UK,2024-03-17
T0012158,C01908,P0152,4,332.77,Italy,2024-10-25
T0012159,C01603,P0084,1,227.33,Israel,2024-12-31
T0012160,C00550,P0101,4,406.01,Israel,2024-06-08
T0012161,C00890,P0078,2,395.95,UK,2024-06-25
T0012162,C00520,P0096,2,392.1,USA,2024-11-25
T0012163,C00842,P0156,2,240.51,UK,2024-11-12
T0012164,C01940,P0157,1,63.11,Italy,2024-04-11
T0012165,C00979,P0109,3,49.47,Brazil,2024-05-31
T0012166,C01507,P0185,5,395.97,Italy,2024-10-01
T0012167,C00455,P0073,5,191.32,France,2024-02-19
T0012168,C00241,P0115,4,344.7,Germany,2024-12-28
T0012169,C00931,P0107,4,132.21,Germany,2024-03-20
T0012170,C00122,P0190,2,397.7,Brazil,2024-11-26
T0012171,C00471,P0193,4,201.17,Brazil,2024-07-21
T0012172,C01036,P0065,4,238.25,Italy,2024-12-18
T0012173,C00391,P0057,1,99.46,France,2024-04-04
T0012174,C01583,P0159,5,194.55,USA,2024-06-30
T0012175,C01805,P0012,1,259.98,Brazil,2024-11-29
T0012176,C00010,P0190,2,358.63,France,2024-09-08
T0012177,C01602,P0046,5,359.83,Brazil,2024-02-21
T0012178,C01438,P0101,1,420.72,Italy,2024-02-21
T0012179,C00848,P0109,2,49.75,Spain,2024-11-28
T0012180,C00448,P0062,1,170.8,Italy,2024-01-01
T0012181,C00186,P0000,2,206.37,USA,2024-11-13
T0012182,C00795,P0184,1,455.13,Spain,2024-11-21
T0012183,C00374,P0078,3,371.26,Germany,2024-03-06
T0012184,C00077,P0156,5,234.84,USA,2024-08-13
T0012185,C00113,P0063,3,210.77,USA,2024-08-05
T0012186,C01100,P0186,1,349.12,Israel,2024-11-22
T0012187,C00207,P0187,5,344.46,Spain,2024-03-15
T0012188,C00667,P0125,5,133.39,Germany,2024-09-01
T0012189,C00098,P0174,3,345.03,Spain,2024-11-16
T0012190,C00930,P0133,4,301.02,Japan,2024-06-24
T0012191,C01061,P0025,4,323.59,USA,2024-07-03
T0012192,C00631,P0090,3,167.45,Italy,2024-04-08
T0012193,C01661,P0129,1,38.19,UK,2024-02-04
T0012194,C01165,P0109,3,43.4,France,2024-11-07
T0012195,C00467,P0057,2,100.49,Canada,2024-05-16
T0012196,C00974,P0116,2,70.98,Germany,2024-04-22
T0012197,C01141,P0159,2,224.32,Spain,2024-11-11
T0012198,C01712,P0096,3,379.16,Israel,2024-02-04
T0012199,C00276,P0129,2,33.18,France,2024-11-21
T0012200,C00714,P0146,2,220.99,Japan,2024-01-24
T0012201,C01319,P0142,4,59.69,Japan,2024-02-03
T0012202,C01505,P0097,1,250.18,Italy,2024-10-03
T0012203,C01069,P0044,3,337.29,Japan,2024-11-14
T0012204,C00716,P0083,1,229.37,Brazil,2024-05-14
T0012205,C01102,P0084,3,244.89,Israel,2024-09-15
T0012206,C01366,P0048,2,352.45,France,2024-02-10
T0012207,C00510,P0129,1,33.64,France,2024-05-12
T0012208,C00827,P0012,3,250.82,USA,2024-04-20
T0012209,C01509,P0104,5,47.94,Spain,2024-06-28
T0012210,C01852,P0134,3,189.51,Germany,2024-08-16
T0012211,C01461,P0176,1,161.79,France,2024-02-02
T0012212,C01325,P0025,3,312.26,Canada,2024-11-03
T0012213,C01709,P0048,4,295.85,Germany,2024-08-06
T0012214,C01320,P0059,4,348.95,Canada,2024-05-22
T0012215,C01139,P0134,2,204.61,France,2024-03-20
T0012216,C01845,P0042,2,113.74,Spain,2024-01-26
T0012217,C00272,P0087,5,126.06,Germany,2024-02-03
T0012218,C01378,P0075,5,389.83,France,2024-04-04
T0012219,C01028,P0045,3,57.12,Spain,2024-01-17
T0012220,C01245,P0077,5,82.09,UK,2024-02-06
T0012221,C01925,P0129,1,39.1,UK,2024-03-10
T0012222,C00768,P0054,3,225.2,Germany,2024-11-11
T0012223,C01402,P0062,3,177.5,USA,2024-10-18
T0012224,C00213,P0046,1,362.88,Israel,2024-05-15
T0012225,C01062,P0101,2,407.79,Spain,2024-06-26
T0012226,C01329,P0117,3,175.49,Brazil,2024-06-30
T0012227,C01609,P0187,5,353.32,Italy,2024-02-26
T0012228,C01436,P0068,4,82.7,UK,2024-02-01
T0012229,C01118,P0065,3,270.57,France,2024-12-05
T0012230,C00235,P0166,1,340.32,UK,2024-11-12
T0012231,C01448,P0136,5,137.37,Italy,2024-06-29
T0012232,C00958,P0005,4,117.87,Israel,2024-04-01
T0012233,C00551,P0129,5,34.98,France,2024-12-08
T0012234,C01030,P0096,5,318.11,Germany,2024-12-21
T0012235,C00423,P0129,2,37.95,Japan,2024-12-08
T0012236,C01390,P0113,5,336.14,Canada,2024-12-28
T0012237,C00579,P0091,2,60.14,Canada,2024-11-30
T0012238,C01608,P0136,2,154.23,France,2024-02-01
T0012239,C01196,P0075,3,336.42,Spain,2024-03-09
T0012240,C01956,P0185,3,386.88,France,2024-07-17
T0012241,C01209,P0070,5,20.74,Canada,2024-12-09
T0012242,C00532,P0101,2,408.47,Japan,2024-07-07
T0012243,C00931,P0131,4,113.26,USA,2024-10-18
T0012244,C00442,P0070,1,22.03,Brazil,2024-04-07
T0012245,C00819,P0099,4,191.81,Brazil,2024-09-17
T0012246,C01854,P0117,4,175.98,Brazil,2024-11-27
T0012247,C00197,P0146,4,258.45,France,2024-06-30
T0012248,C01395,P0014,3,258.04,Germany,2024-11-16
T0012249,C01222,P0006,1,34.45,Canada,2024-09-28
T0012250,C00066,P0073,1,174.91,Israel,2024-07-10
T0012251,C01256,P0054,3,217.74,France,2024-02-23
T0012252,C00029,P0108,5,416.73,Canada,2024-03-22
T0012253,C00082,P0057,2,97.97,UK,2024-06-07
T0012254,C00326,P0013,4,141.27,Canada,2024-07-02
T0012255,C00488,P0096,2,352.18,Spain,2024-11-25
T0012256,C01832,P0129,5,34.72,USA,2024-04-27
T0012257,C00699,P0131,3,106.74,Canada,2024-07-20
T0012258,C00299,P0085,2,133.92,USA,2024-04-11
T0012259,C00148,P0028,5,392.46,France,2024-05-18
T0012260,C00486,P0122,4,211.81,Canada,2024-11-13
T0012261,C00760,P0034,4,137.97,France,2024-06-05
T0012262,C00187,P0180,2,351.42,Brazil,2024-11-20
T0012263,C01244,P0149,1,428.31,Spain,2024-01-07
T0012264,C00821,P0184,2,409.1,France,2024-12-28
T0012265,C00826,P0054,5,240.0,USA,2024-10-19
T0012266,C00526,P0164,3,335.64,Spain,2024-02-03
T0012267,C01083,P0084,5,231.4,Germany,2024-02-26
T0012268,C00682,P0185,2,393.25,Italy,2024-08-16
T0012269,C00830,P0116,1,82.28,Germany,2024-01-06
T0012270,C01039,P0057,1,114.91,France,2024-09-25
T0012271,C00960,P0164,4,333.29,UK,2024-09-18
T0012272,C00671,P0076,4,271.24,Japan,2024-06-30
T0012273,C00871,P0084,4,251.94,Italy,2024-04-02
T0012274,C00174,P0075,4,359.62,Brazil,2024-12-17
T0012275,C00705,P0145,1,320.75,Israel,2024-10-28
T0012276,C01775,P0140,4,238.88,Canada,2024-09-25
T0012277,C01382,P0148,2,279.82,Germany,2024-09-03
T0012278,C00406,P0109,4,49.65,Canada,2024-11-06
T0012279,C00562,P0194,2,412.51,USA,2024-04-24
T0012280,C00193,P0052,4,431.11,Italy,2024-02-26
T0012281,C01996,P0009,1,22.89,Japan,2024-11-29
T0012282,C00658,P0134,4,224.32,Israel,2024-04-30
T0012283,C01058,P0022,1,147.89,Germany,2024-12-07
T0012284,C01907,P0046,4,357.79,Canada,2024-10-18
T0012285,C00306,P0032,1,386.29,Spain,2024-02-29
T0012286,C01595,P0013,3,118.04,UK,2024-03-05
T0012287,C01511,P0025,5,277.52,France,2024-10-17
T0012288,C00776,P0136,5,147.95,Spain,2024-08-02
T0012289,C01527,P0114,3,427.77,Japan,2024-10-23
T0012290,C00644,P0156,1,263.8,USA,2024-03-10
T0012291,C00524,P0194,5,424.46,UK,2024-01-15
T0012292,C00116,P0011,2,388.3,USA,2024-06-22
T0012293,C01290,P0013,5,137.63,Israel,2024-11-19
T0012294,C00984,P0077,2,72.17,Brazil,2024-01-29
T0012295,C01129,P0169,1,67.56,USA,2024-05-14
T0012296,C00551,P0140,4,240.72,Spain,2024-02-16
T0012297,C01176,P0117,2,169.03,UK,2024-12-26
T0012298,C00404,P0120,2,153.69,France,2024-07-15
T0012299,C00497,P0194,4,364.26,France,2024-11-02
T0012300,C00824,P0017,5,244.06,USA,2024-09-16
T0012301,C00136,P0042,4,125.23,USA,2024-09-25
T0012302,C00736,P0134,1,186.78,Brazil,2024-10-04
T0012303,C00546,P0101,5,400.15,Canada,2024-11-10
T0012304,C01395,P0129,3,37.79,UK,2024-03-10
T0012305,C00998,P0136,1,149.36,Germany,2024-03-30
T0012306,C01987,P0198,3,374.6,Canada,2024-05-02
T0012307,C00568,P0046,5,344.52,Italy,2024-10-30
T0012308,C01237,P0070,2,19.87,Italy,2024-04-24
T0012309,C00653,P0084,4,273.9,Spain,2024-06-04
T0012310,C00824,P0048,4,334.91,France,2024-07-29
T0012311,C00547,P0116,2,69.66,Canada,2024-07-27
T0012312,C00934,P0148,4,290.45,UK,2024-08-01
T0012313,C00873,P0078,5,401.01,France,2024-04-17
T0012314,C00074,P0136,1,157.22,France,2024-05-22
T0012315,C01867,P0137,1,242.37,Brazil,2024-11-12
T0012316,C00999,P0062,1,164.42,Italy,2024-03-22
T0012317,C01516,P0185,5,328.06,Canada,2024-12-23
T0012318,C01447,P0192,1,221.92,Israel,2024-11-24
T0012319,C01825,P0059,2,358.75,France,2024-02-26
T0012320,C00174,P0194,1,406.76,Germany,2024-11-24
T0012321,C00847,P0076,4,252.94,Japan,2024-09-26
T0012322,C00083,P0148,5,317.89,USA,2024-01-07
T0012323,C01033,P0140,1,213.28,Brazil,2024-08-11
T0012324,C01791,P0065,3,274.99,Brazil,2024-11-29
T0012325,C01372,P0113,1,388.31,Italy,2024-07-01
T0012326,C00299,P0034,5,142.32,Spain,2024-09-03
T0012327,C00404,P0119,4,119.03,Canada,2024-09-09
T0012328,C01260,P0136,1,155.53,Spain,2024-10-17
T0012329,C00602,P0017,2,256.71,Spain,2024-01-30
T0012330,C01245,P0156,4,267.11,Israel,2024-01-27
T0012331,C01363,P0194,2,424.26,Spain,2024-01-28
T0012332,C01568,P0075,4,349.03,Germany,2024-09-27
T0012333,C00120,P0077,1,69.48,Spain,2024-05-09
T0012334,C00102,P0109,1,52.91,Japan,2024-07-22
T0012335,C00169,P0103,4,347.85,Japan,2024-09-07
T0012336,C01016,P0000,1,180.17,USA,2024-07-11
T0012337,C01630,P0019,4,229.27,Brazil,2024-06-03
T0012338,C01995,P0184,1,425.38,France,2024-09-27
T0012339,C01712,P0122,5,226.16,Brazil,2024-11-28
T0012340,C01874,P0134,2,211.5,Spain,2024-10-06
T0012341,C01521,P0095,1,190.51,France,2024-01-30
T0012342,C00475,P0117,4,167.14,Brazil,2024-04-13
T0012343,C01328,P0095,4,208.48,Spain,2024-04-07
T0012344,C00570,P0061,1,416.86,Canada,2024-02-04
T0012345,C00405,P0071,3,83.9,USA,2024-02-06
T0012346,C01715,P0136,3,145.73,Canada,2024-01-06
T0012347,C00555,P0130,5,222.8,Israel,2024-02-03
T0012348,C01873,P0034,5,132.2,USA,2024-12-03
T0012349,C01688,P0113,3,325.24,USA,2024-02-09
T0012350,C00483,P0049,2,324.9,Japan,2024-08-02
T0012351,C00173,P0110,3,48.14,France,2024-12-29
T0012352,C01056,P0174,1,351.34,Spain,2024-01-24
T0012353,C01693,P0095,4,214.09,Japan,2024-02-01
T0012354,C00273,P0083,1,236.09,France,2024-05-18
T0012355,C00018,P0057,5,94.09,Germany,2024-05-30
T0012356,C01837,P0075,3,349.98,Italy,2024-09-17
T0012357,C01799,P0090,3,169.66,Israel,2024-06-18
T0012358,C01660,P0187,4,394.76,UK,2024-11-01
T0012359,C00008,P0049,1,310.2,Brazil,2024-07-19
T0012360,C01149,P0154,2,49.94,Germany,2024-12-20
T0012361,C01878,P0159,3,208.91,USA,2024-12-29
T0012362,C01060,P0190,4,347.83,Israel,2024-04-12
T0012363,C00551,P0045,5,62.51,Spain,2024-02-07
T0012364,C00218,P0042,1,121.22,Canada,2024-11-09
T0012365,C01287,P0080,2,46.2,Canada,2024-01-25
T0012366,C00775,P0005,5,114.99,USA,2024-08-13
T0012367,C00831,P0084,3,252.46,France,2024-11-05
T0012368,C00341,P0034,5,157.91,Germany,2024-05-22
T0012369,C01447,P0185,2,335.01,Israel,2024-12-14
T0012370,C01661,P0168,5,122.01,USA,2024-01-07
T0012371,C01345,P0070,1,19.18,Brazil,2024-01-22
T0012372,C00575,P0045,4,63.22,France,2024-11-17
T0012373,C01192,P0103,4,365.28,Japan,2024-08-19
T0012374,C01895,P0059,3,306.55,UK,2024-10-29
T0012375,C00512,P0114,2,371.33,Brazil,2024-12-12
T0012376,C00916,P0194,3,368.41,Spain,2024-11-09
T0012377,C00345,P0042,4,110.7,Brazil,2024-11-17
T0012378,C01637,P0059,5,369.3,France,2024-01-20
T0012379,C00906,P0156,1,261.5,USA,2024-03-10
T0012380,C00953,P0057,4,92.84,Italy,2024-04-22
T0012381,C00575,P0129,3,35.88,Italy,2024-07-04
T0012382,C00407,P0125,4,125.13,Japan,2024-12-30
T0012383,C00866,P0038,1,19.34,Spain,2024-08-12
T0012384,C01591,P0075,2,374.39,UK,2024-02-13
T0012385,C01560,P0025,4,272.06,Japan,2024-01-22
T0012386,C01414,P0071,2,86.48,Canada,2024-03-19
T0012387,C00688,P0134,4,199.26,USA,2024-08-31
T0012388,C01288,P0054,5,230.3,France,2024-07-04
T0012389,C01553,P0071,1,82.81,Italy,2024-10-20
T0012390,C00626,P0114,3,417.62,Italy,2024-08-14
T0012391,C00012,P0043,1,12.96,Brazil,2024-08-27
T0012392,C01680,P0046,1,375.85,France,2024-02-28
T0012393,C01271,P0134,2,217.7,Japan,2024-08-19
T0012394,C00351,P0142,2,70.74,Germany,2024-11-24
T0012395,C01766,P0175,5,213.75,Japan,2024-10-29
T0012396,C00606,P0180,1,396.9,Brazil,2024-07-18
T0012397,C01740,P0152,2,377.95,Brazil,2024-08-23
T0012398,C00715,P0086,1,59.8,Spain,2024-08-04
T0012399,C01658,P0190,1,343.98,France,2024-12-03
T0012400,C00884,P0077,2,72.7,Brazil,2024-01-12
T0012401,C01530,P0125,2,138.41,Spain,2024-03-11
T0012402,C00162,P0134,3,222.5,France,2024-07-16
T0012403,C01683,P0109,5,44.51,Germany,2024-04-02
T0012404,C00213,P0192,5,261.26,Israel,2024-10-10
T0012405,C01037,P0057,2,96.99,Canada,2024-04-04
T0012406,C01589,P0078,4,378.75,USA,2024-08-24
T0012407,C01261,P0090,1,188.29,Brazil,2024-06-15
T0012408,C01614,P0182,1,275.16,USA,2024-11-18
T0012409,C01723,P0062,5,180.43,Italy,2024-06-25
T0012410,C00119,P0017,5,259.37,Israel,2024-01-20
T0012411,C01327,P0057,1,94.88,USA,2024-08-31
T0012412,C01288,P0134,4,232.24,UK,2024-03-16
T0012413,C00600,P0132,5,273.81,France,2024-06-25
T0012414,C00602,P0086,3,57.72,Israel,2024-04-24
T0012415,C01065,P0090,2,186.34,Japan,2024-12-03
T0012416,C01580,P0048,1,346.43,Israel,2024-02-16
T0012417,C00648,P0075,1,371.69,France,2024-08-27
T0012418,C00697,P0046,2,326.15,Germany,2024-08-29
T0012419,C01291,P0119,4,130.74,Italy,2024-09-09
T0012420,C00838,P0057,2,102.81,Japan,2024-10-13
T0012421,C00149,P0046,2,352.23,Israel,2024-01-10
T0012422,C01734,P0078,3,452.64,Canada,2024-07-09
T0012423,C00455,P0189,5,344.32,Israel,2024-02-26
T0012424,C01438,P0165,3,444.66,Germany,2024-12-04
T0012425,C00930,P0187,2,344.3,France,2024-03-31
T0012426,C01606,P0120,3,140.6,Canada,2024-12-10
T0012427,C01816,P0131,5,106.22,France,2024-06-06
T0012428,C00116,P0190,5,362.09,Brazil,2024-05-06
T0012429,C01279,P0134,5,211.95,Israel,2024-09-21
T0012430,C01803,P0065,3,289.86,Israel,2024-02-13
T0012431,C01347,P0013,1,120.79,Canada,2024-08-04
T0012432,C00348,P0113,2,332.94,Spain,2024-03-06
T0012433,C00158,P0071,2,88.28,Canada,2024-02-02
T0012434,C01538,P0051,5,284.62,Italy,2024-03-30
T0012435,C01389,P0082,5,98.65,Canada,2024-11-10
T0012436,C00538,P0160,3,292.73,France,2024-05-29
T0012437,C01829,P0075,5,387.41,Italy,2024-11-14
T0012438,C01581,P0150,5,198.31,Canada,2024-06-11
T0012439,C01901,P0019,2,230.35,Brazil,2024-12-04
T0012440,C00447,P0039,2,150.77,Italy,2024-08-15
T0012441,C01670,P0019,3,201.21,UK,2024-12-15
T0012442,C01986,P0176,2,173.98,France,2024-06-12
T0012443,C01892,P0042,4,122.55,Italy,2024-10-08
T0012444,C00484,P0041,4,213.95,Germany,2024-07-03
T0012445,C01531,P0190,4,407.01,Germany,2024-12-26
T0012446,C01989,P0125,4,122.05,Canada,2024-09-02
T0012447,C00794,P0136,5,137.66,USA,2024-09-13
T0012448,C00053,P0103,3,378.42,Germany,2024-04-28
T0012449,C01014,P0057,1,97.42,Canada,2024-01-08
T0012450,C00563,P0179,2,210.57,Canada,2024-03-12
T0012451,C01611,P0157,4,66.53,Israel,2024-06-22
T0012452,C01937,P0046,1,382.69,Canada,2024-06-09
T0012453,C01992,P0070,1,18.13,Brazil,2024-08-01
T0012454,C00256,P0099,1,179.68,Japan,2024-10-16
T0012455,C00658,P0103,4,352.92,France,2024-03-08
T0012456,C00864,P0045,5,58.59,UK,2024-01-31
T0012457,C01201,P0189,3,311.46,USA,2024-05-20
T0012458,C00290,P0087,5,123.6,Brazil,2024-07-31
T0012459,C00885,P0136,3,146.34,USA,2024-01-25
T0012460,C00661,P0180,5,365.42,Japan,2024-05-24
T0012461,C01672,P0013,4,130.66,Japan,2024-04-11
T0012462,C00047,P0113,1,349.55,Japan,2024-02-16
T0012463,C01298,P0185,2,375.92,Germany,2024-11-07
T0012464,C01093,P0029,4,271.21,Japan,2024-05-25
T0012465,C00587,P0113,1,352.26,Israel,2024-11-17
T0012466,C00660,P0075,5,331.7,Japan,2024-07-01
T0012467,C01352,P0190,1,378.66,Canada,2024-03-12
T0012468,C01656,P0077,5,78.3,Brazil,2024-01-14
T0012469,C01642,P0004,3,157.38,Germany,2024-03-11
T0012470,C01318,P0046,1,356.32,Italy,2024-05-23
T0012471,C01609,P0194,3,386.69,Germany,2024-07-16
T0012472,C01183,P0059,1,319.49,Brazil,2024-03-07
T0012473,C01311,P0024,1,392.32,Israel,2024-05-23
T0012474,C00333,P0048,5,293.16,UK,2024-12-24
T0012475,C01375,P0027,5,216.87,Israel,2024-09-08
T0012476,C01734,P0013,1,139.41,Germany,2024-12-16
T0012477,C01681,P0111,4,419.58,Israel,2024-09-17
T0012478,C01471,P0125,5,116.72,Spain,2024-08-12
T0012479,C00685,P0051,4,283.96,UK,2024-03-15
T0012480,C01244,P0059,5,364.06,USA,2024-01-13
T0012481,C00489,P0049,1,298.9,Japan,2024-09-05
T0012482,C01211,P0031,4,383.56,Italy,2024-10-07
T0012483,C01192,P0075,4,327.01,France,2024-02-25
T0012484,C01295,P0088,2,79.71,Spain,2024-12-17
T0012485,C00900,P0123,3,373.01,Brazil,2024-02-18
T0012486,C01703,P0009,1,22.32,Spain,2024-06-23
T0012487,C00213,P0190,2,404.29,Canada,2024-06-29
T0012488,C01004,P0149,2,461.82,Spain,2024-04-06
T0012489,C00811,P0070,2,20.68,Canada,2024-02-25
T0012490,C01435,P0113,5,348.56,Japan,2024-08-13
T0012491,C00357,P0018,2,309.51,Brazil,2024-06-09
T0012492,C01895,P0156,3,263.05,Canada,2024-04-21
T0012493,C00592,P0004,5,180.02,Brazil,2024-10-29
T0012494,C00654,P0185,3,357.85,UK,2024-08-03
T0012495,C01646,P0045,3,59.29,France,2024-09-19
T0012496,C00215,P0125,4,132.09,France,2024-03-16
T0012497,C00778,P0162,5,432.86,Canada,2024-09-29
T0012498,C00032,P0048,2,327.15,Canada,2024-11-05
T0012499,C00748,P0125,5,125.33,Japan,2024-12-09
T0012500,C01830,P0099,5,165.43,Japan,2024-11-19
T0012501,C01843,P0129,1,34.93,France,2024-03-28
T0012502,C00745,P0017,5,253.51,France,2024-12-07
T0012503,C00457,P0057,1,112.89,Brazil,2024-05-04
T0012504,C00950,P0185,2,367.21,Italy,2024-11-21
T0012505,C00016,P0099,5,182.36,France,2024-11-30
T0012506,C01073,P0013,4,133.31,USA,2024-07-04
T0012507,C01241,P0101,5,403.38,USA,2024-11-12
T0012508,C01079,P0084,4,266.69,Spain,2024-12-30
T0012509,C00864,P0059,4,311.03,France,2024-11-07
T0012510,C01345,P0057,5,102.34,UK,2024-10-29
T0012511,C00937,P0112,5,386.29,Italy,2024-01-27
T0012512,C01031,P0148,5,314.14,Japan,2024-10-15
T0012513,C00425,P0101,5,486.29,Spain,2024-02-23
T0012514,C00634,P0187,1,369.97,Germany,2024-04-30
T0012515,C00969,P0054,4,209.61,Brazil,2024-04-05
T0012516,C01290,P0101,1,451.03,Italy,2024-06-16
T0012517,C00032,P0007,5,398.69,Israel,2024-01-22
T0012518,C01075,P0013,3,141.25,Canada,2024-09-19
T0012519,C01192,P0075,1,339.92,Italy,2024-01-27
T0012520,C00316,P0013,5,123.83,Spain,2024-06-19
T0012521,C00984,P0128,3,387.22,Brazil,2024-10-16
T0012522,C00680,P0190,1,387.44,Italy,2024-04-23
T0012523,C00799,P0077,3,79.41,Canada,2024-07-08
T0012524,C00580,P0180,1,368.33,USA,2024-05-31
T0012525,C00542,P0103,4,387.52,Brazil,2024-08-15
T0012526,C01040,P0088,5,91.33,Italy,2024-04-20
T0012527,C00929,P0001,4,253.76,Brazil,2024-07-26
T0012528,C00475,P0017,3,258.75,Canada,2024-06-02
T0012529,C01650,P0162,3,433.63,UK,2024-12-19
T0012530,C00447,P0194,4,450.44,Japan,2024-11-22
T0012531,C00369,P0103,3,372.03,Canada,2024-11-23
T0012532,C00075,P0165,4,476.37,Spain,2024-01-30
T0012533,C00488,P0192,3,216.91,Spain,2024-10-08
T0012534,C00541,P0078,1,391.73,Italy,2024-04-29
T0012535,C01061,P0163,2,60.23,Germany,2024-12-06
T0012536,C01565,P0000,3,215.75,Canada,2024-06-09
T0012537,C01072,P0096,1,357.08,USA,2024-04-14
T0012538,C01014,P0194,2,449.31,Germany,2024-01-28
T0012539,C01418,P0060,5,416.26,UK,2024-03-13
T0012540,C00253,P0187,4,375.42,UK,2024-08-21
T0012541,C01027,P0057,1,110.54,Brazil,2024-12-31
T0012542,C00691,P0054,3,221.76,USA,2024-12-02
T0012543,C01864,P0184,4,481.08,Brazil,2024-07-31
T0012544,C01072,P0104,5,46.58,Brazil,2024-05-20
T0012545,C01167,P0057,2,93.9,France,2024-09-17
T0012546,C01687,P0075,3,378.06,Japan,2024-09-20
T0012547,C00807,P0130,4,245.18,France,2024-11-09
T0012548,C01929,P0106,1,80.66,UK,2024-11-08
T0012549,C00437,P0129,3,35.28,USA,2024-08-05
T0012550,C01277,P0131,1,109.35,USA,2024-06-27
T0012551,C00674,P0184,1,425.86,Spain,2024-07-30
T0012552,C00439,P0046,1,326.62,Japan,2024-05-30
T0012553,C01169,P0121,3,281.73,Italy,2024-01-29
T0012554,C00946,P0115,3,341.61,France,2024-04-21
T0012555,C00588,P0099,5,200.42,Canada,2024-02-29
T0012556,C01810,P0084,5,252.01,USA,2024-10-07
T0012557,C00202,P0175,1,222.43,UK,2024-03-29
T0012558,C00543,P0047,2,283.81,France,2024-06-29
T0012559,C01361,P0194,1,388.58,USA,2024-11-25
T0012560,C01895,P0137,5,223.45,Canada,2024-07-03
T0012561,C01259,P0045,1,52.74,France,2024-09-05
T0012562,C00473,P0077,2,70.12,Germany,2024-01-31
T0012563,C00319,P0054,2,210.92,Japan,2024-05-19
T0012564,C00161,P0149,3,418.23,France,2024-01-20
T0012565,C01362,P0156,1,257.07,Israel,2024-12-26
T0012566,C01483,P0015,3,118.49,Germany,2024-11-01
T0012567,C01188,P0057,5,94.0,UK,2024-04-14
T0012568,C01690,P0195,5,106.6,Italy,2024-11-21
T0012569,C00887,P0025,4,328.43,Japan,2024-03-22
T0012570,C01123,P0084,5,269.01,France,2024-11-21
T0012571,C00522,P0185,3,397.72,Italy,2024-12-13
T0012572,C00226,P0057,2,105.26,Canada,2024-08-26
T0012573,C00815,P0092,5,249.85,Spain,2024-04-04
T0012574,C00732,P0045,4,60.99,Brazil,2024-03-03
T0012575,C01568,P0037,3,77.48,USA,2024-11-10
T0012576,C00766,P0035,4,18.63,Japan,2024-01-19
T0012577,C01458,P0096,2,319.88,Italy,2024-03-17
T0012578,C00091,P0180,4,397.14,Spain,2024-10-09
T0012579,C01419,P0101,3,479.2,Israel,2024-12-05
T0012580,C01636,P0101,5,464.3,USA,2024-11-07
T0012581,C00394,P0054,4,208.2,USA,2024-03-07
T0012582,C00765,P0134,1,220.16,Spain,2024-02-03
T0012583,C01165,P0045,2,55.23,Brazil,2024-01-04
T0012584,C00869,P0194,3,368.94,Canada,2024-01-21
T0012585,C00781,P0152,5,364.23,USA,2024-05-24
T0012586,C01456,P0134,3,201.9,UK,2024-09-02
T0012587,C01796,P0054,4,227.6,Canada,2024-10-04
T0012588,C01403,P0117,4,183.91,Germany,2024-06-13
T0012589,C00317,P0017,1,271.1,Spain,2024-11-12
T0012590,C01248,P0054,2,240.88,France,2024-06-25
T0012591,C01175,P0156,2,222.82,Canada,2024-09-04
T0012592,C00452,P0129,5,33.74,Israel,2024-02-16
T0012593,C00878,P0019,4,201.9,Spain,2024-09-19
T0012594,C00869,P0054,3,252.69,Japan,2024-05-14
T0012595,C00845,P0130,1,229.19,USA,2024-04-29
T0012596,C01167,P0057,3,105.0,Spain,2024-07-30
T0012597,C01448,P0054,5,232.02,Brazil,2024-07-02
T0012598,C00619,P0136,1,141.02,Canada,2024-04-26
T0012599,C00335,P0013,1,120.1,Israel,2024-11-21
T0012600,C01238,P0019,4,237.98,Germany,2024-06-21
T0012601,C00302,P0113,4,352.64,Germany,2024-03-29
T0012602,C01249,P0054,3,238.61,Japan,2024-11-24
T0012603,C01424,P0065,3,279.79,Italy,2024-01-15
T0012604,C01148,P0125,1,119.81,Canada,2024-09-28
T0012605,C01118,P0059,2,369.69,Brazil,2024-11-17
T0012606,C01108,P0078,4,406.73,Spain,2024-11-30
T0012607,C01834,P0088,3,79.38,Germany,2024-08-17
T0012608,C00457,P0194,3,371.09,Italy,2024-03-03
T0012609,C00106,P0078,2,427.75,Israel,2024-01-31
T0012610,C00398,P0028,5,440.8,Italy,2024-04-01
T0012611,C01115,P0101,2,498.45,Germany,2024-07-28
T0012612,C00562,P0117,2,197.26,Spain,2024-11-14
T0012613,C01495,P0119,1,132.35,UK,2024-02-02
T0012614,C00522,P0013,2,134.0,Italy,2024-06-01
T0012615,C00575,P0120,2,156.28,Italy,2024-09-25
T0012616,C01789,P0190,5,358.03,France,2024-09-10
T0012617,C00949,P0180,4,389.3,Italy,2024-07-14
T0012618,C01739,P0059,1,346.7,Canada,2024-11-12
T0012619,C00335,P0180,2,376.85,France,2024-11-15
T0012620,C01413,P0103,4,379.96,Brazil,2024-08-02
T0012621,C01118,P0077,4,70.76,Germany,2024-11-04
T0012622,C00926,P0075,2,382.26,UK,2024-11-13
T0012623,C01579,P0088,1,80.78,Germany,2024-05-05
T0012624,C00074,P0124,5,336.83,Spain,2024-01-30
T0012625,C01426,P0057,4,98.64,UK,2024-11-12
T0012626,C01756,P0156,5,269.53,Spain,2024-05-23
T0012627,C01797,P0180,2,399.21,Brazil,2024-09-18
T0012628,C00269,P0125,2,136.55,Germany,2024-06-19
T0012629,C00994,P0048,4,289.32,USA,2024-10-26
T0012630,C00180,P0117,4,184.76,Germany,2024-09-07
T0012631,C00798,P0185,1,322.87,Italy,2024-06-06
T0012632,C01961,P0180,1,391.2,France,2024-11-26
T0012633,C00940,P0077,1,73.58,France,2024-04-12
T0012634,C01575,P0150,1,219.19,Italy,2024-06-14
T0012635,C00005,P0190,3,344.51,Germany,2024-10-27
T0012636,C01973,P0099,2,173.0,Spain,2024-01-02
T0012637,C01015,P0153,2,402.03,Spain,2024-03-30
T0012638,C00420,P0059,2,309.25,Japan,2024-10-05
T0012639,C00190,P0196,1,100.85,USA,2024-08-15
T0012640,C00088,P0156,2,224.5,USA,2024-06-25
T0012641,C01968,P0192,5,211.31,Japan,2024-01-11
T0012642,C01991,P0190,4,395.46,Brazil,2024-06-20
T0012643,C01743,P0163,2,69.36,Israel,2024-07-25
T0012644,C00221,P0141,1,189.76,Canada,2024-04-10
T0012645,C00724,P0059,3,323.79,Japan,2024-08-10
T0012646,C00061,P0028,1,426.66,Brazil,2024-08-26
T0012647,C01857,P0042,4,111.57,Germany,2024-01-14
T0012648,C01353,P0090,5,174.66,Israel,2024-07-18
T0012649,C00847,P0075,2,365.57,UK,2024-08-13
T0012650,C01498,P0067,2,268.53,France,2024-03-28
T0012651,C01509,P0077,4,75.39,Israel,2024-04-11
T0012652,C00810,P0046,4,346.19,Canada,2024-11-18
T0012653,C00421,P0193,5,207.14,Germany,2024-04-21
T0012654,C01359,P0099,2,203.94,Spain,2024-09-07
T0012655,C00757,P0182,4,300.2,USA,2024-07-02
T0012656,C01346,P0019,2,234.62,Italy,2024-12-21
T0012657,C01631,P0131,4,116.77,Japan,2024-03-04
T0012658,C01781,P0156,1,234.21,USA,2024-09-17
T0012659,C00093,P0136,1,133.04,USA,2024-04-04
T0012660,C01363,P0082,1,96.87,France,2024-07-17
T0012661,C01801,P0053,1,287.79,UK,2024-09-14
T0012662,C00510,P0125,2,137.89,UK,2024-04-02
T0012663,C00505,P0028,5,430.21,UK,2024-06-25
T0012664,C01484,P0069,3,192.85,France,2024-04-23
T0012665,C00505,P0134,4,212.69,Germany,2024-05-19
T0012666,C01901,P0134,2,188.7,Spain,2024-02-26
T0012667,C00801,P0117,4,162.73,France,2024-08-09
T0012668,C00772,P0084,3,228.01,Canada,2024-01-23
T0012669,C01682,P0048,2,285.43,Spain,2024-07-28
T0012670,C01364,P0142,5,72.27,USA,2024-12-11
T0012671,C00947,P0142,3,66.97,Spain,2024-12-02
T0012672,C00485,P0180,4,398.29,Israel,2024-10-11
T0012673,C00587,P0194,3,443.91,Canada,2024-12-01
T0012674,C01134,P0134,3,186.39,France,2024-01-29
T0012675,C00849,P0187,2,365.0,Italy,2024-08-20
T0012676,C00348,P0059,2,348.75,Italy,2024-05-06
T0012677,C01402,P0019,3,220.68,USA,2024-10-16
T0012678,C01022,P0192,4,259.09,Japan,2024-12-09
T0012679,C00555,P0131,4,103.21,Canada,2024-06-04
T0012680,C00656,P0028,4,434.65,Canada,2024-04-05
T0012681,C01173,P0103,3,384.46,Israel,2024-07-21
T0012682,C00838,P0054,4,250.28,Japan,2024-08-05
T0012683,C01837,P0029,2,273.18,USA,2024-08-02
T0012684,C01873,P0150,3,205.18,UK,2024-11-19
T0012685,C00379,P0134,3,217.1,France,2024-06-14
T0012686,C00699,P0017,5,249.17,Germany,2024-06-20
T0012687,C01628,P0127,1,426.2,Brazil,2024-02-20
T0012688,C01426,P0092,2,278.67,Canada,2024-01-08
T0012689,C00062,P0070,2,19.96,Japan,2024-03-06
T0012690,C01225,P0032,1,435.64,Canada,2024-07-28
T0012691,C01006,P0129,4,31.38,USA,2024-02-23
T0012692,C00313,P0083,5,252.14,Italy,2024-05-15
T0012693,C01412,P0103,3,344.38,Japan,2024-08-29
T0012694,C01538,P0125,5,121.03,Japan,2024-07-22
T0012695,C01352,P0187,4,343.31,UK,2024-04-18
T0012696,C01445,P0163,4,65.07,France,2024-10-24
T0012697,C01102,P0101,5,409.55,Italy,2024-11-03
T0012698,C00557,P0013,5,116.41,USA,2024-09-13
T0012699,C00220,P0076,4,298.06,USA,2024-08-07
T0012700,C00049,P0054,1,244.08,Spain,2024-11-04
T0012701,C01096,P0063,5,N/A,Canada,2024-09-27
T0012702,C00555,P0129,3,33.57,USA,2024-07-20
T0012703,C01523,P0154,4,47.5,Spain,2024-07-25
T0012704,C00087,P0054,1,222.44,Japan,2024-08-20
T0012705,C01187,P0024,2,388.88,Germany,2024-07-01
T0012706,C00316,P0075,1,363.54,Israel,2024-07-11
T0012707,C01367,P0057,1,97.27,Israel,2024-07-02
T0012708,C01079,P0136,4,146.75,USA,2024-09-23
T0012709,C00288,P0156,3,265.98,USA,2024-04-22
T0012710,C00836,P0048,3,299.07,Brazil,2024-04-10
T0012711,C00980,P0081,2,120.27,Israel,2024-10-09
T0012712,C00858,P0062,1,181.81,Germany,2024-11-30
T0012713,C00702,P0094,3,268.02,USA,2024-06-01
T0012714,C01463,P0190,2,380.06,Canada,2024-02-21
T0012715,C00945,P0005,3,104.11,USA,2024-09-07
T0012716,C00642,P0170,2,407.77,Spain,2024-01-23
T0012717,C01478,P0116,4,78.06,USA,2024-04-30
T0012718,C01115,P0160,1,289.18,Spain,2024-01-31
T0012719,C00378,P0122,1,227.12,Brazil,2024-12-24
T0012720,C00980,P0184,1,453.39,Israel,2024-05-19
T0012721,C00006,P0196,5,91.32,France,2024-04-17
T0012722,C00239,P0192,2,254.19,Canada,2024-06-28
T0012723,C00528,P0069,4,178.23,USA,2024-07-25
T0012724,C01767,P0094,4,272.38,Spain,2024-10-20
T0012725,C01307,P0057,3,109.59,UK,2024-12-15
T0012726,C01704,P0187,4,354.1,UK,2024-03-02
T0012727,C01987,P0121,4,304.26,Germany,2024-05-30
T0012728,C00398,P0047,2,261.65,Israel,2024-10-31
T0012729,C00898,P0134,2,201.48,Brazil,2024-05-04
T0012730,C01789,P0089,4,147.62,Japan,2024-03-12
T0012731,C00142,P0070,2,18.12,Canada,2024-09-19
T0012732,C01555,P0023,3,423.41,Canada,2024-09-26
T0012733,C01376,P0129,3,35.5,Spain,2024-12-06
T0012734,C01970,P0019,3,231.0,Japan,2024-07-09
T0012735,C00948,P0177,3,138.64,Brazil,2024-02-22
T0012736,C01222,P0180,2,361.21,UK,2024-10-10
T0012737,C00785,P0194,3,426.0,France,2024-04-25
T0012738,C00745,P0044,5,310.25,Germany,2024-12-08
T0012739,C01898,P0048,2,312.74,Canada,2024-09-13
T0012740,C00343,P0048,5,289.55,UK,2024-03-24
T0012741,C00766,P0046,3,368.49,Canada,2024-12-21
T0012742,C01271,P0022,5,172.95,Italy,2024-09-13
T0012743,C00646,P0059,1,326.88,Italy,2024-09-21
T0012744,C00351,P0070,2,19.56,Japan,2024-07-21
T0012745,C01747,P0152,3,389.69,Germany,2024-08-19
T0012746,C01732,P0177,2,143.17,USA,2024-10-19
T0012747,C01383,P0061,5,386.59,Spain,2024-02-25
T0012748,C01669,P0042,1,105.6,Israel,2024-04-17
T0012749,C00193,P0101,1,483.39,Canada,2024-04-01
T0012750,C01463,P0067,4,237.55,USA,2024-01-11
T0012751,C00261,P0171,5,428.39,UK,2024-11-17
T0012752,C01646,P0147,2,375.43,UK,2024-07-09
T0012753,C00047,P0048,4,309.12,Italy,2024-01-29
T0012754,C00192,P0013,2,137.13,UK,2024-10-05
T0012755,C01626,P0109,2,49.36,UK,2024-02-11
T0012756,C01765,P0163,5,58.4,France,2024-04-14
T0012757,C01046,P0136,1,161.35,UK,2024-01-08
T0012758,C01527,P0166,1,313.15,Italy,2024-08-31
T0012759,C00641,P0057,2,99.59,UK,2024-11-15
T0012760,C01726,P0117,1,197.22,Italy,2024-03-17
T0012761,C01005,P0063,1,259.12,France,2024-07-14
T0012762,C00709,P0013,3,131.74,Italy,2024-04-05
T0012763,C01550,P0045,4,55.19,Israel,2024-01-17
T0012764,C00308,P0052,1,438.58,Italy,2024-04-29
T0012765,C00963,P0028,1,437.98,USA,2024-11-07
T0012766,C00289,P0051,5,236.36,Japan,2024-05-12
T0012767,C00239,P0046,2,334.5,Israel,2024-04-07
T0012768,C01595,P0042,3,109.45,Canada,2024-07-08
T0012769,C00859,P0140,5,236.56,Japan,2024-08-13
T0012770,C00380,P0186,2,338.59,Japan,2024-07-14
T0012771,C00882,P0131,3,110.91,Israel,2024-06-23
T0012772,C00002,P0193,4,194.59,Israel,2024-04-28
T0012773,C00621,P0113,1,371.23,USA,2024-10-11
T0012774,C00864,P0113,2,348.54,Germany,2024-03-09
T0012775,C01879,P0012,4,248.66,USA,2024-12-17
T0012776,C01319,P0141,5,192.83,Canada,2024-01-10
T0012777,C01211,P0019,2,231.88,USA,2024-09-06
T0012778,C00566,P0075,5,313.78,UK,2024-05-23
T0012779,C01688,P0194,3,427.75,Canada,2024-07-13
T0012780,C00674,P0046,5,337.61,Italy,2024-02-20
T0012781,C00961,P0142,4,69.54,France,2024-10-30
T0012782,C00246,P0177,5,125.51,Israel,2024-02-27
T0012783,C00838,P0191,4,33.29,Italy,2024-11-13
T0012784,C00202,P0051,2,261.6,Italy,2024-06-03
T0012785,C01681,P0067,4,235.43,Germany,2024-01-03
T0012786,C01908,P0057,5,93.45,UK,2024-09-22
T0012787,C00358,P0100,3,125.28,Germany,2024-09-19
T0012788,C00619,P0175,2,249.24,Germany,2024-05-04
T0012789,C00702,P0109,5,44.75,Brazil,2024-04-23
T0012790,C00904,P0010,2,422.57,Canada,2024-06-22
T0012791,C01835,P0090,2,176.92,France,2024-06-07
T0012792,C01452,P0190,2,408.16,Canada,2024-11-17
T0012793,C01176,P0077,5,74.07,Canada,2024-12-10
T0012794,C01582,P0057,4,92.31,Spain,2024-12-07
T0012795,C01606,P0059,5,354.42,Germany,2024-06-21
T0012796,C01051,P0177,1,125.44,Canada,2024-10-17
T0012797,C00775,P0010,2,423.46,Israel,2024-02-04
T0012798,C00911,P0088,1,79.95,Spain,2024-03-24
T0012799,C00348,P0103,4,349.37,Canada,2024-04-11
T0012800,C00716,P0113,5,384.39,France,2024-11-25
T0012801,C01020,P0157,2,64.1,Canada,2024-06-23
T0012802,C01150,P0131,2,99.78,Italy,2024-08-11
T0012803,C00487,P0180,1,407.38,Brazil,2024-04-23
T0012804,C00513,P0194,3,370.24,Germany,2024-09-19
T0012805,C00420,P0154,5,44.67,USA,2024-09-18
T0012806,C00679,P0082,1,109.12,Canada,2024-07-02
T0012807,C00704,P0084,5,266.23,Italy,2024-12-30
T0012808,C01547,P0103,1,396.84,France,2024-05-10
T0012809,C00174,P0054,3,244.2,UK,2024-09-06
T0012810,C01556,P0142,2,58.51,Israel,2024-01-05
T0012811,C00748,P0129,4,38.99,Italy,2024-10-15
T0012812,C01841,P0094,5,289.03,Japan,2024-05-15
T0012813,C01536,P0000,3,184.53,Japan,2024-06-28
T0012814,C01697,P0144,1,166.06,UK,2024-03-03
T0012815,C00452,P0183,3,91.6,Spain,2024-03-14
T0012816,C01823,P0125,4,116.82,Germany,2024-09-29
T0012817,C00517,P0076,5,272.8,Germany,2024-11-28
T0012818,C00818,P0084,5,271.31,Germany,2024-03-03
T0012819,C00154,P0180,1,366.32,Spain,2024-12-30
T0012820,C01154,P0190,2,361.9,France,2024-07-20
T0012821,C00474,P0157,4,59.72,USA,2024-01-16
T0012822,C00739,P0017,4,229.33,Brazil,2024-06-09
T0012823,C01961,P0087,2,105.83,Italy,2024-05-24
T0012824,C01922,P0125,1,122.09,Italy,2024-12-23
T0012825,C01178,P0070,4,18.48,Italy,2024-04-27
T0012826,C01855,P0180,5,409.29,Japan,2024-09-25
T0012827,C01132,P0103,3,411.37,Germany,2024-09-02
T0012828,C01536,P0177,5,138.12,France,2024-10-31
T0012829,C00326,P0099,5,202.03,Israel,2024-10-23
T0012830,C01796,P0109,2,51.66,USA,2024-12-14
T0012831,C00259,P0046,3,361.66,USA,2024-08-30
T0012832,C00162,P0057,1,97.25,Israel,2024-12-24
T0012833,C00857,P0148,5,287.62,Germany,2024-03-08
T0012834,C01111,P0054,4,229.86,USA,2024-07-25
T0012835,C01713,P0101,3,485.78,Germany,2024-02-07
T0012836,C00540,P0198,5,360.77,UK,2024-07-07
T0012837,C00907,P0046,1,346.03,France,2024-08-06
T0012838,C00307,P0180,1,344.35,Israel,2024-04-26
T0012839,C01993,P0158,4,289.7,Italy,2024-10-22
T0012840,C00449,P0140,3,256.05,Canada,2024-11-29
T0012841,C00293,P0048,3,336.89,France,2024-05-02
T0012842,C00663,P0142,3,62.18,Germany,2024-09-03
T0012843,C00922,P0077,4,81.69,USA,2024-11-27
T0012844,C00154,P0090,2,180.0,Brazil,2024-02-02
T0012845,C01509,P0122,2,228.65,Japan,2024-03-09
T0012846,C00143,P0193,4,202.29,Brazil,2024-04-20
T0012847,C00969,P0106,2,73.4,UK,2024-11-11
T0012848,C00533,P0102,5,129.2,Israel,2024-03-02
T0012849,C01554,P0156,2,241.96,Italy,2024-08-04
T0012850,C00051,P0084,5,223.14,Canada,2024-06-29
T0012851,C00959,P0134,5,187.08,UK,2024-08-31
T0012852,C01984,P0083,2,267.34,Brazil,2024-10-14
T0012853,C01011,P0112,4,362.24,France,2024-11-11
T0012854,C01535,P0103,3,409.28,Germany,2024-03-13
T0012855,C00931,P0057,3,109.66,Germany,2024-01-29
T0012856,C00391,P0047,5,258.98,Italy,2024-03-12
T0012857,C00123,P0180,1,331.81,UK,2024-04-19
T0012858,C00690,P0125,5,117.02,Germany,2024-01-31
T0012859,C01353,P0016,1,365.18,Germany,2024-09-12
T0012860,C01931,P0190,4,337.29,Brazil,2024-12-15
T0012861,C00632,P0136,3,136.65,Canada,2024-06-11
T0012862,C01753,P0019,1,237.44,UK,2024-02-05
T0012863,C00139,P0054,3,216.3,Brazil,2024-06-09
T0012864,C01301,P0065,2,291.3,Canada,2024-03-13
T0012865,C00268,P0193,1,209.86,UK,2024-04-13
T0012866,C01310,P0088,1,78.22,Canada,2024-09-18
T0012867,C00439,P0194,4,419.31,Germany,2024-02-27
T0012868,C01564,P0075,1,359.58,Spain,2024-12-04
T0012869,C00315,P0185,3,381.89,France,2024-03-28
T0012870,C00973,P0034,3,162.55,Israel,2024-01-03
T0012871,C00586,P0098,4,412.67,UK,2024-11-14
T0012872,C01026,P0000,3,204.84,Brazil,2024-01-10
T0012873,C01015,P0103,4,365.09,USA,2024-09-28
T0012874,C01222,P0094,2,257.77,Italy,2024-12-06
T0012875,C00443,P0125,1,122.87,UK,2024-03-18
T0012876,C00277,P0012,5,267.27,Japan,2024-08-14
T0012877,C01033,P0101,4,435.91,Germany,2024-05-16
T0012878,C00681,P0129,5,38.03,Brazil,2024-07-11
T0012879,C00171,P0000,3,216.5,Canada,2024-11-19
T0012880,C01987,P0129,4,31.61,Japan,2024-04-02
T0012881,C00561,P0190,3,371.93,Germany,2024-06-02
T0012882,C00350,P0034,5,139.65,Brazil,2024-03-15
T0012883,C00445,P0134,2,194.69,Japan,2024-02-11
T0012884,C00126,P0045,5,55.79,UK,2024-08-28
T0012885,C01296,P0129,5,33.07,USA,2024-08-07
T0012886,C00772,P0196,3,99.78,UK,2024-04-06
T0012887,C01665,P0142,2,70.73,France,2024-11-17
T0012888,C01523,P0169,3,74.39,Italy,2024-03-16
T0012889,C01459,P0084,2,221.14,France,2024-05-09
T0012890,C01580,P0016,3,329.67,Japan,2024-01-08
T0012891,C01733,P0192,1,260.34,Canada,2024-09-15
T0012892,C00101,P0129,2,37.16,Spain,2024-02-13
T0012893,C00275,P0198,5,330.92,Spain,2024-05-10
T0012894,C00678,P0101,5,400.25,Brazil,2024-05-21
T0012895,C01149,P0103,2,337.61,Brazil,2024-02-26
T0012896,C00462,P0176,1,165.43,Japan,2024-12-01
T0012897,C01644,P0011,2,342.82,Japan,2024-07-09
T0012898,C00011,P0185,5,382.53,Japan,2024-09-19
T0012899,C01266,P0141,4,206.27,Israel,2024-05-15
T0012900,C00135,P0113,3,347.98,Italy,2024-04-25
T0012901,C01083,P0115,4,381.28,USA,2024-12-20
T0012902,C01692,P0028,5,454.17,Japan,2024-03-24
T0012903,C01738,P0046,3,324.79,Spain,2024-06-27
T0012904,C00359,P0094,2,264.22,Japan,2024-02-10
T0012905,C01372,P0194,5,412.61,Israel,2024-04-26
T0012906,C01450,P0134,3,209.62,Germany,2024-10-18
T0012907,C00376,P0083,4,285.72,Brazil,2024-10-13
T0012908,C01546,P0034,3,142.33,Italy,2024-03-20
T0012909,C01618,P0024,5,417.0,UK,2024-01-02
T0012910,C00551,P0013,3,136.99,UK,2024-01-16
T0012911,C00996,P0017,2,273.16,Israel,2024-07-04
T0012912,C01283,P0061,1,436.09,UK,2024-04-04
T0012913,C01048,P0057,5,111.32,France,2024-01-07
T0012914,C01500,P0048,4,339.52,Israel,2024-04-27
T0012915,C01323,P0134,3,199.05,Brazil,2024-07-20
T0012916,C01141,P0169,2,73.86,Canada,2024-07-04
T0012917,C00137,P0004,3,165.77,France,2024-10-12
T0012918,C00155,P0159,1,206.14,Germany,2024-07-04
T0012919,C00826,P0049,1,343.13,France,2024-07-15
T0012920,C00238,P0062,4,165.47,UK,2024-07-12
T0012921,C01403,P0088,1,78.1,Germany,2024-06-10
T0012922,C01639,P0084,1,250.29,Brazil,2024-04-30
T0012923,C01431,P0103,3,364.9,France,2024-06-02
T0012924,C00964,P0131,1,111.56,Germany,2024-11-07
T0012925,C00161,P0147,5,358.88,Germany,2024-03-29
T0012926,C01330,P0125,1,133.48,Japan,2024-05-07
T0012927,C01441,P0011,3,355.45,Japan,2024-09-06
T0012928,C00403,P0084,1,266.61,Brazil,2024-08-26
T0012929,C00785,P0180,4,351.5,UK,2024-03-10
T0012930,C00167,P0096,4,332.15,Japan,2024-03-31
T0012931,C00026,P0187,2,351.62,Israel,2024-07-12
T0012932,C00391,P0060,5,357.52,Italy,2024-11-23
T0012933,C00659,P0057,3,113.81,Brazil,2024-11-01
T0012934,C00921,P0103,4,359.54,Israel,2024-02-20
T0012935,C00691,P0075,3,323.37,Spain,2024-12-28
T0012936,C00358,P0013,4,134.05,Israel,2024-10-22
T0012937,C01468,P0136,5,145.03,UK,2024-08-11
T0012938,C01835,P0084,4,271.17,Germany,2024-06-01
T0012939,C01911,P0077,4,73.95,Canada,2024-09-17
T0012940,C01793,P0117,1,191.47,UK,2024-12-19
T0012941,C01114,P0136,4,139.08,USA,2024-03-19
T0012942,C00400,P0101,5,455.35,UK,2024-10-01
T0012943,C01658,P0158,3,238.11,France,2024-09-16
T0012944,C00972,P0101,2,477.15,Italy,2024-06-04
T0012945,C00129,P0105,5,183.54,Italy,2024-11-11
T0012946,C01172,P0115,2,317.39,France,2024-07-13
T0012947,C00883,P0129,3,32.89,Germany,2024-10-31
T0012948,C01307,P0059,2,340.88,Canada,2024-02-18
T0012949,C01814,P0180,5,365.04,Israel,2024-08-09
T0012950,C01068,P0143,5,278.11,France,2024-06-13
T0012951,C01047,P0152,2,340.37,Spain,2024-12-18
T0012952,C01152,P0199,2,325.42,Japan,2024-05-07
T0012953,C01418,P0073,5,192.21,Israel,2024-05-24
T0012954,C01755,P0156,5,246.82,Japan,2024-12-01
T0012955,C01321,P0000,5,193.09,Brazil,2024-06-15
T0012956,C00033,P0129,4,36.94,Italy,2024-03-08
T0012957,C00857,P0054,5,238.14,Italy,2024-06-05
T0012958,C00454,P0184,4,437.01,Germany,2024-07-26
T0012959,C00239,P0012,4,253.22,Israel,2024-04-24
T0012960,C01326,P0088,3,93.81,Israel,2024-03-13
T0012961,C00196,P0156,4,239.16,USA,2024-11-28
T0012962,C00890,P0185,5,378.51,Brazil,2024-05-12
T0012963,C01335,P0101,2,478.4,France,2024-06-12
T0012964,C00162,P0110,2,45.13,Israel,2024-04-22
T0012965,C00620,P0000,4,194.47,USA,2024-02-14
T0012966,C00011,P0064,2,127.35,Brazil,2024-02-01
T0012967,C00459,P0113,4,349.68,Spain,2024-04-02
T0012968,C00089,P0013,2,121.26,Canada,2024-05-08
T0012969,C01792,P0019,4,221.31,Japan,2024-05-05
T0012970,C00768,P0089,5,169.99,France,2024-06-17
T0012971,C01888,P0136,3,144.48,Germany,2024-03-14
T0012972,C00067,P0057,3,98.06,USA,2024-06-29
T0012973,C00169,P0129,1,36.74,Italy,2024-05-14
T0012974,C00396,P0175,4,222.44,France,2024-04-18
T0012975,C00966,P0103,1,337.64,Spain,2024-04-28
T0012976,C00006,P0023,2,450.65,USA,2024-06-03
T0012977,C00820,P0088,5,88.44,Canada,2024-02-08
T0012978,C00943,P0156,2,232.33,France,2024-05-17
T0012979,C01467,P0096,2,387.45,Italy,2024-02-28
T0012980,C00122,P0057,1,106.31,USA,2024-12-19
T0012981,C00112,P0096,5,385.14,Germany,2024-09-28
T0012982,C00142,P0103,4,410.5,USA,2024-07-29
T0012983,C01792,P0023,2,419.85,Spain,2024-04-09
T0012984,C00289,P0114,4,385.95,Italy,2024-01-18
T0012985,C01785,P0113,1,386.03,Italy,2024-09-07
T0012986,C00112,P0112,3,371.57,France,2024-12-07
T0012987,C00801,P0101,5,446.88,Spain,2024-06-18
T0012988,C00469,P0108,2,478.29,Italy,2024-10-24
T0012989,C01172,P0134,3,232.49,Spain,2024-04-06
T0012990,C01465,P0045,3,64.26,Israel,2024-04-29
T0012991,C01295,P0099,4,184.58,UK,2024-07-21
T0012992,C01253,P0084,3,222.91,Israel,2024-05-21
T0012993,C00764,P0134,4,230.55,USA,2024-11-16
T0012994,C00587,P0083,5,268.2,Israel,2024-05-25
T0012995,C01793,P0190,1,405.58,France,2024-07-23
T0012996,C00418,P0109,5,52.21,UK,2024-07-11
T0012997,C00941,P0070,3,22.06,Canada,2024-05-04
T0012998,C00363,P0079,5,265.59,UK,2024-10-14
T0012999,C01067,P0096,4,350.2,USA,2024-02-22
T0013000,C01558,P0084,4,264.53,Spain,2024-07-12
T0013001,C00287,P0045,2,53.79,Japan,2024-03-16
T0013002,C00177,P0102,4,115.04,France,2024-09-01
T0013003,C00701,P0164,2,291.0,USA,2024-12-13
T0013004,C01014,P0057,4,105.2,UK,2024-09-03
T0013005,C00790,P0015,3,116.69,Japan,2024-10-02
T0013006,C01492,P0119,5,128.64,USA,2024-02-29
T0013007,C00799,P0090,3,162.55,Brazil,2024-09-02
T0013008,C00905,P0050,3,216.35,Israel,2024-07-05
T0013009,C01816,P0019,1,208.98,USA,2024-02-18
T0013010,C00117,P0028,4,448.68,Italy,2024-03-08
T0013011,C01564,P0042,4,101.03,UK,2024-02-11
T0013012,C01929,P0164,5,294.23,Canada,2024-02-26
T0013013,C01998,P0105,4,172.51,Japan,2024-10-30
T0013014,C00874,P0125,2,124.35,Israel,2024-04-20
T0013015,C00269,P0122,1,213.43,Germany,2024-03-22
T0013016,C01257,P0088,2,86.5,Japan,2024-08-23
T0013017,C01902,P0113,2,347.66,Italy,2024-03-23
T0013018,C01148,P0088,1,79.79,France,2024-03-22
T0013019,C01992,P0131,4,110.5,Germany,2024-08-21
T0013020,C01494,P0075,5,350.87,France,2024-02-03
T0013021,C01753,P0075,4,387.76,UK,2024-08-20
T0013022,C00580,P0036,1,198.68,Italy,2024-02-15
T0013023,C01529,P0113,4,347.08,Israel,2024-10-17
T0013024,C01154,P0082,5,113.93,Germany,2024-11-28
T0013025,C01857,P0156,5,269.35,UK,2024-09-07
T0013026,C00147,P0085,4,117.41,Germany,2024-03-19
T0013027,C00671,P0042,4,118.8,Spain,2024-08-14
T0013028,C01646,P0134,2,207.86,Japan,2024-08-17
T0013029,C01422,P0142,3,66.69,France,2024-09-05
T0013030,C01137,P0090,2,165.31,Italy,2024-11-20
T0013031,C01146,P0049,3,313.26,Germany,2024-10-16
T0013032,C01159,P0013,5,127.25,France,2024-08-10
T0013033,C00354,P0023,2,432.99,Japan,2024-12-23
T0013034,C00472,P0180,5,403.22,Italy,2024-10-01
T0013035,C01876,P0180,5,352.46,Canada,2024-07-25
T0013036,C00691,P0096,5,355.93,Brazil,2024-03-12
T0013037,C00969,P0042,3,110.63,Israel,2024-06-30
T0013038,C00880,P0002,4,348.5,Israel,2024-02-24
T0013039,C00431,P0104,5,45.33,Canada,2024-02-07
T0013040,C00254,P0103,1,384.01,Italy,2024-02-21
T0013041,C00229,P0070,5,19.9,UK,2024-08-05
T0013042,C00509,P0103,3,403.11,Japan,2024-02-19
T0013043,C01694,P0134,5,222.24,UK,2024-03-19
T0013044,C00287,P0134,2,195.08,France,2024-04-09
T0013045,C01544,P0190,2,405.19,Japan,2024-07-13
T0013046,C00583,P0117,3,178.66,Japan,2024-02-11
T0013047,C01766,P0193,4,207.41,Spain,2024-08-27
T0013048,C00160,P0114,3,398.48,France,2024-02-19
T0013049,C01028,P0088,1,85.54,Spain,2024-06-02
T0013050,C01850,P0147,5,369.76,Japan,2024-03-11
T0013051,C01478,P0136,2,136.9,Japan,2024-06-13
T0013052,C00381,P0077,1,73.22,France,2024-01-26
T0013053,C00784,P0120,3,133.86,UK,2024-07-03
T0013054,C01823,P0127,2,441.39,UK,2024-06-10
T0013055,C01252,P0135,3,168.68,Canada,2024-01-12
T0013056,C00156,P0164,1,316.49,Japan,2024-12-11
T0013057,C01628,P0113,1,347.71,Germany,2024-04-03
T0013058,C01257,P0164,4,305.39,UK,2024-03-19
T0013059,C00507,P0113,3,388.23,Japan,2024-09-10
T0013060,C01261,P0009,3,22.52,USA,2024-08-15
T0013061,C01335,P0129,2,32.04,UK,2024-05-21
T0013062,C01380,P0036,4,205.43,Japan,2024-08-15
T0013063,C00338,P0100,1,111.17,UK,2024-06-18
T0013064,C00387,P0042,3,112.52,Germany,2024-05-30
T0013065,C01519,P0185,4,390.29,Japan,2024-12-30
T0013066,C01258,P0034,4,142.35,Japan,2024-02-15
T0013067,C00463,P0157,5,59.16,Brazil,2024-04-12
T0013068,C00627,P0102,1,104.25,Israel,2024-06-10
T0013069,C00538,P0110,4,49.71,USA,2024-04-05
T0013070,C00823,P0049,1,311.35,Israel,2024-03-01
T0013071,C01260,P0061,5,395.51,Germany,2024-11-06
T0013072,C00891,P0084,5,226.57,UK,2024-06-01
T0013073,C00131,P0084,2,272.54,Italy,2024-05-13
T0013074,C00752,P0019,2,197.59,Israel,2024-11-20
T0013075,C01432,P0186,5,336.23,USA,2024-01-28
T0013076,C00694,P0076,3,258.83,France,2024-10-27
T0013077,C00167,P0042,4,105.5,Italy,2024-12-21
T0013078,C01854,P0012,3,254.71,Israel,2024-10-08
T0013079,C00226,P0065,3,239.95,USA,2024-05-09
T0013080,C01966,P0134,5,225.97,Israel,2024-01-10
T0013081,C01424,P0125,5,120.14,Spain,2024-01-20
T0013082,C01024,P0086,5,59.65,Canada,2024-10-02
T0013083,C00130,P0131,2,108.62,Spain,2024-05-06
T0013084,C00547,P0131,4,113.68,Brazil,2024-04-27
T0013085,C01905,P0163,3,62.42,USA,2024-02-18
T0013086,C00401,P0084,2,223.46,Brazil,2024-03-11
T0013087,C00585,P0177,4,122.61,UK,2024-09-01
T0013088,C00394,P0053,3,274.29,Germany,2024-10-31
T0013089,C00468,P0134,2,191.97,USA,2024-06-02
T0013090,C01926,P0084,1,247.12,Italy,2024-06-11
T0013091,C00923,P0180,1,362.19,Canada,2024-12-04
T0013092,C00505,P0049,5,340.4,USA,2024-04-08
T0013093,C00705,P0076,3,251.06,Spain,2024-02-29
T0013094,C00653,P0054,1,250.12,Israel,2024-10-22
T0013095,C01449,P0054,3,221.7,Israel,2024-01-15
T0013096,C01905,P0075,4,389.23,France,2024-04-05
T0013097,C01936,P0134,4,216.71,Japan,2024-08-05
T0013098,C01186,P0088,4,90.03,Spain,2024-02-29
T0013099,C01092,P0113,5,335.84,UK,2024-05-11
T0013100,C01613,P0130,4,216.87,Germany,2024-01-13
T0013101,C01650,P0150,5,191.68,Japan,2024-11-05
T0013102,C00754,P0045,4,56.03,Japan,2024-09-23
T0013103,C01727,P0077,4,71.26,Germany,2024-01-09
T0013104,C01209,P0099,1,167.15,Brazil,2024-08-15
T0013105,C01306,P0065,5,263.03,USA,2024-08-08
T0013106,C01877,P0085,4,132.56,Canada,2024-07-10
T0013107,C01940,P0054,2,231.08,Japan,2024-07-01
T0013108,C01429,P0185,1,351.93,Brazil,2024-02-07
T0013109,C01842,P0103,3,368.28,France,2024-08-31
T0013110,C00327,P0187,5,405.95,Spain,2024-03-30
T0013111,C01115,P0094,3,299.88,Brazil,2024-04-27
T0013112,C00747,P0177,2,139.26,Japan,2024-05-13
T0013113,C00172,P0134,1,187.73,Canada,2024-08-07
T0013114,C01111,P0136,1,147.33,USA,2024-10-14
T0013115,C00742,P0070,2,20.67,Brazil,2024-06-13
T0013116,C00719,P0075,2,371.01,Germany,2024-10-30
T0013117,C00629,P0194,1,370.23,Canada,2024-04-24
T0013118,C00962,P0125,4,140.22,Spain,2024-04-05
T0013119,C01488,P0103,2,396.44,Germany,2024-06-13
T0013120,C01046,P0028,2,451.23,Japan,2024-04-21
T0013121,C00033,P0013,2,139.32,USA,2024-08-04
T0013122,C01410,P0057,5,107.77,Italy,2024-01-05
T0013123,C01176,P0117,1,175.27,Israel,2024-12-08
T0013124,C01337,P0187,4,368.88,UK,2024-08-04
T0013125,C00627,P0014,2,262.41,Italy,2024-08-02
T0013126,C00803,P0075,5,325.35,Israel,2024-07-01
T0013127,C01977,P0113,4,338.27,Spain,2024-09-19
T0013128,C00363,P0177,5,125.27,Brazil,2024-11-16
T0013129,C01805,P0107,4,116.29,Brazil,2024-07-11
T0013130,C01462,P0019,2,218.08,Germany,2024-03-12
T0013131,C00316,P0021,1,171.38,USA,2024-03-09
T0013132,C00792,P0117,4,187.87,Israel,2024-11-04
T0013133,C01272,P0111,1,441.68,Israel,2024-05-05
T0013134,C00809,P0184,2,494.92,Brazil,2024-01-02
T0013135,C00272,P0075,2,323.26,USA,2024-10-03
T0013136,C00912,P0046,5,343.9,Israel,2024-07-19
T0013137,C01763,P0100,4,113.72,Brazil,2024-10-12
T0013138,C00901,P0090,2,165.69,UK,2024-12-01
T0013139,C01336,P0153,5,356.18,Japan,2024-08-13
T0013140,C00404,P0134,2,207.73,Italy,2024-08-27
T0013141,C01089,P0128,3,358.72,Japan,2024-12-02
T0013142,C00409,P0129,1,33.89,Japan,2024-12-06
T0013143,C00151,P0171,2,409.6,Japan,2024-05-06
T0013144,C00112,P0109,4,46.84,Spain,2024-07-05
T0013145,C01311,P0099,4,205.17,Brazil,2024-12-16
T0013146,C00406,P0125,3,133.58,Germany,2024-03-18
T0013147,C01992,P0105,3,186.1,Brazil,2024-02-18
T0013148,C01000,P0156,4,240.5,France,2024-06-21
T0013149,C01075,P0062,2,151.74,USA,2024-06-24
T0013150,C01228,P0175,3,206.63,Japan,2024-07-13
T0013151,C01969,P0116,2,79.14,Israel,2024-05-17
T0013152,C00647,P0179,2,227.08,Canada,2024-10-17
T0013153,C01548,P0148,4,325.63,Spain,2024-01-05
T0013154,C00628,P0096,2,350.06,Israel,2024-09-22
T0013155,C00185,P0110,4,50.27,Brazil,2024-11-01
T0013156,C01349,P0190,3,383.47,Spain,2024-07-11
T0013157,C01782,P0098,5,408.94,Canada,2024-08-17
T0013158,C01983,P0042,5,116.23,Canada,2024-10-28
T0013159,C01864,P0177,2,124.73,USA,2024-01-25
T0013160,C01576,P0123,5,323.61,France,2024-01-21
T0013161,C00220,P0175,5,216.36,Spain,2024-01-19
T0013162,C00478,P0184,5,431.44,France,2024-07-12
T0013163,C00190,P0101,3,477.08,Brazil,2024-06-29
T0013164,C01246,P0109,4,47.8,Brazil,2024-07-31
T0013165,C01636,P0199,5,352.64,Brazil,2024-06-16
T0013166,C01955,P0192,3,238.8,Japan,2024-07-19
T0013167,C00455,P0175,5,246.51,Israel,2024-06-29
T0013168,C00473,P0057,3,102.7,Japan,2024-02-02
T0013169,C00742,P0034,3,132.62,Italy,2024-11-07
T0013170,C01223,P0134,1,228.77,UK,2024-02-13
T0013171,C01725,P0103,5,343.73,Israel,2024-08-05
T0013172,C00379,P0156,5,267.61,Italy,2024-03-19
T0013173,C01773,P0051,4,263.55,Germany,2024-10-09
T0013174,C00988,P0125,5,132.25,USA,2024-10-02
T0013175,C01599,P0059,3,310.24,Spain,2024-10-03
T0013176,C01843,P0045,4,55.2,Japan,2024-01-27
T0013177,C00001,P0099,4,196.34,Italy,2024-06-09
T0013178,C00021,P0113,2,324.75,USA,2024-04-29
T0013179,C00945,P0101,4,488.61,Italy,2024-03-08
T0013180,C00280,P0136,3,156.92,Spain,2024-08-18
T0013181,C00580,P0150,4,212.69,USA,2024-03-29
T0013182,C00628,P0177,4,144.31,Japan,2024-07-11
T0013183,C01700,P0032,4,416.9,Spain,2024-04-25
T0013184,C00613,P0075,1,332.21,France,2024-08-13
T0013185,C00572,P0028,4,446.56,USA,2024-03-04
T0013186,C01781,P0193,1,201.54,Canada,2024-04-02
T0013187,C00200,P0054,5,210.64,Canada,2024-04-03
T0013188,C00965,P0075,3,364.08,UK,2024-07-05
T0013189,C00433,P0194,1,372.44,UK,2024-09-22
T0013190,C01784,P0059,4,346.59,UK,2024-05-20
T0013191,C00478,P0017,4,235.27,USA,2024-09-12
T0013192,C00256,P0125,4,119.71,Canada,2024-05-17
T0013193,C01735,P0077,5,77.21,Italy,2024-10-25
T0013194,C01491,P0194,4,435.61,Canada,2024-11-04
T0013195,C00948,P0021,1,162.62,UK,2024-10-04
T0013196,C00950,P0054,2,228.07,USA,2024-02-28
T0013197,C00734,P0180,1,345.8,UK,2024-10-09
T0013198,C01432,P0113,4,377.66,Canada,2024-05-04
T0013199,C00043,P0103,3,354.26,Brazil,2024-02-24
T0013200,C01018,P0154,2,49.8,Germany,2024-06-16
T0013201,C00745,P0125,2,120.31,Japan,2024-12-10
T0013202,C00964,P0080,4,46.69,Brazil,2024-11-26
T0013203,C01611,P0019,3,209.9,Canada,2024-10-24
T0013204,C00658,P0077,3,69.88,Germany,2024-01-13
T0013205,C01421,P0179,5,230.3,Canada,2024-04-08
T0013206,C01513,P0113,5,382.61,Japan,2024-04-01
T0013207,C00058,P0066,3,330.41,Canada,2024-12-18
T0013208,C01406,P0084,5,223.95,Japan,2024-10-24
T0013209,C01211,P0156,4,255.24,Italy,2024-05-24
T0013210,C01966,P0147,1,360.17,Italy,2024-12-04
T0013211,C01849,P0046,5,330.18,Japan,2024-07-06
T0013212,C01510,P0046,5,323.64,USA,2024-05-07
T0013213,C00767,P0113,2,335.0,Japan,2024-10-29
T0013214,C01349,P0017,4,247.1,Israel,2024-02-03
T0013215,C01824,P0101,2,464.73,Canada,2024-11-23
T0013216,C01992,P0146,3,217.07,Germany,2024-03-08
T0013217,C00665,P0087,1,120.29,Japan,2024-02-13
T0013218,C00188,P0187,3,338.93,USA,2024-12-08
T0013219,C01307,P0070,5,20.5,Canada,2024-06-06
T0013220,C01697,P0032,2,377.87,Israel,2024-12-29
T0013221,C01724,P0184,5,479.64,USA,2024-10-06
T0013222,C00391,P0141,2,203.29,France,2024-09-27
T0013223,C01333,P0195,1,113.56,France,2024-04-23
T0013224,C01275,P0103,5,348.0,France,2024-08-08
T0013225,C00614,P0045,3,58.58,Italy,2024-01-15
T0013226,C00317,P0113,5,320.99,Italy,2024-08-27
T0013227,C00116,P0077,1,72.88,Canada,2024-06-14
T0013228,C00872,P0110,4,46.8,Spain,2024-09-18
T0013229,C01663,P0096,4,338.14,France,2024-05-31
T0013230,C01937,P0013,3,133.42,Japan,2024-10-18
T0013231,C01989,P0163,3,63.11,Germany,2024-12-05
T0013232,C01261,P0065,3,268.42,Israel,2024-09-23
T0013233,C00742,P0180,4,361.52,UK,2024-09-11
T0013234,C01555,P0028,4,391.18,Japan,2024-10-18
T0013235,C01802,P0129,2,31.37,Brazil,2024-12-15
T0013236,C00465,P0077,3,82.14,Italy,2024-09-16
T0013237,C01833,P0190,4,417.0,Germany,2024-11-15
T0013238,C01400,P0191,5,37.8,USA,2024-05-15
T0013239,C00530,P0136,1,163.48,Germany,2024-01-09
T0013240,C00375,P0122,1,243.31,Japan,2024-11-11
T0013241,C01876,P0032,1,376.25,Germany,2024-09-14
T0013242,C01335,P0095,2,193.49,Japan,2024-07-27
T0013243,C01528,P0075,2,359.09,Brazil,2024-08-24
T0013244,C01306,P0136,1,162.88,France,2024-05-05
T0013245,C00876,P0129,5,37.95,UK,2024-08-29
T0013246,C01156,P0129,4,33.63,Spain,2024-05-23
T0013247,C00862,P0168,5,107.19,Canada,2024-09-04
T0013248,C00056,P0025,4,269.41,Brazil,2024-06-19
T0013249,C00380,P0075,1,365.32,Japan,2024-04-05
T0013250,C00769,P0137,5,255.42,Spain,2024-06-05
T0013251,C00395,P0103,4,343.59,USA,2024-02-27
T0013252,C01633,P0057,4,111.65,UK,2024-07-15
T0013253,C00815,P0125,4,115.49,Italy,2024-10-10
T0013254,C01235,P0075,3,386.23,UK,2024-03-26
T0013255,C00419,P0180,5,390.24,Canada,2024-05-06
T0013256,C01425,P0099,4,199.52,Italy,2024-10-05
T0013257,C01551,P0101,2,454.1,Germany,2024-12-29
T0013258,C01427,P0176,1,185.08,Germany,2024-03-11
T0013259,C01943,P0124,3,320.09,Israel,2024-11-25
T0013260,C01627,P0043,3,14.27,France,2024-10-17
T0013261,C00207,P0024,1,405.67,Germany,2024-10-25
T0013262,C00918,P0113,4,343.39,UK,2024-10-21
T0013263,C01646,P0180,1,364.16,France,2024-04-17
T0013264,C01624,P0045,1,52.28,Spain,2024-06-06
T0013265,C01492,P0099,3,178.91,USA,2024-07-26
T0013266,C00717,P0159,2,218.89,Israel,2024-05-06
T0013267,C00178,P0061,5,442.66,Brazil,2024-06-12
T0013268,C00960,P0152,2,361.42,Japan,2024-04-09
T0013269,C01273,P0176,2,180.58,UK,2024-01-30
T0013270,C00352,P0049,3,291.41,Japan,2024-04-02
T0013271,C00557,P0115,4,360.86,UK,2024-08-12
T0013272,C01096,P0180,4,364.99,Israel,2024-06-01
T0013273,C00900,P0134,2,208.05,Canada,2024-06-06
T0013274,C00632,P0147,3,388.06,France,2024-11-17
T0013275,C00277,P0061,5,424.7,Italy,2024-06-02
T0013276,C01180,P0125,2,127.4,Israel,2024-01-11
T0013277,C00531,P0046,3,368.75,Germany,2024-06-28
T0013278,C00492,P0049,4,348.38,Canada,2024-02-24
T0013279,C01878,P0129,2,34.41,Canada,2024-09-30
T0013280,C00573,P0150,4,199.5,USA,2024-09-06
T0013281,C01755,P0045,5,60.62,Israel,2024-10-15
T0013282,C00926,P0136,1,140.16,USA,2024-03-06
T0013283,C01152,P0142,3,64.49,Italy,2024-09-12
T0013284,C01005,P0134,2,189.84,Brazil,2024-11-28
T0013285,C00659,P0045,3,53.66,UK,2024-07-02
T0013286,C00005,P0180,4,389.85,Israel,2024-10-07
T0013287,C01794,P0113,5,316.55,Israel,2024-08-24
T0013288,C01530,P0118,3,441.83,UK,2024-05-12
T0013289,C00316,P0175,5,224.44,Spain,2024-02-14
T0013290,C00493,P0032,1,411.42,Japan,2024-02-28
T0013291,C01669,P0103,1,400.59,UK,2024-05-09
T0013292,C00905,P0191,2,39.35,USA,2024-12-16
T0013293,C01364,P0116,5,69.17,Canada,2024-08-08
T0013294,C00494,P0057,3,97.15,Israel,2024-07-18
T0013295,C01148,P0134,5,220.63,Italy,2024-03-22
T0013296,C01317,P0156,1,232.95,Japan,2024-11-07
T0013297,C00412,P0180,2,362.17,Italy,2024-06-27
T0013298,C01418,P0048,1,352.89,Italy,2024-05-20
T0013299,C01386,P0001,4,247.45,France,2024-03-16
T0013300,C01000,P0013,3,131.46,USA,2024-08-24
T0013301,C00614,P0094,5,273.14,Italy,2024-12-27
T0013302,C01610,P0118,3,418.0,Japan,2024-05-02
T0013303,C00260,P0129,1,33.16,Japan,2024-02-25
T0013304,C00775,P0036,5,180.53,Brazil,2024-11-11
T0013305,C00499,P0190,5,372.65,Israel,2024-01-20
T0013306,C01530,P0017,1,229.88,UK,2024-03-17
T0013307,C01082,P0084,4,271.65,USA,2024-07-25
T0013308,C00308,P0067,5,237.49,UK,2024-08-12
T0013309,C00029,P0149,1,396.04,USA,2024-07-24
T0013310,C00947,P0179,1,224.4,Italy,2024-12-12
T0013311,C00544,P0103,1,349.66,Brazil,2024-06-15
T0013312,C00175,P0013,2,115.15,Israel,2024-11-25
T0013313,C01761,P0169,1,67.69,USA,2024-08-25
T0013314,C00681,P0015,3,139.84,USA,2024-03-05
T0013315,C01570,P0075,3,350.52,Brazil,2024-04-16
T0013316,C01774,P0070,3,18.5,Israel,2024-12-20
T0013317,C00095,P0129,4,35.28,France,2024-09-30
T0013318,C01589,P0045,3,54.39,UK,2024-03-31
T0013319,C01496,P0046,4,328.56,USA,2024-10-15
T0013320,C01694,P0175,1,205.61,USA,2024-03-14
T0013321,C00292,P0174,2,310.03,France,2024-10-30
T0013322,C00341,P0134,4,215.45,USA,2024-06-12
T0013323,C00246,P0070,2,21.76,France,2024-05-17
T0013324,C01801,P0149,4,474.96,Brazil,2024-12-08
T0013325,C00712,P0042,1,114.29,Germany,2024-04-26
T0013326,C01474,P0129,5,34.45,Spain,2024-08-08
T0013327,C00103,P0019,4,222.3,Israel,2024-09-28
T0013328,C00043,P0141,4,204.24,Italy,2024-07-25
T0013329,C01509,P0047,2,272.29,Germany,2024-10-12
T0013330,C00113,P0077,1,73.75,Spain,2024-07-03
T0013331,C00363,P0146,3,253.49,Israel,2024-07-21
T0013332,C00031,P0059,4,348.89,Canada,2024-06-21
T0013333,C01399,P0075,2,317.32,Israel,2024-03-19
T0013334,C00222,P0062,5,173.01,UK,2024-12-08
T0013335,C01775,P0050,2,244.44,Spain,2024-04-17
T0013336,C00286,P0084,5,253.23,UK,2024-07-22
T0013337,C00746,P0017,1,261.15,Brazil,2024-03-16
T0013338,C01012,P0133,1,304.65,Spain,2024-12-10
T0013339,C01549,P0156,2,259.56,Brazil,2024-01-29
T0013340,C01562,P0028,3,428.94,Germany,2024-12-21
T0013341,C00001,P0117,5,178.91,Italy,2024-09-15
T0013342,C01713,P0180,2,399.0,Japan,2024-08-10
T0013343,C00980,P0013,5,134.31,UK,2024-08-04
T0013344,C00055,P0046,2,329.06,Germany,2024-11-16
T0013345,C01795,P0134,5,223.58,UK,2024-03-17
T0013346,C01098,P0145,1,321.88,Spain,2024-05-16
T0013347,C01481,P0091,2,63.84,USA,2024-05-14
T0013348,C01018,P0057,2,97.14,USA,2024-04-08
T0013349,C01067,P0159,5,219.12,Japan,2024-07-16
T0013350,C01546,P0190,2,384.68,Germany,2024-10-19
T0013351,C00686,P0054,2,210.33,Germany,2024-09-15
T0013352,C00742,P0152,3,375.52,UK,2024-09-20
T0013353,C01024,P0045,1,55.38,Canada,2024-09-07
T0013354,C00416,P0021,2,170.91,Japan,2024-12-12
T0013355,C00881,P0077,2,69.56,Spain,2024-07-16
T0013356,C00772,P0084,2,232.24,Italy,2024-11-20
T0013357,C00818,P0190,1,352.69,Brazil,2024-06-07
T0013358,C01257,P0042,2,104.24,France,2024-01-31
T0013359,C01065,P0191,3,33.27,Canada,2024-04-05
T0013360,C01378,P0047,5,239.17,Japan,2024-09-09
T0013361,C01143,P0175,2,216.62,Spain,2024-11-12
T0013362,C00635,P0073,5,155.61,Japan,2024-06-02
T0013363,C01885,P0084,5,227.37,Israel,2024-06-25
T0013364,C00526,P0180,4,350.19,Germany,2024-07-18
T0013365,C01541,P0129,3,35.44,France,2024-05-06
T0013366,C00706,P0008,3,341.82,France,2024-04-07
T0013367,C00246,P0129,2,35.58,France,2024-12-28
T0013368,C00276,P0009,1,22.56,Brazil,2024-10-03
T0013369,C01057,P0060,2,408.87,USA,2024-06-03
T0013370,C00544,P0096,1,368.16,Israel,2024-01-28
T0013371,C00615,P0048,5,334.06,Spain,2024-12-05
T0013372,C01878,P0049,5,347.45,Japan,2024-05-07
T0013373,C00487,P0009,4,21.36,USA,2024-03-15
T0013374,C01872,P0075,1,351.55,UK,2024-04-22
T0013375,C00489,P0075,2,334.83,France,2024-06-15
T0013376,C00379,P0077,3,81.96,UK,2024-08-16
T0013377,C01451,P0076,5,288.58,France,2024-03-28
T0013378,C01418,P0009,3,21.72,Brazil,2024-04-12
T0013379,C00652,P0070,2,18.12,UK,2024-08-23
T0013380,C01098,P0136,3,154.4,Israel,2024-12-27
T0013381,C00080,P0119,1,125.23,Canada,2024-02-25
T0013382,C01085,P0022,1,175.22,Brazil,2024-07-24
T0013383,C01883,P0070,2,18.53,Spain,2024-06-27
T0013384,C00216,P0113,2,338.02,USA,2024-07-24
T0013385,C01383,P0048,3,346.97,Japan,2024-10-21
T0013386,C01497,P0109,3,47.15,Israel,2024-06-10
T0013387,C01136,P0153,5,382.29,Germany,2024-08-26
T0013388,C00512,P0048,2,350.24,Canada,2024-10-26
T0013389,C01546,P0115,2,376.38,Canada,2024-03-22
T0013390,C00092,P0180,4,350.35,Japan,2024-10-05
T0013391,C00904,P0116,2,71.0,UK,2024-08-08
T0013392,C00897,P0130,4,235.64,France,2024-12-19
T0013393,C00794,P0075,3,379.13,Canada,2024-11-14
T0013394,C01743,P0045,3,64.13,Brazil,2024-12-16
T0013395,C00552,P0045,2,53.19,Japan,2024-06-28
T0013396,C01566,P0070,2,19.26,Spain,2024-09-30
T0013397,C00727,P0131,4,112.87,UK,2024-09-23
T0013398,C00929,P0076,4,267.09,UK,2024-09-27
T0013399,C00625,P0045,4,54.53,Japan,2024-12-01
T0013400,C00145,P0146,3,245.09,Israel,2024-07-28
T0013401,C01294,P0126,2,348.46,Brazil,2024-12-27
T0013402,C01843,P0194,3,436.5,Germany,2024-03-18
T0013403,C01231,P0136,5,140.01,Israel,2024-02-21
T0013404,C00336,P0103,4,330.07,UK,2024-08-15
T0013405,C01192,P0166,4,341.02,USA,2024-09-05
T0013406,C00469,P0168,3,115.4,Spain,2024-04-01
T0013407,C01241,P0002,2,410.4,Germany,2024-03-27
T0013408,C00500,P0013,2,124.02,Japan,2024-12-11
T0013409,C00944,P0125,5,129.36,USA,2024-01-14
T0013410,C00721,P0028,5,399.99,UK,2024-11-08
T0013411,C00852,P0084,1,244.83,Canada,2024-09-19
T0013412,C00487,P0070,1,21.57,Germany,2024-12-02
T0013413,C00181,P0017,5,254.09,Japan,2024-09-02
T0013414,C00053,P0045,3,61.05,Israel,2024-01-24
T0013415,C00105,P0048,5,319.23,USA,2024-01-16
T0013416,C01149,P0137,1,218.26,Israel,2024-03-26
T0013417,C01057,P0024,1,442.84,France,2024-06-09
T0013418,C01942,P0077,2,73.42,UK,2024-04-11
T0013419,C01641,P0098,5,452.68,Italy,2024-01-16
T0013420,C01702,P0136,2,136.44,Canada,2024-02-06
T0013421,C00073,P0028,5,413.06,UK,2024-05-11
T0013422,C01650,P0070,5,19.61,France,2024-02-04
T0013423,C01742,P0101,1,488.7,Japan,2024-09-05
T0013424,C00594,P0046,3,330.22,UK,2024-01-18
T0013425,C01047,P0022,3,153.77,Japan,2024-11-17
T0013426,C01206,P0003,3,350.6,Spain,2024-04-06
T0013427,C01972,P0101,2,483.29,Canada,2024-12-06
T0013428,C01285,P0040,4,349.55,Israel,2024-12-21
T0013429,C01589,P0075,5,356.6,USA,2024-04-27
T0013430,C00529,P0086,3,54.61,Italy,2024-10-09
T0013431,C00455,P0129,2,32.42,Israel,2024-12-05
T0013432,C00093,P0131,5,113.87,Germany,2024-01-25
T0013433,C00891,P0180,1,354.03,Italy,2024-05-06
T0013434,C01095,P0084,2,274.24,USA,2024-01-02
T0013435,C01151,P0154,4,54.8,France,2024-12-09
T0013436,C00736,P0057,2,94.1,Brazil,2024-12-21
T0013437,C01194,P0134,2,203.52,UK,2024-08-29
T0013438,C00266,P0109,4,52.14,France,2024-03-27
T0013439,C00330,P0054,1,258.77,Spain,2024-09-23
T0013440,C00379,P0019,2,195.75,Japan,2024-09-14
T0013441,C01834,P0013,1,130.37,Brazil,2024-06-02
T0013442,C00038,P0115,4,313.25,Spain,2024-05-13
T0013443,C01129,P0197,4,217.86,Germany,2024-04-27
T0013444,C01495,P0079,1,278.44,Italy,2024-06-16
T0013445,C01570,P0042,1,109.41,Brazil,2024-07-22
T0013446,C00955,P0045,5,56.3,USA,2024-04-07
T0013447,C00382,P0156,1,250.72,Israel,2024-07-31
T0013448,C01950,P0100,5,108.38,Spain,2024-03-18
T0013449,C01686,P0190,2,399.4,Germany,2024-10-24
T0013450,C00319,P0019,1,210.03,Brazil,2024-11-11
T0013451,C00005,P0046,1,314.02,Spain,2024-11-24
T0013452,C01614,P0167,4,281.93,France,2024-04-11
T0013453,C01846,P0081,5,107.9,USA,2024-12-15
T0013454,C00644,P0137,4,252.54,Brazil,2024-10-31
T0013455,C00417,P0062,4,162.83,Japan,2024-11-24
T0013456,C01612,P0184,5,472.04,Brazil,2024-12-31
T0013457,C01077,P0059,4,350.8,Brazil,2024-11-22
T0013458,C00599,P0134,2,225.8,USA,2024-04-24
T0013459,C00760,P0134,5,202.43,Israel,2024-07-23
T0013460,C01581,P0073,2,189.44,UK,2024-05-27
T0013461,C00871,P0180,1,404.63,UK,2024-12-21
T0013462,C01627,P0023,4,431.27,Spain,2024-05-30
T0013463,C01553,P0021,3,162.95,Israel,2024-03-16
T0013464,C00912,P0128,1,398.35,Canada,2024-07-02
T0013465,C01775,P0180,4,357.74,Spain,2024-09-01
T0013466,C01668,P0111,5,439.53,Canada,2024-03-30
T0013467,C00941,P0111,3,405.74,Japan,2024-03-30
T0013468,C00495,P0169,2,80.54,Brazil,2024-07-23
T0013469,C00888,P0042,1,124.11,Israel,2024-10-04
T0013470,C01735,P0113,3,359.27,Canada,2024-11-01
T0013471,C01237,P0117,3,182.3,Italy,2024-10-06
T0013472,C01334,P0084,2,234.01,Israel,2024-01-12
T0013473,C01298,P0103,2,400.57,Canada,2024-12-04
T0013474,C00945,P0185,1,390.23,Israel,2024-05-22
T0013475,C01443,P0131,4,101.76,Israel,2024-01-22
T0013476,C00804,P0140,4,229.31,Brazil,2024-06-04
T0013477,C00911,P0094,5,298.28,UK,2024-11-19
T0013478,C01591,P0134,4,216.11,Canada,2024-05-22
T0013479,C01011,P0175,4,230.22,Brazil,2024-11-03
T0013480,C00993,P0040,1,339.92,Canada,2024-08-05
T0013481,C01967,P0057,1,105.53,Japan,2024-03-19
T0013482,C01853,P0020,5,362.68,Brazil,2024-04-27
T0013483,C00300,P0062,3,169.88,France,2024-05-23
T0013484,C01824,P0125,1,123.37,Canada,2024-09-22
T0013485,C00298,P0000,2,190.0,Italy,2024-06-21
T0013486,C00890,P0030,4,134.87,Brazil,2024-11-09
T0013487,C00393,P0083,1,265.6,Italy,2024-02-04
T0013488,C01303,P0057,3,107.87,Israel,2024-05-17
T0013489,C00540,P0086,2,57.87,Brazil,2024-01-01
T0013490,C00139,P0096,1,387.17,Brazil,2024-02-02
T0013491,C00509,P0185,4,338.16,Spain,2024-04-27
T0013492,C00508,P0103,2,364.66,Israel,2024-05-25
T0013493,C00710,P0176,4,183.86,Germany,2024-11-09
T0013494,C00374,P0101,4,459.0,UK,2024-10-14
T0013495,C01127,P0157,5,60.11,Spain,2024-04-07
T0013496,C00962,P0024,5,471.92,France,2024-02-26
T0013497,C01266,P0129,2,37.06,Israel,2024-09-15
T0013498,C01346,P0160,5,264.51,USA,2024-03-17
T0013499,C00211,P0064,1,120.23,Israel,2024-12-15
T0013500,C01555,P0134,4,210.04,Italy,2024-05-27
T0013501,C00615,P0041,4,194.65,France,2024-12-11
T0013502,C00676,P0193,3,207.08,UK,2024-11-24
T0013503,C00386,P0088,3,81.74,UK,2024-08-13
T0013504,C01967,P0078,4,395.43,Canada,2024-02-01
T0013505,C01375,P0125,3,138.61,Israel,2024-09-07
T0013506,C00108,P0019,2,203.77,Japan,2024-11-30
T0013507,C01258,P0185,5,352.04,France,2024-05-08
T0013508,C00981,P0129,1,37.96,Israel,2024-03-03
T0013509,C00501,P0047,2,284.4,Canada,2024-12-10
T0013510,C00288,P0190,5,341.46,Canada,2024-08-21
T0013511,C00352,P0049,2,301.82,France,2024-06-09
T0013512,C00304,P0000,3,186.42,Brazil,2024-07-30
T0013513,C00339,P0157,3,65.5,Spain,2024-07-30
T0013514,C01944,P0125,5,141.05,Germany,2024-10-02
T0013515,C01301,P0148,4,312.79,Canada,2024-02-24
T0013516,C00549,P0098,1,451.05,USA,2024-08-02
T0013517,C01211,P0019,2,224.08,Germany,2024-09-01
T0013518,C00123,P0185,4,352.19,Canada,2024-10-22
T0013519,C01392,P0077,2,73.38,Germany,2024-05-06
T0013520,C00091,P0052,4,366.69,Japan,2024-05-24
T0013521,C01205,P0057,1,112.51,USA,2024-05-05
T0013522,C00650,P0136,2,135.08,Canada,2024-10-14
T0013523,C01659,P0047,5,260.56,France,2024-11-17
T0013524,C00348,P0079,2,264.0,Canada,2024-02-29
T0013525,C01321,P0045,1,63.05,USA,2024-01-02
T0013526,C01563,P0019,4,195.36,Spain,2024-07-01
T0013527,C01041,P0046,3,376.91,Italy,2024-07-22
T0013528,C00859,P0076,3,283.32,Canada,2024-12-29
T0013529,C00589,P0075,3,323.71,France,2024-07-07
T0013530,C00376,P0107,4,118.01,Germany,2024-03-04
T0013531,C01831,P0017,3,238.56,Japan,2024-06-01
T0013532,C00453,P0194,2,396.83,Brazil,2024-05-22
T0013533,C00785,P0193,4,190.8,Italy,2024-09-03
T0013534,C01415,P0185,2,329.22,Israel,2024-05-03
T0013535,C00296,P0145,4,298.62,France,2024-05-22
T0013536,C00172,P0086,1,52.66,Spain,2024-09-26
T0013537,C00201,P0131,2,119.47,Spain,2024-06-27
T0013538,C01628,P0178,2,280.72,USA,2024-03-13
T0013539,C00421,P0046,1,337.07,France,2024-07-03
T0013540,C00849,P0185,2,326.59,Italy,2024-10-03
T0013541,C00204,P0180,1,349.74,Canada,2024-11-27
T0013542,C00798,P0065,2,283.62,France,2024-09-01
T0013543,C00029,P0179,2,195.49,Brazil,2024-06-11
T0013544,C01650,P0111,3,431.96,USA,2024-06-12
T0013545,C01611,P0180,5,330.06,Japan,2024-08-22
T0013546,C01735,P0024,2,462.2,Brazil,2024-06-17
T0013547,C01722,P0045,2,57.64,Germany,2024-04-04
T0013548,C00787,P0028,5,424.3,Canada,2024-04-06
T0013549,C00051,P0127,5,458.17,Israel,2024-05-02
T0013550,C01152,P0075,1,362.04,Israel,2024-09-04
T0013551,C00637,P0084,2,223.07,Israel,2024-08-09
T0013552,C00721,P0013,1,120.45,Japan,2024-12-08
T0013553,C01335,P0046,2,338.6,Canada,2024-05-02
T0013554,C01691,P0185,2,328.71,France,2024-11-13
T0013555,C01210,P0142,3,69.79,Israel,2024-06-14
T0013556,C01236,P0129,2,34.77,France,2024-06-20
T0013557,C01848,P0158,2,245.5,Spain,2024-10-19
T0013558,C01329,P0148,1,323.62,Brazil,2024-11-06
T0013559,C00023,P0194,5,410.3,Italy,2024-02-13
T0013560,C01571,P0129,4,34.9,Brazil,2024-04-26
T0013561,C01031,P0063,3,246.4,France,2024-08-06
T0013562,C01806,P0185,4,366.2,Brazil,2024-11-23
T0013563,C01665,P0085,2,113.79,Italy,2024-08-30
T0013564,C00622,P0025,2,306.19,Canada,2024-08-07
T0013565,C01965,P0004,4,172.83,Israel,2024-06-17
T0013566,C00107,P0086,5,56.67,Spain,2024-11-02
T0013567,C01264,P0114,2,444.26,Canada,2024-04-29
T0013568,C01959,P0008,5,376.42,Japan,2024-06-23
T0013569,C00377,P0025,1,282.79,Brazil,2024-09-10
T0013570,C01324,P0113,5,390.36,UK,2024-08-25
T0013571,C01182,P0048,5,309.71,Japan,2024-08-26
T0013572,C00130,P0172,3,115.43,Brazil,2024-11-25
T0013573,C01226,P0019,5,199.89,Spain,2024-10-04
T0013574,C00554,P0175,4,229.63,Japan,2024-03-12
T0013575,C01922,P0177,1,124.18,Israel,2024-06-04
T0013576,C00446,P0136,4,136.59,Israel,2024-12-09
T0013577,C01230,P0101,5,486.73,Germany,2024-05-16
T0013578,C00403,P0194,3,429.11,Brazil,2024-04-12
T0013579,C01409,P0194,1,405.93,Italy,2024-08-26
T0013580,C01204,P0185,2,336.5,Brazil,2024-10-09
T0013581,C00154,P0134,2,211.15,Brazil,2024-08-01
T0013582,C01904,P0048,5,333.56,USA,2024-03-28
T0013583,C01927,P0067,2,273.43,Israel,2024-07-10
T0013584,C01567,P0142,3,72.79,Spain,2024-05-12
T0013585,C01802,P0045,4,52.59,Canada,2024-09-29
T0013586,C01254,P0116,2,76.72,Israel,2024-12-27
T0013587,C00386,P0104,5,49.03,Brazil,2024-09-12
T0013588,C00603,P0032,4,446.44,Brazil,2024-01-26
T0013589,C01772,P0046,5,336.26,Germany,2024-10-16
T0013590,C00609,P0194,1,443.1,Canada,2024-01-12
T0013591,C01456,P0042,2,102.54,USA,2024-09-22
T0013592,C00626,P0119,2,131.57,Israel,2024-04-29
T0013593,C01017,P0077,5,70.12,Spain,2024-03-16
T0013594,C00973,P0147,1,445.47,UK,2024-11-25
T0013595,C01371,P0185,3,329.34,France,2024-12-29
T0013596,C01428,P0144,3,160.03,Japan,2024-11-05
T0013597,C00004,P0148,2,276.94,Spain,2024-08-14
T0013598,C01046,P0017,1,258.63,Israel,2024-06-19
T0013599,C01523,P0170,4,410.74,Brazil,2024-07-15
T0013600,C01415,P0109,1,43.63,Spain,2024-08-22
T0013601,C00454,P0147,2,436.8,Italy,2024-01-26
T0013602,C01202,P0175,2,220.55,USA,2024-06-25
T0013603,C01627,P0101,5,486.23,Italy,2024-03-03
T0013604,C01743,P0048,5,343.09,Germany,2024-05-30
T0013605,C01529,P0134,3,208.48,Israel,2024-01-21
T0013606,C00412,P0103,5,377.59,Italy,2024-06-09
T0013607,C00230,P0153,2,361.61,USA,2024-12-07
T0013608,C01214,P0146,1,259.13,UK,2024-06-02
T0013609,C00036,P0101,3,476.42,Spain,2024-04-16
T0013610,C01267,P0113,4,395.13,Israel,2024-11-30
T0013611,C00771,P0190,1,373.57,USA,2024-05-22
T0013612,C00046,P0076,1,252.29,UK,2024-02-14
T0013613,C00854,P0019,1,203.58,Italy,2024-12-27
T0013614,C01428,P0192,4,253.4,UK,2024-09-02
T0013615,C01319,P0156,4,265.68,Germany,2024-07-03
T0013616,C01086,P0121,1,269.15,Germany,2024-03-07
T0013617,C00503,P0166,4,306.68,Canada,2024-09-05
T0013618,C00373,P0181,5,294.87,UK,2024-03-28
T0013619,C00762,P0046,1,332.75,Germany,2024-12-13
T0013620,C00475,P0103,1,380.33,Italy,2024-12-05
T0013621,C00876,P0077,5,80.33,Canada,2024-07-27
T0013622,C01394,P0125,3,123.82,Israel,2024-10-07
T0013623,C01238,P0185,1,322.68,USA,2024-04-20
T0013624,C00369,P0104,3,53.24,Japan,2024-08-03
T0013625,C00921,P0096,2,353.84,Germany,2024-03-21
T0013626,C00125,P0013,1,134.93,Canada,2024-09-21
T0013627,C01404,P0187,1,398.13,Brazil,2024-08-28
T0013628,C01921,P0101,4,476.14,UK,2024-10-10
T0013629,C00013,P0045,5,62.0,USA,2024-02-27
T0013630,C00417,P0065,5,270.86,UK,2024-01-28
T0013631,C01239,P0084,2,240.55,Germany,2024-10-18
T0013632,C00756,P0176,5,178.02,Canada,2024-12-11
T0013633,C01944,P0113,5,342.87,Japan,2024-01-12
T0013634,C00006,P0114,3,454.96,Spain,2024-11-09
T0013635,C00533,P0135,2,193.22,Germany,2024-12-20
T0013636,C00192,P0113,5,320.47,UK,2024-03-06
T0013637,C01680,P0092,1,245.51,France,2024-07-27
T0013638,C00251,P0197,2,229.1,Germany,2024-07-12
T0013639,C00642,P0129,5,32.79,UK,2024-03-21
T0013640,C00569,P0024,2,418.18,France,2024-12-12
T0013641,C01285,P0034,5,157.85,UK,2024-06-21
T0013642,C00928,P0063,5,226.03,USA,2024-10-12
T0013643,C01096,P0049,4,349.59,Germany,2024-10-05
T0013644,C00395,P0125,2,131.28,Brazil,2024-08-19
T0013645,C01649,P0090,1,161.59,Italy,2024-03-09
T0013646,C01331,P0019,2,230.47,Brazil,2024-04-16
T0013647,C01605,P0138,2,54.42,USA,2024-09-10
T0013648,C01190,P0169,2,66.93,Brazil,2024-02-06
T0013649,C01637,P0136,2,147.82,France,2024-10-03
T0013650,C00333,P0057,4,100.21,Japan,2024-12-11
T0013651,C00076,P0125,2,138.67,Spain,2024-07-06
T0013652,C00395,P0194,2,434.83,Italy,2024-01-05
T0013653,C00608,P0013,1,133.5,France,2024-08-26
T0013654,C01229,P0113,5,392.63,Spain,2024-05-12
T0013655,C00127,P0048,1,328.59,Spain,2024-10-21
T0013656,C01382,P0192,4,233.44,France,2024-09-07
T0013657,C01713,P0017,3,270.03,USA,2024-09-21
T0013658,C00901,P0125,2,137.89,Germany,2024-01-24
T0013659,C00123,P0052,2,421.15,Germany,2024-12-15
T0013660,C00860,P0084,1,230.48,Canada,2024-08-03
T0013661,C01072,P0098,3,438.18,UK,2024-05-13
T0013662,C01891,P0163,5,63.76,USA,2024-11-08
T0013663,C00948,P0099,1,191.45,Italy,2024-06-14
T0013664,C01061,P0030,4,128.18,Spain,2024-06-26
T0013665,C01352,P0043,5,14.06,France,2024-04-03
T0013666,C00785,P0045,5,53.0,Brazil,2024-06-28
T0013667,C00531,P0101,2,416.57,Spain,2024-09-24
T0013668,C01005,P0125,1,136.65,Brazil,2024-11-13
T0013669,C01911,P0006,3,33.68,USA,2024-12-26
T0013670,C01168,P0031,2,357.53,France,2024-05-05
T0013671,C01086,P0113,3,344.99,Israel,2024-09-04
T0013672,C01703,P0091,2,63.9,Canada,2024-05-04
T0013673,C01562,P0086,3,62.82,Canada,2024-07-30
T0013674,C00178,P0084,2,226.48,Canada,2024-09-11
T0013675,C00120,P0167,2,299.46,Germany,2024-04-26
T0013676,C01986,P0046,4,342.76,Canada,2024-11-29
T0013677,C01811,P0159,2,198.52,Brazil,2024-11-17
T0013678,C01830,P0141,4,N/A,France,2024-03-16
T0013679,C01481,P0142,5,70.6,Israel,2024-07-29
T0013680,C01264,P0117,3,191.3,Italy,2024-06-29
T0013681,C01132,P0085,2,132.64,UK,2024-06-19
T0013682,C00313,P0078,3,451.48,USA,2024-04-19
T0013683,C00126,P0042,4,106.75,Germany,2024-09-29
T0013684,C01939,P0190,1,353.43,Spain,2024-03-29
T0013685,C00881,P0000,4,197.8,Israel,2024-10-21
T0013686,C00602,P0099,4,174.12,Brazil,2024-10-07
T0013687,C01396,P0048,4,343.22,France,2024-07-14
T0013688,C00426,P0199,3,323.65,Japan,2024-06-14
T0013689,C00969,P0140,5,219.57,Israel,2024-01-15
T0013690,C00781,P0103,5,401.08,France,2024-07-07
T0013691,C00033,P0042,2,113.59,France,2024-11-29
T0013692,C01372,P0190,4,357.57,Japan,2024-09-01
T0013693,C00869,P0178,1,298.91,Italy,2024-10-19
T0013694,C01509,P0054,1,257.47,Japan,2024-05-01
T0013695,C01844,P0048,3,302.42,Japan,2024-10-21
T0013696,C00740,P0047,4,245.32,Germany,2024-10-22
T0013697,C00893,P0101,3,466.15,Israel,2024-11-05
T0013698,C01531,P0156,5,225.31,UK,2024-11-13
T0013699,C00895,P0140,3,234.52,France,2024-08-26
T0013700,C01438,P0168,1,123.04,Spain,2024-05-29
T0013701,C00359,P0088,2,88.86,Germany,2024-08-13
T0013702,C01874,P0070,3,18.44,Italy,2024-01-17
T0013703,C00034,P0013,2,116.53,France,2024-09-26
T0013704,C00320,P0129,1,34.59,Japan,2024-08-25
T0013705,C00362,P0084,3,267.61,Italy,2024-11-22
T0013706,C00560,P0070,3,21.41,Spain,2024-03-13
T0013707,C01162,P0065,1,242.51,Japan,2024-09-07
T0013708,C00811,P0143,4,258.21,Israel,2024-03-16
T0013709,C01986,P0019,1,227.46,Brazil,2024-03-28
T0013710,C01493,P0057,3,98.86,Brazil,2024-05-02
T0013711,C01434,P0042,3,125.68,Spain,2024-04-17
T0013712,C00674,P0180,1,376.35,UK,2024-11-09
T0013713,C00693,P0045,2,56.54,Israel,2024-10-16
T0013714,C01231,P0034,3,149.26,Israel,2024-07-19
T0013715,C00825,P0084,3,265.46,UK,2024-02-29
T0013716,C00331,P0136,4,160.89,Israel,2024-04-05
T0013717,C01398,P0119,5,140.89,Germany,2024-12-08
T0013718,C00256,P0090,5,181.79,Brazil,2024-08-13
T0013719,C01388,P0077,1,66.68,Japan,2024-01-24
T0013720,C00438,P0136,3,138.66,Canada,2024-02-07
T0013721,C01367,P0045,1,64.08,Italy,2024-03-21
T0013722,C01183,P0049,3,286.66,Japan,2024-03-21
T0013723,C00470,P0019,1,227.32,France,2024-03-03
T0013724,C00987,P0109,4,51.52,France,2024-06-27
T0013725,C01061,P0083,1,247.1,Israel,2024-08-03
T0013726,C00174,P0114,4,374.65,USA,2024-05-09
T0013727,C01789,P0046,4,359.94,UK,2024-09-28
T0013728,C01720,P0148,4,295.58,Germany,2024-07-28
T0013729,C01599,P0069,5,198.72,UK,2024-04-12
T0013730,C00043,P0083,4,229.88,France,2024-09-25
T0013731,C00239,P0060,5,352.96,UK,2024-01-25
T0013732,C01483,P0180,5,365.29,Spain,2024-06-22
T0013733,C00055,P0089,1,162.36,Japan,2024-10-11
T0013734,C00698,P0021,4,152.31,Brazil,2024-08-31
T0013735,C01526,P0113,2,360.95,France,2024-01-19
T0013736,C00828,P0136,5,156.23,Japan,2024-03-12
T0013737,C00829,P0194,3,396.98,Germany,2024-10-12
T0013738,C01986,P0092,5,276.13,USA,2024-02-06
T0013739,C01607,P0013,1,132.83,UK,2024-02-07
T0013740,C01325,P0163,5,66.47,Spain,2024-02-03
T0013741,C01192,P0046,1,317.01,Canada,2024-11-03
T0013742,C00039,P0070,2,21.33,Israel,2024-06-16
T0013743,C00769,P0075,5,317.1,UK,2024-05-11
T0013744,C00086,P0014,3,232.2,Italy,2024-01-16
T0013745,C01031,P0013,2,121.75,USA,2024-01-15
T0013746,C00215,P0046,1,358.41,Brazil,2024-07-31
T0013747,C01013,P0075,2,343.24,Israel,2024-07-01
T0013748,C01099,P0010,2,457.24,USA,2024-11-27
T0013749,C00311,P0123,1,345.1,Germany,2024-09-17
T0013750,C01304,P0070,4,21.43,Germany,2024-01-09
T0013751,C01473,P0073,4,172.3,Japan,2024-04-17
T0013752,C00048,P0190,4,347.83,Germany,2024-10-11
T0013753,C01077,P0096,4,332.46,USA,2024-12-02
T0013754,C00737,P0065,1,256.6,UK,2024-04-23
T0013755,C01826,P0125,1,124.33,France,2024-01-03
T0013756,C00912,P0045,3,55.71,Spain,2024-02-09
T0013757,C01143,P0028,4,460.46,USA,2024-07-22
T0013758,C00071,P0190,3,363.2,Brazil,2024-05-16
T0013759,C00537,P0194,4,413.37,France,2024-03-03
T0013760,C00889,P0057,4,94.76,Germany,2024-07-16
T0013761,C00470,P0091,3,61.06,UK,2024-01-03
T0013762,C00682,P0158,3,268.45,UK,2024-07-06
T0013763,C01612,P0114,1,406.54,Canada,2024-09-25
T0013764,C00604,P0164,2,315.65,Canada,2024-12-12
T0013765,C00560,P0198,1,372.74,Japan,2024-12-05
T0013766,C00256,P0073,3,174.86,Israel,2024-02-10
T0013767,C01297,P0180,1,398.44,Brazil,2024-11-26
T0013768,C00851,P0194,2,419.76,Canada,2024-08-16
T0013769,C00444,P0125,1,132.64,Canada,2024-08-20
T0013770,C00097,P0148,3,320.14,Italy,2024-11-01
T0013771,C00087,P0077,3,77.17,Canada,2024-02-04
T0013772,C01234,P0063,3,214.98,Spain,2024-08-19
T0013773,C00828,P0092,1,274.96,USA,2024-05-02
T0013774,C01556,P0014,2,229.66,Germany,2024-09-10
T0013775,C00375,P0010,3,455.79,Brazil,2024-11-10
T0013776,C00226,P0174,1,296.62,Japan,2024-11-23
T0013777,C01098,P0185,1,349.86,Brazil,2024-08-04
T0013778,C00858,P0146,4,241.95,Israel,2024-05-13
T0013779,C01497,P0019,4,206.89,Brazil,2024-12-05
T0013780,C00827,P0070,2,18.42,Israel,2024-09-17
T0013781,C00380,P0084,2,236.11,Italy,2024-05-28
T0013782,C00249,P0040,4,329.92,Spain,2024-04-08
T0013783,C01577,P0079,5,261.0,Italy,2024-01-18
T0013784,C01874,P0136,1,146.77,Germany,2024-01-09
T0013785,C00331,P0125,2,133.39,USA,2024-04-13
T0013786,C00699,P0117,4,187.21,UK,2024-08-02
T0013787,C01372,P0109,2,46.47,Japan,2024-09-11
T0013788,C01907,P0009,2,20.99,UK,2024-02-25
T0013789,C00563,P0124,2,318.6,Israel,2024-05-07
T0013790,C01623,P0096,5,361.35,UK,2024-02-26
T0013791,C01182,P0024,2,445.32,Israel,2024-08-09
T0013792,C00032,P0196,2,102.38,Germany,2024-10-01
T0013793,C00763,P0096,5,386.4,Israel,2024-02-01
T0013794,C00607,P0086,4,57.46,Brazil,2024-12-05
T0013795,C00894,P0028,1,407.19,Japan,2024-08-31
T0013796,C01353,P0175,5,223.87,France,2024-08-15
T0013797,C00664,P0142,2,62.66,Italy,2024-04-22
T0013798,C01659,P0182,4,255.29,Germany,2024-12-09
T0013799,C00540,P0156,5,235.73,Israel,2024-07-04
T0013800,C00221,P0100,2,105.34,France,2024-03-13
T0013801,C00045,P0015,4,122.61,Israel,2024-03-21
T0013802,C00197,P0057,1,92.84,Japan,2024-06-05
T0013803,C00802,P0084,2,240.4,Germany,2024-01-06
T0013804,C01377,P0046,2,374.26,Brazil,2024-11-29
T0013805,C00103,P0196,2,105.31,Brazil,2024-02-04
T0013806,C00790,P0117,1,172.96,France,2024-10-27
T0013807,C00529,P0190,5,360.03,Germany,2024-04-25
T0013808,C00928,P0111,2,423.5,Israel,2024-07-05
T0013809,C00646,P0077,4,74.89,Spain,2024-06-22
T0013810,C01584,P0057,3,100.33,UK,2024-10-04
T0013811,C01039,P0084,3,257.78,Brazil,2024-06-09
T0013812,C01316,P0073,1,165.62,UK,2024-11-08
T0013813,C00638,P0119,3,136.72,Brazil,2024-08-02
T0013814,C00364,P0138,4,47.85,France,2024-08-27
T0013815,C00573,P0019,1,228.49,Spain,2024-01-30
T0013816,C01315,P0048,4,334.5,Brazil,2024-07-09
T0013817,C01311,P0100,5,121.98,Brazil,2024-06-11
T0013818,C00454,P0129,1,37.77,Brazil,2024-08-25
T0013819,C01613,P0114,5,426.54,Canada,2024-09-29
T0013820,C01484,P0130,4,231.81,UK,2024-11-08
T0013821,C00114,P0096,5,364.34,Brazil,2024-01-31
T0013822,C00647,P0103,3,371.33,USA,2024-01-31
T0013823,C01029,P0065,2,296.25,Canada,2024-02-07
T0013824,C01363,P0028,3,456.65,France,2024-09-29
T0013825,C01093,P0086,1,59.29,Japan,2024-12-31
T0013826,C00371,P0184,4,416.16,Israel,2024-12-31
T0013827,C01005,P0028,2,476.35,Brazil,2024-05-02
T0013828,C00394,P0154,1,48.7,Germany,2024-06-10
T0013829,C00473,P0101,1,448.88,Brazil,2024-01-08
T0013830,C01812,P0107,3,128.38,USA,2024-05-09
T0013831,C00303,P0054,4,257.09,Japan,2024-05-14
T0013832,C01282,P0190,5,414.82,Germany,2024-08-07
T0013833,C00523,P0030,4,120.42,Canada,2024-07-01
T0013834,C01125,P0019,5,221.51,Germany,2024-06-28
T0013835,C01456,P0045,5,60.27,USA,2024-02-02
T0013836,C00162,P0054,3,252.69,Spain,2024-12-07
T0013837,C00672,P0153,1,440.81,Brazil,2024-07-06
T0013838,C00370,P0129,2,33.32,Canada,2024-01-12
T0013839,C01962,P0184,3,411.32,Spain,2024-11-26
T0013840,C01319,P0134,3,195.02,USA,2024-08-28
T0013841,C00196,P0084,5,275.68,Israel,2024-04-13
T0013842,C00112,P0046,5,370.83,Japan,2024-05-15
T0013843,C00941,P0085,5,124.06,Brazil,2024-03-21
T0013844,C01164,P0123,2,358.6,Italy,2024-01-26
T0013845,C00868,P0013,5,138.82,Italy,2024-09-01
T0013846,C00664,P0113,1,331.19,Israel,2024-10-01
T0013847,C01173,P0150,1,206.8,Canada,2024-08-07
T0013848,C01914,P0052,1,357.72,Brazil,2024-12-01
T0013849,C00747,P0023,5,410.6,France,2024-09-06
T0013850,C00682,P0048,4,285.14,Canada,2024-04-18
T0013851,C01005,P0187,5,338.71,France,2024-03-11
T0013852,C00979,P0176,5,158.18,Spain,2024-03-11
T0013853,C01387,P0084,4,234.42,Japan,2024-01-27
T0013854,C00239,P0117,4,185.07,France,2024-04-04
T0013855,C01141,P0013,4,126.89,France,2024-01-27
T0013856,C00123,P0082,2,104.77,UK,2024-03-20
T0013857,C00797,P0141,4,184.15,Germany,2024-09-14
T0013858,C00557,P0019,2,238.34,Brazil,2024-03-03
T0013859,C01521,P0020,1,352.55,Japan,2024-09-23
T0013860,C01688,P0067,2,277.99,Israel,2024-10-18
T0013861,C01643,P0175,3,255.44,France,2024-12-24
T0013862,C00370,P0101,2,399.46,USA,2024-03-28
T0013863,C01426,P0048,1,353.38,USA,2024-12-19
T0013864,C01610,P0046,5,354.53,Japan,2024-09-09
T0013865,C01163,P0042,1,117.44,Israel,2024-09-26
T0013866,C01466,P0013,3,132.53,UK,2024-09-26
T0013867,C00601,P0153,1,417.05,Israel,2024-05-06
T0013868,C00621,P0084,2,245.46,Canada,2024-04-04
T0013869,C00463,P0101,4,477.76,Canada,2024-05-10
T0013870,C00243,P0136,3,142.96,France,2024-08-31
T0013871,C00905,P0081,3,103.77,Italy,2024-05-01
T0013872,C01167,P0103,1,357.0,France,2024-04-17
T0013873,C01483,P0190,4,373.77,Italy,2024-12-14
T0013874,C01410,P0064,3,116.68,USA,2024-04-14
T0013875,C00988,P0082,1,100.2,Italy,2024-09-01
T0013876,C00700,P0131,3,108.64,USA,2024-04-23
T0013877,C01655,P0077,2,65.9,France,2024-10-09
T0013878,C01526,P0146,5,239.57,Japan,2024-01-06
T0013879,C01961,P0158,1,266.53,Canada,2024-12-23
T0013880,C01361,P0075,1,366.81,Brazil,2024-02-13
T0013881,C00534,P0129,2,33.45,UK,2024-04-27
T0013882,C00238,P0075,5,381.88,Brazil,2024-08-20
T0013883,C00228,P0185,5,379.91,Spain,2024-01-30
T0013884,C00176,P0148,4,278.17,Spain,2024-10-13
T0013885,C01814,P0070,5,18.46,USA,2024-01-06
T0013886,C00534,P0119,2,139.08,UK,2024-04-09
T0013887,C01400,P0054,2,255.78,Brazil,2024-06-08
T0013888,C00928,P0108,5,392.58,UK,2024-03-28
T0013889,C00778,P0136,3,154.34,Israel,2024-06-23
T0013890,C01318,P0036,2,212.69,UK,2024-07-29
T0013891,C01297,P0176,2,190.09,UK,2024-04-18
T0013892,C00601,P0190,1,414.53,Japan,2024-06-04
T0013893,C01860,P0185,3,368.25,Canada,2024-05-27
T0013894,C01117,P0019,1,238.08,Germany,2024-04-01
T0013895,C00669,P0077,4,77.19,Germany,2024-12-30
T0013896,C01134,P0071,1,88.4,Israel,2024-10-16
T0013897,C00695,P0028,1,401.19,UK,2024-06-21
T0013898,C01851,P0106,5,76.31,Italy,2024-05-21
T0013899,C01156,P0084,5,252.66,Italy,2024-03-16
T0013900,C00427,P0190,5,340.4,Spain,2024-11-01
T0013901,C00940,P0140,4,210.38,Brazil,2024-08-10
T0013902,C01615,P0137,5,253.34,USA,2024-04-25
T0013903,C00405,P0057,2,108.21,Spain,2024-01-30
T0013904,C00335,P0099,5,178.71,France,2024-02-01
T0013905,C01028,P0028,3,428.06,Italy,2024-02-12
T0013906,C00752,P0103,1,341.75,USA,2024-01-04
T0013907,C00020,P0013,4,118.81,France,2024-06-06
T0013908,C00653,P0148,1,281.95,Japan,2024-12-02
T0013909,C00110,P0042,3,109.09,Italy,2024-12-18
T0013910,C00814,P0113,2,368.8,Israel,2024-11-04
T0013911,C00305,P0084,1,249.64,France,2024-10-03
T0013912,C01247,P0103,4,396.22,Canada,2024-10-14
T0013913,C01721,P0148,4,321.92,Italy,2024-10-22
T0013914,C01914,P0125,1,124.44,France,2024-11-11
T0013915,C00202,P0140,2,225.61,France,2024-12-16
T0013916,C01867,P0100,1,116.68,Israel,2024-04-02
T0013917,C01708,P0077,3,75.54,Spain,2024-09-19
T0013918,C00260,P0188,1,352.28,USA,2024-10-16
T0013919,C00228,P0000,2,207.65,France,2024-06-25
T0013920,C01211,P0019,3,238.19,Italy,2024-09-03
T0013921,C01844,P0057,4,100.83,Canada,2024-07-30
T0013922,C01366,P0101,5,483.77,Italy,2024-11-02
T0013923,C01958,P0097,4,218.66,Canada,2024-11-10
T0013924,C00726,P0143,2,267.12,France,2024-07-25
T0013925,C00462,P0059,4,354.61,Brazil,2024-05-12
T0013926,C01103,P0146,3,215.78,Spain,2024-12-23
T0013927,C01336,P0125,2,141.01,Israel,2024-04-02
T0013928,C00340,P0113,1,373.92,France,2024-01-06
T0013929,C01830,P0194,1,417.45,Italy,2024-09-10
T0013930,C00977,P0115,4,330.98,UK,2024-09-09
T0013931,C00122,P0184,3,437.14,Israel,2024-09-28
T0013932,C01986,P0070,2,22.16,Brazil,2024-11-28
T0013933,C01872,P0076,2,263.51,Japan,2024-02-17
T0013934,C01294,P0113,4,320.31,USA,2024-06-05
T0013935,C01783,P0070,4,18.41,France,2024-10-17
T0013936,C00241,P0009,5,22.24,Canada,2024-08-08
T0013937,C00757,P0132,1,253.69,UK,2024-07-18
T0013938,C01664,P0000,2,193.42,Canada,2024-04-11
T0013939,C01724,P0057,3,111.35,Italy,2024-06-07
T0013940,C00357,P0146,1,216.71,Japan,2024-07-30
T0013941,C01585,P0052,5,368.36,France,2024-11-04
T0013942,C00023,P0084,3,232.67,UK,2024-12-06
T0013943,C01652,P0151,3,458.89,Japan,2024-01-26
T0013944,C01228,P0190,3,415.3,Japan,2024-08-25
T0013945,C00715,P0119,5,146.22,UK,2024-10-08
T0013946,C00008,P0160,5,313.1,Japan,2024-01-01
T0013947,C00967,P0090,1,163.2,Brazil,2024-05-17
T0013948,C00301,P0046,1,329.09,Germany,2024-01-08
T0013949,C00100,P0194,1,417.29,Germany,2024-06-29
T0013950,C01715,P0067,5,245.94,Canada,2024-06-08
T0013951,C00498,P0125,1,124.94,Israel,2024-01-04
T0013952,C01106,P0084,1,235.38,Brazil,2024-05-06
T0013953,C00899,P0134,1,201.77,Italy,2024-09-11
T0013954,C00372,P0158,5,282.98,USA,2024-06-03
T0013955,C00712,P0090,5,159.98,Israel,2024-02-22
T0013956,C01240,P0054,4,229.58,France,2024-02-12
T0013957,C01280,P0150,4,225.14,Brazil,2024-07-06
T0013958,C00222,P0084,1,259.3,Canada,2024-04-22
T0013959,C01498,P0046,1,341.45,Brazil,2024-12-18
T0013960,C00982,P0075,4,327.02,USA,2024-04-10
T0013961,C00833,P0019,2,202.39,France,2024-04-12
T0013962,C01444,P0187,4,396.53,UK,2024-06-10
T0013963,C00803,P0019,4,217.54,Germany,2024-08-01
T0013964,C01483,P0042,3,124.39,Spain,2024-01-21
T0013965,C00226,P0124,1,362.61,UK,2024-11-22
T0013966,C01817,P0035,5,23.09,Germany,2024-03-07
T0013967,C00887,P0194,4,430.53,Israel,2024-12-28
T0013968,C01932,P0013,5,132.74,Brazil,2024-01-06
T0013969,C00392,P0180,4,382.44,Brazil,2024-06-06
T0013970,C01850,P0113,2,344.0,UK,2024-01-19
T0013971,C00190,P0177,1,127.5,Canada,2024-02-20
T0013972,C00270,P0045,3,61.75,Japan,2024-03-27
T0013973,C01864,P0128,2,366.79,Brazil,2024-08-16
T0013974,C01290,P0190,1,396.66,Israel,2024-01-07
T0013975,C00171,P0131,1,116.49,USA,2024-01-08
T0013976,C01424,P0142,5,67.08,Spain,2024-01-30
T0013977,C00660,P0119,4,126.13,Spain,2024-11-16
T0013978,C01821,P0066,1,329.92,Brazil,2024-01-22
T0013979,C00354,P0116,4,81.07,Brazil,2024-02-10
T0013980,C01692,P0075,1,390.32,Japan,2024-06-05
T0013981,C00854,P0175,3,221.88,Brazil,2024-06-26
T0013982,C01480,P0194,2,445.21,UK,2024-05-18
T0013983,C01338,P0054,4,251.01,Germany,2024-03-18
T0013984,C00783,P0109,3,48.4,Germany,2024-12-11
T0013985,C01088,P0184,1,483.07,Italy,2024-03-06
T0013986,C00457,P0045,1,53.34,Italy,2024-05-06
T0013987,C01471,P0180,5,351.93,Canada,2024-05-06
T0013988,C00646,P0125,5,119.56,Spain,2024-03-10
T0013989,C00371,P0057,5,114.99,UK,2024-03-29
T0013990,C01746,P0125,1,137.52,USA,2024-06-11
T0013991,C00236,P0136,1,132.05,Israel,2024-01-03
T0013992,C00810,P0099,2,164.66,Israel,2024-03-02
T0013993,C01199,P0157,1,60.06,France,2024-02-16
T0013994,C00635,P0184,3,494.55,Brazil,2024-04-17
T0013995,C00263,P0065,4,273.22,Brazil,2024-11-25
T0013996,C01262,P0187,5,354.71,USA,2024-02-17
T0013997,C01403,P0117,5,165.4,UK,2024-12-24
T0013998,C00568,P0002,2,358.3,Japan,2024-02-06
T0013999,C01005,P0019,3,235.01,Japan,2024-03-29
T0014000,C00984,P0045,1,59.13,Israel,2024-05-25
T0014001,C01253,P0048,3,286.86,UK,2024-04-28
T0014002,C00167,P0186,2,360.7,Spain,2024-04-08
T0014003,C01360,P0140,3,209.3,Japan,2024-04-28
T0014004,C00526,P0129,2,32.43,USA,2024-04-13
T0014005,C01948,P0042,3,106.0,USA,2024-05-20
T0014006,C01934,P0057,5,99.57,USA,2024-02-28
T0014007,C01855,P0098,2,413.64,Canada,2024-12-10
T0014008,C00931,P0177,4,143.99,Italy,2024-11-05
T0014009,C00796,P0129,2,35.27,Brazil,2024-05-05
T0014010,C00900,P0185,5,331.87,Japan,2024-04-05
T0014011,C01556,P0101,4,450.51,UK,2024-05-07
T0014012,C01105,P0127,4,477.21,Israel,2024-11-15
T0014013,C00891,P0056,4,318.42,France,2024-01-19
T0014014,C00158,P0124,5,359.84,France,2024-10-30
T0014015,C00900,P0058,4,233.93,Japan,2024-04-02
T0014016,C01176,P0134,1,187.51,Israel,2024-02-20
T0014017,C01730,P0190,3,402.65,France,2024-11-07
T0014018,C00396,P0042,5,117.93,Israel,2024-05-11
T0014019,C01683,P0136,1,132.42,Japan,2024-02-03
T0014020,C01271,P0077,5,77.79,USA,2024-07-12
T0014021,C01246,P0190,3,366.17,UK,2024-04-30
T0014022,C00004,P0194,3,412.81,Israel,2024-04-04
T0014023,C01302,P0167,5,273.65,Brazil,2024-10-21
T0014024,C00874,P0073,5,190.95,Italy,2024-07-25
T0014025,C01848,P0197,3,211.4,Brazil,2024-09-21
T0014026,C00063,P0130,4,251.41,Italy,2024-10-16
T0014027,C00878,P0190,4,361.33,Israel,2024-06-11
T0014028,C01716,P0187,4,404.28,Spain,2024-10-28
T0014029,C01313,P0013,3,130.52,Brazil,2024-08-11
T0014030,C01074,P0084,3,250.44,Spain,2024-10-05
T0014031,C01601,P0101,1,495.9,Japan,2024-04-05
T0014032,C00077,P0084,2,251.61,UK,2024-07-15
T0014033,C00434,P0054,4,209.77,Israel,2024-11-10
T0014034,C01134,P0057,5,110.25,Canada,2024-08-30
T0014035,C01547,P0101,2,422.98,France,2024-07-22
T0014036,C01919,P0122,1,244.79,Canada,2024-07-19
T0014037,C01108,P0114,2,380.25,Japan,2024-09-13
T0014038,C01324,P0077,3,71.07,UK,2024-05-06
T0014039,C01621,P0166,5,337.61,Brazil,2024-03-31
T0014040,C01421,P0142,3,72.64,UK,2024-12-27
T0014041,C01852,P0101,3,483.98,Italy,2024-09-07
T0014042,C01155,P0045,2,65.02,UK,2024-09-29
T0014043,C01397,P0129,2,33.3,Canada,2024-11-04
T0014044,C01685,P0121,5,286.74,Israel,2024-06-07
T0014045,C01129,P0070,2,21.18,Japan,2024-12-26
T0014046,C01051,P0076,4,298.64,France,2024-05-31
T0014047,C01703,P0134,5,199.43,Israel,2024-12-26
T0014048,C01031,P0156,3,226.18,USA,2024-01-20
T0014049,C00129,P0180,3,395.41,Germany,2024-03-16
T0014050,C00342,P0124,3,342.3,Germany,2024-02-12
T0014051,C00011,P0028,2,413.23,UK,2024-09-05
T0014052,C01189,P0180,5,367.75,Spain,2024-11-06
T0014053,C01497,P0164,3,316.1,Spain,2024-02-16
T0014054,C01308,P0054,3,244.37,Germany,2024-04-27
T0014055,C00976,P0194,5,403.81,Spain,2024-06-20
T0014056,C00092,P0156,3,275.64,Spain,2024-02-20
T0014057,C00644,P0108,2,409.97,Brazil,2024-12-27
T0014058,C01911,P0125,1,125.42,Brazil,2024-05-18
T0014059,C01951,P0013,3,129.91,France,2024-03-31
T0014060,C00115,P0190,3,371.34,Canada,2024-11-16
T0014061,C01390,P0187,4,418.18,USA,2024-01-31
T0014062,C01631,P0138,4,56.1,France,2024-03-26
T0014063,C00298,P0187,3,417.55,UK,2024-06-01
T0014064,C01396,P0136,5,164.04,Canada,2024-10-22
T0014065,C00377,P0029,1,248.21,Germany,2024-01-23
T0014066,C01817,P0125,5,136.2,Israel,2024-10-25
T0014067,C01015,P0028,3,414.49,Canada,2024-05-28
T0014068,C00472,P0099,3,168.48,Spain,2024-08-13
T0014069,C00408,P0129,5,33.35,Germany,2024-05-27
T0014070,C00187,P0180,5,339.54,Israel,2024-07-26
T0014071,C01080,P0065,3,288.5,France,2024-03-25
T0014072,C00518,P0099,5,200.4,Canada,2024-10-06
T0014073,C00027,P0103,2,371.93,Israel,2024-10-08
T0014074,C01618,P0129,5,37.79,Italy,2024-03-25
T0014075,C00157,P0004,4,187.55,Canada,2024-01-25
T0014076,C00686,P0046,5,365.69,Germany,2024-09-18
T0014077,C00587,P0081,4,102.22,Spain,2024-09-08
T0014078,C01047,P0136,2,152.09,Germany,2024-05-19
T0014079,C01517,P0013,4,129.5,Italy,2024-08-28
T0014080,C01203,P0004,3,187.39,Italy,2024-08-02
T0014081,C00518,P0194,1,448.4,Japan,2024-03-28
T0014082,C00974,P0013,4,138.23,USA,2024-02-15
T0014083,C00641,P0119,5,141.09,Japan,2024-12-23
T0014084,C01095,P0115,2,358.57,Canada,2024-05-22
T0014085,C01261,P0131,1,116.69,Japan,2024-02-09
T0014086,C00753,P0103,4,388.48,USA,2024-01-25
T0014087,C01457,P0017,1,229.86,Brazil,2024-02-25
T0014088,C00714,P0054,5,217.57,France,2024-11-23
T0014089,C00764,P0185,2,344.37,Italy,2024-04-25
T0014090,C00155,P0156,5,254.7,Germany,2024-11-09
T0014091,C00563,P0187,4,409.28,Japan,2024-02-21
T0014092,C01989,P0134,4,232.41,Israel,2024-10-05
T0014093,C00410,P0045,1,52.82,Israel,2024-07-09
T0014094,C00169,P0048,4,286.84,France,2024-09-30
T0014095,C01570,P0048,2,307.02,Italy,2024-10-17
T0014096,C00403,P0114,2,433.24,Israel,2024-12-02
T0014097,C01970,P0103,4,363.33,Brazil,2024-03-20
T0014098,C01885,P0004,1,157.59,Japan,2024-11-25
T0014099,C01340,P0075,5,318.31,Japan,2024-12-11
T0014100,C01441,P0096,2,385.77,Japan,2024-08-22
T0014101,C01873,P0115,1,332.35,Spain,2024-01-15
T0014102,C00708,P0142,2,61.76,USA,2024-08-23
T0014103,C00575,P0108,2,454.33,Germany,2024-03-25
T0014104,C00951,P0046,5,346.8,Italy,2024-04-05
T0014105,C01425,P0175,1,225.27,Israel,2024-03-14
T0014106,C00266,P0103,5,361.56,Germany,2024-12-11
T0014107,C01780,P0154,1,47.27,Japan,2024-08-28
T0014108,C01094,P0187,2,382.91,Spain,2024-12-10
T0014109,C01654,P0190,5,336.07,France,2024-08-10
T0014110,C00347,P0167,5,319.54,Brazil,2024-08-08
T0014111,C01516,P0070,3,17.97,Germany,2024-09-13
T0014112,C00579,P0176,1,186.64,Brazil,2024-02-19
T0014113,C00408,P0134,3,212.68,Brazil,2024-09-07
T0014114,C01437,P0140,2,246.6,UK,2024-07-24
T0014115,C00987,P0057,3,96.74,Germany,2024-05-12
T0014116,C00756,P0070,3,19.59,Italy,2024-10-16
T0014117,C00880,P0014,5,259.21,France,2024-09-22
T0014118,C01787,P0175,5,251.09,France,2024-03-27
T0014119,C00595,P0058,3,239.01,USA,2024-07-03
T0014120,C01691,P0190,2,380.51,Italy,2024-02-24
T0014121,C01335,P0045,1,56.92,France,2024-11-16
T0014122,C01253,P0131,1,117.98,Spain,2024-06-07
T0014123,C00546,P0028,5,463.88,Israel,2024-04-20
T0014124,C00160,P0134,5,224.3,Germany,2024-05-03
T0014125,C00443,P0111,3,377.63,France,2024-09-26
T0014126,C00534,P0009,1,19.66,France,2024-06-30
T0014127,C00287,P0101,5,466.49,Brazil,2024-01-01
T0014128,C01075,P0070,4,19.45,Israel,2024-12-03
T0014129,C00211,P0136,5,162.46,Spain,2024-11-16
T0014130,C00708,P0180,3,334.18,Japan,2024-05-10
T0014131,C00545,P0164,2,319.64,Brazil,2024-01-15
T0014132,C00657,P0077,1,74.28,Germany,2024-11-11
T0014133,C01654,P0000,2,189.91,Canada,2024-09-12
T0014134,C01566,P0010,3,412.21,Italy,2024-08-23
T0014135,C01537,P0023,5,429.32,USA,2024-07-15
T0014136,C00966,P0198,5,362.04,Israel,2024-04-08
T0014137,C01543,P0198,2,324.64,France,2024-08-31
T0014138,C00627,P0028,2,451.42,Japan,2024-03-04
T0014139,C01201,P0103,3,380.93,France,2024-08-08
T0014140,C01235,P0194,4,377.07,Canada,2024-03-11
T0014141,C01796,P0048,4,316.15,Canada,2024-10-20
T0014142,C00879,P0192,1,217.7,Germany,2024-07-01
T0014143,C01421,P0042,5,113.65,Germany,2024-04-06
T0014144,C00705,P0090,3,156.62,Japan,2024-08-20
T0014145,C00671,P0107,3,115.06,Spain,2024-01-04
T0014146,C01098,P0154,4,52.07,Israel,2024-08-16
T0014147,C00354,P0131,3,111.96,Japan,2024-03-20
T0014148,C00630,P0057,2,94.15,Germany,2024-06-18
T0014149,C00877,P0084,5,244.33,USA,2024-04-12
T0014150,C00132,P0078,5,368.66,USA,2024-04-30
T0014151,C01180,P0190,4,411.96,UK,2024-01-03
T0014152,C00231,P0054,3,214.44,Japan,2024-09-16
T0014153,C00605,P0098,1,425.36,Spain,2024-03-23
T0014154,C01515,P0013,3,113.77,Japan,2024-09-11
T0014155,C01668,P0159,4,187.28,Spain,2024-12-13
T0014156,C01694,P0113,5,378.14,Israel,2024-05-26
T0014157,C01307,P0194,1,376.73,Germany,2024-01-13
T0014158,C01486,P0096,2,389.87,Japan,2024-02-18
T0014159,C00362,P0044,2,336.71,Canada,2024-02-15
T0014160,C01036,P0119,1,138.93,France,2024-11-18
T0014161,C01542,P0019,5,235.46,France,2024-02-27
T0014162,C00566,P0046,2,358.9,Japan,2024-01-29
T0014163,C01791,P0017,3,245.09,Italy,2024-09-18
T0014164,C01394,P0132,1,255.68,France,2024-02-21
T0014165,C00031,P0046,4,316.84,Italy,2024-02-11
T0014166,C00354,P0047,2,288.2,Israel,2024-07-19
T0014167,C00135,P0194,1,415.39,Canada,2024-01-02
T0014168,C00492,P0135,2,178.5,Israel,2024-10-27
T0014169,C01140,P0049,2,306.71,Canada,2024-05-22
T0014170,C00660,P0105,3,172.01,France,2024-01-18
T0014171,C00350,P0013,1,135.11,Japan,2024-07-23
T0014172,C00463,P0084,4,258.7,Japan,2024-05-05
T0014173,C00668,P0045,5,52.73,USA,2024-11-07
T0014174,C00218,P0074,2,118.02,Japan,2024-10-21
T0014175,C01144,P0199,5,349.11,Israel,2024-01-06
T0014176,C00468,P0194,5,442.47,Spain,2024-05-27
T0014177,C00148,P0134,5,198.94,Italy,2024-06-21
T0014178,C01407,P0078,4,379.02,USA,2024-04-05
T0014179,C00845,P0050,5,231.08,Canada,2024-11-25
T0014180,C00580,P0101,1,425.73,Brazil,2024-11-29
T0014181,C00969,P0084,3,254.8,Israel,2024-03-06
T0014182,C00113,P0113,4,343.25,UK,2024-05-23
T0014183,C01781,P0103,3,403.7,Italy,2024-08-26
T0014184,C00710,P0125,3,119.49,Israel,2024-03-18
T0014185,C00439,P0019,4,195.09,Brazil,2024-04-09
T0014186,C01349,P0172,3,125.54,USA,2024-01-09
T0014187,C01201,P0190,1,337.94,Germany,2024-06-15
T0014188,C01814,P0015,3,132.4,USA,2024-05-21
T0014189,C00385,P0075,4,338.4,Japan,2024-01-04
T0014190,C00314,P0140,3,231.05,USA,2024-03-20
T0014191,C01082,P0180,1,390.05,Canada,2024-11-30
T0014192,C01719,P0101,1,416.96,Brazil,2024-09-26
T0014193,C00755,P0020,1,365.61,Italy,2024-03-17
T0014194,C01515,P0072,4,270.04,Germany,2024-07-15
T0014195,C01550,P0194,2,379.15,France,2024-10-18
T0014196,C01131,P0032,2,462.83,Italy,2024-11-06
T0014197,C01989,P0089,1,155.83,UK,2024-06-16
T0014198,C01704,P0013,3,120.5,UK,2024-07-16
T0014199,C01209,P0005,5,120.45,Brazil,2024-02-23
T0014200,C00530,P0048,1,309.34,Spain,2024-07-13
T0014201,C01232,P0041,1,194.59,France,2024-09-06
T0014202,C01062,P0192,3,216.93,Japan,2024-09-11
T0014203,C01553,P0101,3,463.99,France,2024-11-03
T0014204,C00369,P0125,2,140.24,Brazil,2024-02-02
T0014205,C01607,P0102,2,122.88,Canada,2024-03-16
T0014206,C00229,P0154,4,51.65,Spain,2024-06-25
T0014207,C01460,P0129,3,32.68,USA,2024-01-27
T0014208,C01988,P0103,3,352.48,Brazil,2024-01-29
T0014209,C00110,P0048,2,335.66,Brazil,2024-05-14
T0014210,C01201,P0035,5,22.78,Germany,2024-08-22
T0014211,C01574,P0197,2,223.94,Italy,2024-10-09
T0014212,C01094,P0087,5,110.58,Spain,2024-04-15
T0014213,C01214,P0100,4,111.09,France,2024-04-09
T0014214,C00909,P0075,3,322.23,Israel,2024-11-23
T0014215,C00278,P0140,4,232.18,Spain,2024-12-17
T0014216,C01279,P0180,1,378.61,Germany,2024-12-22
T0014217,C00796,P0057,4,99.19,Israel,2024-08-07
T0014218,C01180,P0178,3,279.39,USA,2024-10-22
T0014219,C00576,P0101,4,411.17,Spain,2024-11-10
T0014220,C00223,P0156,4,271.96,Italy,2024-10-02
T0014221,C00470,P0118,5,420.86,Canada,2024-06-04
T0014222,C01985,P0045,5,52.91,UK,2024-04-23
T0014223,C01113,P0113,2,335.09,UK,2024-10-07
T0014224,C01626,P0198,5,340.39,Germany,2024-01-12
T0014225,C00288,P0011,4,357.21,Italy,2024-12-04
T0014226,C00553,P0117,2,167.42,Spain,2024-11-12
T0014227,C01062,P0029,1,263.32,Spain,2024-11-23
T0014228,C00308,P0035,4,21.06,Spain,2024-01-03
T0014229,C01487,P0013,5,117.69,USA,2024-02-17
T0014230,C00951,P0140,3,259.41,Italy,2024-11-19
T0014231,C01919,P0048,3,308.57,Spain,2024-12-15
T0014232,C00030,P0187,2,382.79,Spain,2024-12-03
T0014233,C00052,P0180,5,357.43,France,2024-07-23
T0014234,C00944,P0180,5,375.08,UK,2024-04-04
T0014235,C00835,P0043,4,14.31,Italy,2024-04-13
T0014236,C00577,P0129,4,34.08,Japan,2024-04-07
T0014237,C00923,P0151,4,435.85,Italy,2024-05-31
T0014238,C01815,P0113,2,367.8,Japan,2024-03-27
T0014239,C01899,P0129,1,32.28,Brazil,2024-11-15
T0014240,C01145,P0076,1,296.06,Japan,2024-05-11
T0014241,C01669,P0042,5,115.27,Brazil,2024-08-28
T0014242,C01098,P0125,3,141.89,Japan,2024-10-01
T0014243,C00739,P0185,5,350.94,USA,2024-01-09
T0014244,C01220,P0125,3,133.81,Brazil,2024-08-10
T0014245,C00099,P0043,2,13.8,Italy,2024-02-03
T0014246,C00094,P0177,1,132.61,UK,2024-06-04
T0014247,C00102,P0156,4,221.61,Israel,2024-11-21
T0014248,C00109,P0033,4,363.43,Spain,2024-07-07
T0014249,C01332,P0054,4,215.35,UK,2024-06-14
T0014250,C00136,P0177,4,133.58,Italy,2024-02-28
T0014251,C01131,P0190,5,384.08,Italy,2024-04-19
T0014252,C01331,P0072,5,281.94,Germany,2024-12-21
T0014253,C00737,P0194,2,420.83,Germany,2024-07-18
T0014254,C00476,P0178,2,301.36,Canada,2024-10-19
T0014255,C01981,P0119,1,130.0,Italy,2024-05-13
T0014256,C01599,P0048,4,316.11,UK,2024-03-23
T0014257,C01799,P0101,3,494.77,Canada,2024-10-19
T0014258,C00603,P0065,2,242.62,Israel,2024-05-21
T0014259,C00751,P0156,4,257.22,Japan,2024-04-23
T0014260,C01173,P0078,3,431.33,UK,2024-04-11
T0014261,C01893,P0077,3,71.8,Brazil,2024-07-31
T0014262,C01336,P0161,5,258.52,Japan,2024-06-10
T0014263,C01904,P0054,2,224.57,Canada,2024-04-05
T0014264,C00650,P0072,4,306.53,Germany,2024-08-12
T0014265,C00135,P0075,1,387.15,Germany,2024-11-05
T0014266,C01403,P0156,3,238.86,Brazil,2024-10-31
T0014267,C00219,P0129,2,36.3,USA,2024-08-28
T0014268,C00310,P0090,2,188.46,UK,2024-04-07
T0014269,C01218,P0134,3,212.23,Canada,2024-08-04
T0014270,C01705,P0165,1,434.47,Canada,2024-05-19
T0014271,C01027,P0084,4,227.57,France,2024-12-14
T0014272,C00459,P0114,1,459.78,Canada,2024-09-04
T0014273,C00737,P0190,1,367.75,USA,2024-03-09
T0014274,C00050,P0062,2,156.1,Germany,2024-10-23
T0014275,C01037,P0180,5,340.61,Japan,2024-02-14
T0014276,C01510,P0101,4,434.36,Canada,2024-03-20
T0014277,C01936,P0075,2,347.64,Israel,2024-12-21
T0014278,C00636,P0070,3,20.12,Italy,2024-03-19
T0014279,C01519,P0152,5,351.04,Israel,2024-01-23
T0014280,C01653,P0113,2,368.97,USA,2024-02-07
T0014281,C01720,P0075,4,344.33,USA,2024-11-06
T0014282,C01792,P0084,5,248.42,Spain,2024-03-06
T0014283,C01432,P0085,5,122.2,France,2024-11-29
T0014284,C01913,P0037,5,77.74,France,2024-03-10
T0014285,C01818,P0185,2,371.14,Italy,2024-09-24
T0014286,C00275,P0150,3,201.94,Brazil,2024-09-16
T0014287,C01007,P0196,4,108.54,USA,2024-05-23
T0014288,C01740,P0142,1,59.87,USA,2024-07-24
T0014289,C01983,P0029,2,275.22,Germany,2024-07-31
T0014290,C01815,P0087,3,106.47,Germany,2024-08-11
T0014291,C00705,P0045,2,55.92,Spain,2024-05-07
T0014292,C01127,P0160,1,310.34,Spain,2024-08-01
T0014293,C01440,P0180,4,382.87,Spain,2024-06-21
T0014294,C01554,P0084,1,227.0,Israel,2024-10-27
T0014295,C01013,P0062,5,148.01,Germany,2024-02-11
T0014296,C00508,P0059,4,357.28,USA,2024-08-12
T0014297,C00017,P0129,4,35.83,Italy,2024-10-02
T0014298,C00526,P0016,2,360.39,Brazil,2024-12-10
T0014299,C01811,P0193,1,170.75,Brazil,2024-05-01
T0014300,C01930,P0190,4,385.38,USA,2024-02-24
T0014301,C01092,P0113,1,329.88,Italy,2024-01-30
T0014302,C01602,P0115,1,378.0,Israel,2024-05-06
T0014303,C01221,P0067,5,282.86,Canada,2024-05-31
T0014304,C00722,P0194,2,410.58,Spain,2024-09-13
T0014305,C01803,P0142,2,58.61,UK,2024-10-22
T0014306,C01520,P0166,3,281.03,Germany,2024-06-12
T0014307,C01884,P0136,2,152.34,Italy,2024-10-13
T0014308,C01157,P0067,1,265.55,Israel,2024-04-25
T0014309,C01198,P0142,5,70.88,USA,2024-11-13
T0014310,C01280,P0084,1,270.65,Brazil,2024-04-29
T0014311,C01143,P0136,1,164.95,Canada,2024-03-09
T0014312,C01792,P0088,3,90.35,France,2024-07-26
T0014313,C00767,P0035,3,20.35,Italy,2024-11-25
T0014314,C01981,P0175,1,209.31,Japan,2024-12-23
T0014315,C00976,P0019,4,232.81,USA,2024-07-18
T0014316,C00697,P0103,5,353.33,France,2024-01-28
T0014317,C00282,P0054,1,220.11,UK,2024-07-19
T0014318,C00061,P0102,3,109.54,Canada,2024-08-03
T0014319,C01751,P0125,4,119.09,Italy,2024-05-10
T0014320,C01323,P0194,4,392.36,Italy,2024-02-05
T0014321,C01841,P0076,4,263.51,Germany,2024-04-17
T0014322,C01381,P0013,4,121.78,Japan,2024-07-04
T0014323,C01587,P0075,1,382.47,Japan,2024-05-09
T0014324,C00928,P0119,2,137.63,Japan,2024-07-13
T0014325,C00774,P0065,5,252.37,France,2024-06-11
T0014326,C00286,P0042,4,104.7,Spain,2024-07-14
T0014327,C01223,P0156,4,274.27,Japan,2024-04-14
T0014328,C00286,P0193,5,211.77,Canada,2024-08-09
T0014329,C01947,P0125,3,140.56,Israel,2024-05-01
T0014330,C01490,P0125,5,129.48,Brazil,2024-10-09
T0014331,C01393,P0067,3,251.09,USA,2024-10-01
T0014332,C00532,P0013,4,138.42,France,2024-07-31
T0014333,C00055,P0194,4,436.16,Italy,2024-11-28
T0014334,C01307,P0084,2,247.53,USA,2024-05-09
T0014335,C00009,P0175,3,225.14,Canada,2024-08-10
T0014336,C01062,P0156,4,251.46,Spain,2024-11-10
T0014337,C01082,P0013,3,134.2,France,2024-05-07
T0014338,C00109,P0180,2,351.91,Spain,2024-04-02
T0014339,C01032,P0040,4,352.2,USA,2024-08-29
T0014340,C00871,P0164,5,279.95,Spain,2024-07-30
T0014341,C00020,P0008,2,364.37,UK,2024-11-19
T0014342,C00450,P0187,3,398.06,Canada,2024-11-09
T0014343,C01447,P0139,1,193.95,Spain,2024-08-18
T0014344,C00838,P0113,3,394.45,Israel,2024-06-18
T0014345,C00497,P0030,1,139.03,Israel,2024-02-26
T0014346,C01030,P0057,1,102.3,Brazil,2024-05-04
T0014347,C00330,P0054,4,229.95,Spain,2024-06-21
T0014348,C01563,P0077,4,71.45,USA,2024-08-24
T0014349,C00600,P0082,2,114.34,Canada,2024-10-07
T0014350,C00131,P0175,3,251.48,USA,2024-08-17
T0014351,C01277,P0185,3,325.39,Canada,2024-08-15
T0014352,C00931,P0119,1,125.48,Germany,2024-12-30
T0014353,C01844,P0077,2,80.65,Canada,2024-12-14
T0014354,C00575,P0134,1,202.78,Spain,2024-06-06
T0014355,C00830,P0046,5,350.43,USA,2024-05-06
T0014356,C01465,P0017,5,282.89,UK,2024-03-27
T0014357,C00578,P0190,3,361.78,Spain,2024-08-31
T0014358,C01715,P0190,1,372.16,Japan,2024-06-25
T0014359,C01052,P0054,3,235.21,Italy,2024-02-22
T0014360,C01847,P0025,4,279.9,Japan,2024-11-20
T0014361,C00492,P0136,4,150.26,Brazil,2024-10-24
T0014362,C00559,P0180,1,371.84,Italy,2024-06-17
T0014363,C00398,P0001,5,234.83,Spain,2024-02-05
T0014364,C01724,P0068,1,89.03,USA,2024-10-05
T0014365,C01861,P0192,1,261.82,Canada,2024-01-16
T0014366,C01852,P0059,1,360.19,Japan,2024-07-25
T0014367,C00407,P0075,4,315.52,Spain,2024-07-14
T0014368,C00544,P0077,1,75.03,Italy,2024-10-10
T0014369,C01095,P0101,4,446.62,Italy,2024-10-26
T0014370,C00849,P0059,4,319.7,Canada,2024-12-13
T0014371,C01049,P0057,1,108.84,Italy,2024-04-11
T0014372,C01845,P0045,1,63.25,Israel,2024-10-02
T0014373,C00714,P0115,5,350.86,Canada,2024-03-10
T0014374,C00841,P0068,5,90.05,France,2024-01-04
T0014375,C01159,P0076,1,307.54,Israel,2024-05-14
T0014376,C01471,P0024,2,465.11,USA,2024-09-05
T0014377,C01782,P0054,4,214.06,Japan,2024-09-13
T0014378,C01796,P0084,5,240.71,Japan,2024-12-29
T0014379,C00624,P0048,2,349.18,Brazil,2024-07-25
T0014380,C00391,P0103,5,334.79,Brazil,2024-07-24
T0014381,C01276,P0073,4,184.18,Brazil,2024-03-09
T0014382,C01100,P0119,2,134.39,UK,2024-10-05
T0014383,C01337,P0013,3,132.2,UK,2024-01-20
T0014384,C00684,P0052,1,424.66,Japan,2024-12-26
T0014385,C00880,P0152,2,341.95,Germany,2024-03-25
T0014386,C00218,P0096,1,321.23,Germany,2024-06-27
T0014387,C01578,P0017,4,241.0,Canada,2024-08-17
T0014388,C00154,P0134,1,209.18,USA,2024-02-21
T0014389,C01561,P0154,2,46.66,Italy,2024-11-03
T0014390,C00666,P0190,3,377.01,Italy,2024-06-07
T0014391,C00460,P0156,1,273.18,France,2024-06-22
T0014392,C00014,P0113,1,355.08,France,2024-02-08
T0014393,C00652,P0156,4,233.87,USA,2024-12-04
T0014394,C00348,P0136,3,138.34,Brazil,2024-10-13
T0014395,C01314,P0109,1,44.44,Japan,2024-05-31
T0014396,C01835,P0096,1,319.3,Brazil,2024-04-26
T0014397,C00502,P0034,2,149.35,Canada,2024-05-02
T0014398,C00540,P0045,5,62.95,Germany,2024-07-11
T0014399,C00678,P0119,4,141.55,France,2024-07-29
T0014400,C00982,P0113,3,354.71,USA,2024-12-09
T0014401,C01289,P0156,2,253.55,France,2024-11-28
T0014402,C00147,P0015,5,118.52,Germany,2024-11-17
T0014403,C00566,P0119,5,118.83,UK,2024-12-10
T0014404,C00312,P0013,2,133.93,Japan,2024-09-01
T0014405,C00633,P0156,4,233.46,Germany,2024-07-20
T0014406,C00318,P0190,3,366.88,UK,2024-04-20
T0014407,C00447,P0180,1,375.37,Israel,2024-08-18
T0014408,C00484,P0076,1,291.34,UK,2024-07-17
T0014409,C01767,P0143,4,283.45,Italy,2024-03-08
T0014410,C01534,P0013,5,137.91,Spain,2024-12-16
T0014411,C00808,P0129,1,37.87,Italy,2024-06-10
T0014412,C01557,P0028,1,468.54,France,2024-04-14
T0014413,C00350,P0113,3,358.01,Japan,2024-05-11
T0014414,C01105,P0120,4,158.08,USA,2024-09-26
T0014415,C00194,P0045,5,55.51,Brazil,2024-11-12
T0014416,C00445,P0041,3,193.5,USA,2024-12-05
T0014417,C01181,P0058,3,261.98,USA,2024-05-19
T0014418,C00865,P0125,4,130.9,Italy,2024-11-27
T0014419,C01087,P0088,4,82.73,USA,2024-12-24
T0014420,C00524,P0177,3,144.69,UK,2024-06-14
T0014421,C01253,P0048,1,324.5,Spain,2024-12-13
T0014422,C01755,P0142,1,62.81,Israel,2024-06-22
T0014423,C00641,P0115,3,380.29,Italy,2024-08-30
T0014424,C00365,P0131,1,108.64,UK,2024-04-23
T0014425,C01523,P0194,3,407.58,Brazil,2024-01-22
T0014426,C00929,P0160,4,306.89,Italy,2024-05-11
T0014427,C01445,P0017,4,277.66,Japan,2024-12-11
T0014428,C01911,P0077,2,78.32,Italy,2024-03-16
T0014429,C01008,P0057,1,97.89,UK,2024-07-30
T0014430,C01796,P0005,2,126.12,Israel,2024-07-14
T0014431,C01072,P0187,4,410.82,USA,2024-02-07
T0014432,C00529,P0113,5,351.85,Italy,2024-01-23
T0014433,C01592,P0098,5,424.91,Brazil,2024-06-07
T0014434,C01307,P0134,3,205.92,UK,2024-06-17
T0014435,C01112,P0019,5,219.11,Germany,2024-06-24
T0014436,C01062,P0077,2,67.94,Japan,2024-12-01
T0014437,C00184,P0180,1,401.51,Canada,2024-12-09
T0014438,C01224,P0161,3,228.44,Brazil,2024-02-11
T0014439,C01526,P0061,4,383.47,Japan,2024-04-03
T0014440,C00571,P0125,1,131.57,Italy,2024-07-05
T0014441,C01899,P0181,4,294.28,Germany,2024-10-18
T0014442,C01933,P0087,2,124.42,Spain,2024-04-28
T0014443,C01659,P0084,1,255.05,Canada,2024-03-14
T0014444,C01550,P0079,3,276.51,France,2024-07-17
T0014445,C00455,P0076,4,252.4,Brazil,2024-10-27
T0014446,C00986,P0194,4,445.73,Japan,2024-10-16
T0014447,C00385,P0058,1,241.63,USA,2024-09-19
T0014448,C00720,P0134,1,202.1,Spain,2024-11-21
T0014449,C01188,P0101,4,466.61,Canada,2024-08-23
T0014450,C01401,P0180,4,349.06,Spain,2024-07-06
T0014451,C01733,P0025,4,281.77,Germany,2024-12-25
T0014452,C01829,P0023,1,425.91,Italy,2024-12-31
T0014453,C00653,P0103,4,361.62,USA,2024-11-28
T0014454,C00605,P0071,5,80.45,Brazil,2024-09-14
T0014455,C01665,P0103,3,362.82,Germany,2024-12-18
T0014456,C00187,P0065,3,251.11,Israel,2024-03-11
T0014457,C01210,P0073,2,158.6,France,2024-07-01
T0014458,C00600,P0059,3,360.94,Germany,2024-09-24
T0014459,C01471,P0192,4,237.77,USA,2024-07-07
T0014460,C00697,P0105,4,175.13,Japan,2024-10-24
T0014461,C01053,P0136,3,143.38,Germany,2024-12-20
T0014462,C00731,P0129,5,37.49,USA,2024-05-24
T0014463,C00683,P0004,2,176.24,France,2024-11-08
T0014464,C00474,P0096,5,379.55,USA,2024-05-26
T0014465,C01964,P0045,5,61.58,Japan,2024-09-19
T0014466,C00018,P0180,1,372.24,Italy,2024-05-13
T0014467,C01831,P0113,1,330.41,Japan,2024-01-04
T0014468,C00793,P0184,5,413.85,Canada,2024-07-25
T0014469,C01823,P0042,2,111.99,Israel,2024-03-30
T0014470,C00016,P0199,1,359.26,Spain,2024-03-09
T0014471,C01958,P0046,5,318.25,Italy,2024-07-25
T0014472,C01965,P0084,3,267.98,Italy,2024-02-02
T0014473,C00299,P0020,5,361.56,France,2024-06-23
T0014474,C01432,P0076,2,278.16,France,2024-11-28
T0014475,C01377,P0180,4,362.67,Germany,2024-01-25
T0014476,C00648,P0048,4,297.91,Brazil,2024-09-26
T0014477,C01038,P0180,1,400.75,USA,2024-09-10
T0014478,C01214,P0190,2,356.99,Japan,2024-11-29
T0014479,C01134,P0096,2,362.41,France,2024-12-01
T0014480,C00044,P0193,4,204.46,Japan,2024-11-04
T0014481,C01628,P0078,1,363.67,Israel,2024-03-30
T0014482,C01821,P0007,3,445.85,Israel,2024-06-02
T0014483,C01235,P0042,3,106.34,USA,2024-08-04
T0014484,C00559,P0183,2,112.33,Japan,2024-09-02
T0014485,C00009,P0101,5,414.52,UK,2024-09-03
T0014486,C00601,P0156,3,265.91,UK,2024-10-07
T0014487,C00118,P0059,3,333.91,Germany,2024-08-30
T0014488,C00720,P0113,4,316.42,Brazil,2024-10-20
T0014489,C00184,P0114,3,413.96,Japan,2024-02-04
T0014490,C01606,P0075,1,318.94,Japan,2024-06-20
T0014491,C01207,P0125,5,121.63,Israel,2024-03-02
T0014492,C01833,P0048,2,348.39,UK,2024-09-06
T0014493,C00004,P0194,5,407.6,Japan,2024-04-15
T0014494,C00106,P0057,1,108.05,UK,2024-08-28
T0014495,C01280,P0084,2,231.64,Italy,2024-09-16
T0014496,C01447,P0094,1,264.46,Germany,2024-02-16
T0014497,C00558,P0031,5,397.08,UK,2024-06-11
T0014498,C01984,P0194,1,382.14,Israel,2024-11-06
T0014499,C01899,P0103,2,381.44,Israel,2024-08-22
T0014500,C01799,P0048,5,354.6,Italy,2024-05-04
T0014501,C00359,P0045,1,63.93,Brazil,2024-06-12
T0014502,C01726,P0046,2,342.58,Spain,2024-01-29
T0014503,C00421,P0184,1,478.47,Canada,2024-02-21
T0014504,C00659,P0142,5,59.78,Brazil,2024-12-12
T0014505,C00926,P0168,4,113.92,France,2024-04-11
T0014506,C00936,P0071,2,75.71,France,2024-01-24
T0014507,C00322,P0034,3,152.24,Japan,2024-03-03
T0014508,C01756,P0075,3,365.0,Canada,2024-08-29
T0014509,C01227,P0091,2,56.5,UK,2024-05-18
T0014510,C01173,P0046,3,357.41,Spain,2024-04-18
T0014511,C00593,P0113,3,377.09,Israel,2024-03-05
T0014512,C00073,P0161,4,208.75,Italy,2024-08-10
T0014513,C00013,P0013,3,135.44,Canada,2024-02-24
T0014514,C00355,P0140,4,234.62,Italy,2024-07-12
T0014515,C01762,P0184,4,466.75,Brazil,2024-09-08
T0014516,C00720,P0187,2,402.96,Spain,2024-12-31
T0014517,C01586,P0164,5,303.35,France,2024-10-13
T0014518,C01206,P0047,4,239.03,Japan,2024-09-29
T0014519,C01382,P0075,4,331.78,Brazil,2024-01-25
T0014520,C01156,P0194,1,451.1,USA,2024-12-10
T0014521,C00774,P0054,5,225.55,Germany,2024-08-22
T0014522,C00614,P0190,4,373.54,Spain,2024-11-08
T0014523,C00742,P0048,2,339.04,Japan,2024-09-14
T0014524,C01184,P0033,5,337.72,Canada,2024-10-28
T0014525,C01262,P0103,3,380.36,Brazil,2024-12-24
T0014526,C00296,P0194,1,441.7,Brazil,2024-04-22
T0014527,C00758,P0084,1,229.01,Spain,2024-03-22
T0014528,C01378,P0019,5,220.34,Germany,2024-02-23
T0014529,C01365,P0019,1,196.88,USA,2024-03-28
T0014530,C00428,P0095,2,203.13,Canada,2024-02-21
T0014531,C00572,P0125,5,124.65,Germany,2024-10-04
T0014532,C01290,P0185,4,397.83,Canada,2024-04-29
T0014533,C00759,P0142,2,58.84,Japan,2024-09-07
T0014534,C01209,P0175,4,238.12,Germany,2024-08-21
T0014535,C00348,P0129,4,32.62,Israel,2024-02-04
T0014536,C01603,P0042,4,112.43,Germany,2024-09-13
T0014537,C01980,P0025,3,297.14,France,2024-06-05
T0014538,C00165,P0180,2,381.17,UK,2024-02-06
T0014539,C00198,P0070,4,19.01,Spain,2024-09-28
T0014540,C00691,P0156,2,235.67,Canada,2024-09-01
T0014541,C01719,P0156,5,275.61,Japan,2024-06-22
T0014542,C00488,P0134,2,226.59,Japan,2024-09-01
T0014543,C01762,P0077,3,70.21,USA,2024-07-06
T0014544,C00015,P0180,3,342.96,Canada,2024-03-27
T0014545,C00176,P0051,4,269.61,Spain,2024-07-28
T0014546,C01555,P0194,5,392.17,Japan,2024-12-30
T0014547,C00058,P0083,3,244.12,Spain,2024-10-24
T0014548,C01026,P0185,2,348.64,Canada,2024-07-04
T0014549,C00351,P0150,1,218.1,Italy,2024-05-16
T0014550,C01757,P0160,3,312.06,Germany,2024-09-15
T0014551,C00634,P0034,3,147.81,Germany,2024-01-19
T0014552,C01087,P0198,2,375.88,USA,2024-11-23
T0014553,C00763,P0031,4,411.71,France,2024-09-25
T0014554,C00174,P0065,2,276.01,France,2024-04-26
T0014555,C01140,P0136,5,159.0,Israel,2024-09-26
T0014556,C01732,P0197,1,238.14,Japan,2024-10-26
T0014557,C01378,P0156,2,233.42,USA,2024-02-25
T0014558,C00478,P0103,2,400.53,Germany,2024-07-26
T0014559,C00791,P0140,1,209.52,USA,2024-09-06
T0014560,C01873,P0013,5,118.77,Italy,2024-07-10
T0014561,C00985,P0101,2,407.23,Brazil,2024-03-07
T0014562,C00287,P0113,5,334.95,Brazil,2024-04-24
T0014563,C00801,P0019,1,204.31,France,2024-12-07
T0014564,C01512,P0141,2,184.72,UK,2024-09-04
T0014565,C00327,P0101,5,441.4,France,2024-09-06
T0014566,C00889,P0017,5,276.0,Japan,2024-06-30
T0014567,C01426,P0057,2,99.75,Canada,2024-12-22
T0014568,C01687,P0136,2,145.3,Italy,2024-02-28
T0014569,C01709,P0190,5,407.35,Italy,2024-02-13
T0014570,C00278,P0096,2,373.98,USA,2024-12-05
T0014571,C01348,P0031,4,382.94,Brazil,2024-08-27
T0014572,C00867,P0193,4,201.16,France,2024-12-28
T0014573,C00969,P0155,3,32.8,Brazil,2024-12-20
T0014574,C01583,P0187,3,394.15,USA,2024-06-13
T0014575,C00920,P0180,1,345.93,Brazil,2024-07-09
T0014576,C01671,P0079,3,271.56,Canada,2024-12-24
T0014577,C01900,P0061,4,384.32,Canada,2024-04-26
T0014578,C01366,P0075,5,335.83,Brazil,2024-05-21
T0014579,C01699,P0054,1,234.45,USA,2024-08-03
T0014580,C00588,P0046,2,327.29,Brazil,2024-05-21
T0014581,C00568,P0017,2,234.71,UK,2024-04-25
T0014582,C00341,P0103,5,380.15,UK,2024-08-22
T0014583,C00745,P0113,4,359.1,France,2024-04-26
T0014584,C01130,P0129,5,33.41,Canada,2024-07-29
T0014585,C01039,P0096,2,364.08,France,2024-11-16
T0014586,C01926,P0103,5,366.0,Japan,2024-05-27
T0014587,C01321,P0048,5,331.75,USA,2024-08-02
T0014588,C00591,P0108,1,478.79,UK,2024-11-20
T0014589,C01912,P0075,5,377.72,UK,2024-07-05
T0014590,C01731,P0163,1,63.88,UK,2024-08-26
T0014591,C00937,P0041,1,175.68,Brazil,2024-06-16
T0014592,C01118,P0025,2,283.33,Japan,2024-01-18
T0014593,C01715,P0013,2,141.04,Spain,2024-10-19
T0014594,C01856,P0051,5,257.04,France,2024-02-10
T0014595,C01572,P0045,1,62.35,Israel,2024-04-13
T0014596,C00571,P0177,4,121.11,Brazil,2024-11-16
T0014597,C01007,P0062,2,160.85,France,2024-06-14
T0014598,C01079,P0013,3,119.33,Israel,2024-07-20
T0014599,C00113,P0190,1,350.34,France,2024-08-31
T0014600,C01670,P0101,2,411.36,Italy,2024-01-09
T0014601,C01530,P0021,2,162.53,France,2024-07-18
T0014602,C00996,P0180,4,392.35,Canada,2024-04-03
T0014603,C01685,P0053,2,299.26,Israel,2024-01-29
T0014604,C01910,P0045,5,55.97,Brazil,2024-05-19
T0014605,C00569,P0185,1,351.05,USA,2024-04-11
T0014606,C00209,P0062,2,181.42,UK,2024-03-20
T0014607,C01933,P0077,2,79.52,Canada,2024-01-23
T0014608,C01239,P0075,2,391.89,Canada,2024-12-22
T0014609,C00409,P0129,3,32.25,UK,2024-05-18
T0014610,C00564,P0017,5,258.12,Israel,2024-01-20
T0014611,C01173,P0100,5,128.7,Brazil,2024-08-25
T0014612,C00070,P0023,1,409.8,Japan,2024-09-20
T0014613,C00726,P0094,2,282.67,France,2024-11-06
T0014614,C01031,P0168,1,122.09,USA,2024-09-19
T0014615,C01181,P0048,1,299.42,Canada,2024-04-04
T0014616,C00907,P0109,1,44.66,Israel,2024-06-11
T0014617,C01354,P0185,4,355.3,UK,2024-09-28
T0014618,C01383,P0163,5,57.04,Italy,2024-07-17
T0014619,C01453,P0002,5,409.94,Brazil,2024-07-14
T0014620,C00135,P0099,4,191.28,Italy,2024-06-24
T0014621,C00360,P0156,2,265.37,Italy,2024-09-28
T0014622,C01168,P0158,3,250.5,Japan,2024-04-12
T0014623,C00245,P0101,5,488.67,Brazil,2024-08-27
T0014624,C01984,P0096,5,334.56,France,2024-02-27
T0014625,C01690,P0145,2,298.3,Spain,2024-07-04
T0014626,C01400,P0024,5,476.09,Canada,2024-12-07
T0014627,C01691,P0013,4,125.8,France,2024-01-24
T0014628,C00538,P0100,2,123.01,Germany,2024-02-09
T0014629,C00904,P0119,5,127.22,Israel,2024-02-10
T0014630,C01611,P0103,3,358.85,France,2024-02-06
T0014631,C00527,P0140,1,233.64,Spain,2024-10-20
T0014632,C00168,P0119,4,122.57,Brazil,2024-06-06
T0014633,C01434,P0067,5,267.38,Italy,2024-03-10
T0014634,C00886,P0004,3,191.2,Japan,2024-04-22
T0014635,C00466,P0028,1,483.0,Japan,2024-10-15
T0014636,C00370,P0019,1,204.31,Germany,2024-08-03
T0014637,C01360,P0103,5,334.46,UK,2024-11-11
T0014638,C01223,P0159,1,188.97,USA,2024-02-22
T0014639,C00087,P0061,4,428.71,Canada,2024-06-23
T0014640,C00936,P0185,3,371.43,USA,2024-06-25
T0014641,C00768,P0025,1,325.58,France,2024-02-11
T0014642,C00436,P0004,3,158.41,France,2024-01-10
T0014643,C01560,P0190,1,395.55,Italy,2024-06-08
T0014644,C01959,P0096,4,344.52,Italy,2024-12-21
T0014645,C01568,P0189,2,327.88,USA,2024-09-26
T0014646,C01370,P0190,4,392.25,Germany,2024-01-11
T0014647,C00828,P0100,3,120.72,USA,2024-12-21
T0014648,C01051,P0134,4,189.66,Germany,2024-08-01
T0014649,C00277,P0094,4,280.2,Israel,2024-08-30
T0014650,C01753,P0094,2,262.64,Israel,2024-10-11
T0014651,C00759,P0079,4,249.7,France,2024-07-01
T0014652,C01542,P0093,2,34.28,Brazil,2024-04-02
T0014653,C00059,P0075,5,345.7,Italy,2024-01-05
T0014654,C01709,P0113,4,390.22,Japan,2024-05-01
T0014655,C00099,P0013,5,N/A,Germany,2024-07-15
T0014656,C01759,P0075,5,331.31,France
T0014657,C00534,P0134,2,212.06,USA,2024-11-01
T0014658,C01631,P0075,2,382.82,Germany,2024-07-22
T0014659,C01823,P0001,1,271.34,UK,2024-03-25
T0014660,C01917,P0141,5,206.05,UK,2024-01-27
T0014661,C00777,P0048,1,289.36,UK,2024-02-10
T0014662,C01724,P0163,5,60.35,Germany,2024-07-01
T0014663,C00582,P0057,3,106.63,Japan,2024-09-29
T0014664,C01956,P0013,1,126.02,Germany,2024-05-27
T0014665,C01157,P0126,1,356.87,Brazil,2024-03-30
T0014666,C01669,P0125,2,134.03,Italy,2024-06-09
T0014667,C00656,P0096,4,393.78,UK,2024-07-03
T0014668,C01217,P0019,5,215.11,Canada,2024-11-16
T0014669,C00069,P0190,1,342.73,Spain,2024-10-18
T0014670,C00649,P0113,3,330.42,Israel,2024-05-14
T0014671,C00255,P0034,1,133.5,UK,2024-04-06
T0014672,C00562,P0177,4,137.88,Canada,2024-11-26
T0014673,C01448,P0122,4,214.31,France,2024-03-23
T0014674,C01583,P0180,5,329.6,USA,2024-12-30
T0014675,C01075,P0048,3,318.36,Israel,2024-01-29
T0014676,C01321,P0065,3,239.56,Germany,2024-11-28
T0014677,C01470,P0013,2,124.0,Japan,2024-12-11
T0014678,C00567,P0101,1,399.26,Brazil,2024-08-01
T0014679,C01583,P0067,5,256.49,UK,2024-04-11
T0014680,C01842,P0113,1,340.07,France,2024-11-22
T0014681,C00343,P0099,4,202.54,Canada,2024-10-11
T0014682,C01923,P0116,3,72.81,USA,2024-02-21
T0014683,C00208,P0118,5,424.84,Brazil,2024-04-11
T0014684,C01106,P0061,5,434.73,Spain,2024-07-23
T0014685,C00968,P0129,1,39.08,Germany,2024-08-14
T0014686,C00769,P0077,5,70.98,Canada,2024-06-01
T0014687,C01227,P0195,3,129.54,Brazil,2024-11-20
T0014688,C00946,P0013,5,131.16,Spain,2024-10-06
T0014689,C01264,P0140,3,237.61,Canada,2024-12-22
T0014690,C01772,P0062,5,152.26,Germany,2024-06-16
T0014691,C00471,P0075,2,328.65,Germany,2024-01-03
T0014692,C01804,P0192,4,241.21,Israel,2024-04-26
T0014693,C01307,P0088,1,81.84,Canada,2024-07-17
T0014694,C01395,P0062,4,162.01,Japan,2024-11-10
T0014695,C01756,P0190,5,374.83,Germany,2024-12-09
T0014696,C00020,P0198,1,331.73,Brazil,2024-08-31
T0014697,C00500,P0013,3,138.06,Israel,2024-01-03
T0014698,C01913,P0136,5,155.06,USA,2024-08-30
T0014699,C00586,P0013,5,134.65,Brazil,2024-05-19
T0014700,C01578,P0042,1,106.5,Brazil,2024-02-15
T0014701,C00256,P0175,4,234.42,Japan,2024-03-25
T0014702,C00638,P0034,2,152.9,Germany,2024-06-25
T0014703,C00732,P0129,1,38.42,Japan,2024-07-23
T0014704,C00238,P0045,5,62.61,UK,2024-07-05
T0014705,C01513,P0059,4,319.58,France,2024-09-01
T0014706,C00892,P0075,5,383.29,Germany,2024-05-03
T0014707,C00255,P0106,1,73.58,USA,2024-03-23
T0014708,C00403,P0054,4,209.5,Brazil,2024-12-04
T0014709,C00441,P0176,3,191.45,UK,2024-10-25
T0014710,C00006,P0134,4,216.54,France,2024-11-08
T0014711,C01134,P0046,5,334.98,Brazil,2024-03-13
T0014712,C00809,P0186,2,358.22,Israel,2024-03-15
T0014713,C01672,P0127,5,433.18,Germany,2024-05-20
T0014714,C00590,P0127,3,412.65,Spain,2024-05-31
T0014715,C00080,P0101,4,399.13,Japan,2024-05-12
T0014716,C01269,P0080,5,53.05,Canada,2024-10-26
T0014717,C01960,P0057,4,93.29,France,2024-05-08
T0014718,C01077,P0131,5,122.77,Spain,2024-03-08
T0014719,C00101,P0067,4,229.37,USA,2024-04-29
T0014720,C00499,P0134,3,207.36,Spain,2024-04-06
T0014721,C01071,P0075,1,343.58,Japan,2024-05-26
T0014722,C01063,P0180,3,383.81,Spain,2024-08-15
T0014723,C01133,P0187,3,352.09,Italy,2024-04-17
T0014724,C00687,P0045,5,58.65,Israel,2024-12-03
T0014725,C00900,P0198,1,344.07,USA,2024-03-04
T0014726,C00391,P0183,2,93.91,UK,2024-06-29
T0014727,C01273,P0181,4,295.5,UK,2024-07-20
T0014728,C00975,P0163,4,65.34,Spain,2024-12-06
T0014729,C00014,P0180,5,358.41,UK,2024-10-16
T0014730,C00489,P0086,5,51.74,Germany,2024-10-16
T0014731,C00327,P0061,5,398.9,Brazil,2024-09-10
T0014732,C00676,P0190,4,341.35,Spain,2024-07-19
T0014733,C00378,P0017,4,260.71,Spain,2024-01-23
T0014734,C00910,P0129,1,37.91,UK,2024-11-21
T0014735,C01416,P0086,5,62.45,Italy,2024-07-27
T0014736,C00386,P0170,1,375.56,Canada,2024-12-30
T0014737,C01932,P0045,5,61.78,Italy,2024-08-17
T0014738,C00964,P0048,4,291.79,Spain,2024-09-06
T0014739,C00004,P0149,2,435.89,Canada,2024-07-28
T0014740,C01645,P0062,4,175.87,UK,2024-06-26
T0014741,C00680,P0136,3,141.49,UK,2024-05-29
T0014742,C00542,P0090,4,171.23,Brazil,2024-04-30
T0014743,C01105,P0185,4,366.8,Brazil,2024-12-04
T0014744,C01750,P0122,4,210.56,Canada,2024-11-01
T0014745,C00241,P0070,5,22.25,Brazil,2024-04-04
T0014746,C01457,P0077,4,71.66,Italy,2024-09-28
T0014747,C00111,P0000,1,192.3,Spain,2024-02-08
T0014748,C00582,P0046,4,386.5,Israel,2024-02-09
T0014749,C01346,P0101,3,465.09,UK,2024-01-06
T0014750,C00992,P0046,5,346.31,Canada,2024-08-30
T0014751,C00696,P0104,4,46.31,Brazil,2024-02-29
T0014752,C01513,P0101,3,481.7,Germany,2024-01-25
T0014753,C01083,P0140,3,256.39,USA,2024-10-12
T0014754,C01946,P0013,2,119.47,Brazil,2024-03-05
T0014755,C00311,P0185,3,356.71,Spain,2024-06-17
T0014756,C01918,P0088,1,96.6,Israel,2024-03-15
T0014757,C00494,P0025,1,329.53,Brazil,2024-10-01
T0014758,C00241,P0077,5,78.63,UK,2024-05-05
T0014759,C01751,P0077,5,74.49,Italy,2024-01-17
T0014760,C01421,P0070,3,18.38,France,2024-09-21
T0014761,C00155,P0125,3,139.44,Canada,2024-09-25
T0014762,C00509,P0115,5,367.76,France,2024-04-05
T0014763,C00830,P0067,1,274.11,France,2024-11-12
T0014764,C01193,P0142,3,70.42,Israel,2024-02-21
T0014765,C01642,P0106,5,74.64,Israel,2024-09-12
T0014766,C00466,P0051,3,253.32,Canada,2024-01-27
T0014767,C00825,P0198,2,345.04,Canada,2024-10-07
T0014768,C00712,P0142,2,62.19,Spain,2024-12-01
T0014769,C00407,P0048,4,349.64,Japan,2024-11-14
T0014770,C01023,P0177,2,137.15,UK,2024-08-17
T0014771,C00234,P0171,2,374.55,Italy,2024-03-09
T0014772,C01040,P0190,1,416.02,Brazil,2024-12-03
T0014773,C01827,P0165,2,406.92,Brazil,2024-05-29
T0014774,C01608,P0176,5,173.1,USA,2024-03-09
T0014775,C01151,P0125,4,130.02,Italy,2024-12-10
T0014776,C00611,P0101,3,416.61,Spain,2024-03-16
T0014777,C01961,P0070,5,19.57,Canada,2024-12-26
T0014778,C00325,P0102,4,108.23,France,2024-01-20
T0014779,C00261,P0185,4,342.67,USA,2024-10-17
T0014780,C00797,P0185,4,364.97,Canada,2024-02-08
T0014781,C00222,P0161,5,214.79,France,2024-06-26
T0014782,C00779,P0125,5,131.68,USA,2024-01-17
T0014783,C01310,P0119,5,130.21,Italy,2024-11-13
T0014784,C01324,P0129,3,32.52,Spain,2024-03-25
T0014785,C00380,P0125,3,128.47,UK,2024-02-08
T0014786,C01898,P0125,2,116.03,Brazil,2024-06-28
T0014787,C00942,P0194,4,415.01,Spain,2024-07-06
T0014788,C01425,P0046,2,317.0,Italy,2024-03-24
T0014789,C00433,P0052,2,389.71,Japan,2024-11-25
T0014790,C01289,P0154,1,48.04,UK,2024-08-09
T0014791,C01644,P0013,3,117.22,Japan,2024-02-20
T0014792,C00886,P0002,5,385.74,Spain,2024-08-09
T0014793,C00068,P0108,3,464.35,UK,2024-07-17
T0014794,C00110,P0096,2,364.18,Italy,2024-06-15
T0014795,C00312,P0180,4,387.69,Brazil,2024-03-26
T0014796,C01312,P0109,3,52.06,Germany,2024-06-17
T0014797,C01384,P0109,2,45.44,Israel,2024-11-22
T0014798,C00242,P0097,3,218.39,UK,2024-01-07
T0014799,C00552,P0194,2,364.22,UK,2024-08-26
T0014800,C00550,P0190,1,335.74,Canada,2024-07-26
T0014801,C01109,P0097,2,215.54,Germany,2024-09-18
T0014802,C01620,P0109,5,49.93,USA,2024-05-25
T0014803,C01640,P0141,5,215.34,Israel,2024-09-16
T0014804,C01394,P0180,4,368.83,Brazil,2024-09-09
T0014805,C00419,P0042,1,117.89,USA,2024-11-01
T0014806,C00027,P0101,5,452.22,Japan,2024-09-09
T0014807,C01154,P0142,5,62.69,Japan,2024-11-10
T0014808,C01335,P0190,3,359.18,Spain,2024-10-17
T0014809,C00984,P0034,5,151.9,Brazil,2024-02-29
T0014810,C00561,P0184,3,483.74,Italy,2024-07-01
T0014811,C01466,P0046,4,369.06,Brazil,2024-02-14
T0014812,C01122,P0015,5,115.91,Canada,2024-10-09
T0014813,C01060,P0156,5,242.01,Japan,2024-10-21
T0014814,C00397,P0156,3,220.86,Canada,2024-03-03
T0014815,C00589,P0042,2,110.81,Spain,2024-01-13
T0014816,C01909,P0176,4,180.06,Spain,2024-06-29
T0014817,C01291,P0019,2,221.12,USA,2024-09-11
T0014818,C01474,P0082,1,103.42,USA,2024-05-23
T0014819,C00890,P0165,3,395.02,Spain,2024-06-19
T0014820,C00432,P0180,3,394.24,Canada,2024-04-12
T0014821,C00804,P0079,4,253.79,Israel,2024-09-11
T0014822,C01254,P0075,4,365.29,Brazil,2024-04-25
T0014823,C00770,P0185,5,347.58,UK,2024-10-30
T0014824,C00402,P0177,2,140.09,UK,2024-01-11
T0014825,C00816,P0190,4,388.24,France,2024-10-16
T0014826,C01732,P0054,5,244.96,UK,2024-03-06
T0014827,C00717,P0046,5,340.49,Israel,2024-12-30
T0014828,C01105,P0125,3,124.81,Canada,2024-10-14
T0014829,C00301,P0194,5,371.63,Japan,2024-03-05
T0014830,C01925,P0117,1,177.32,France,2024-08-31
T0014831,C01309,P0013,3,137.02,USA,2024-06-05
T0014832,C01446,P0095,5,190.11,Germany,2024-01-18
T0014833,C01579,P0131,3,118.22,USA,2024-05-01
T0014834,C00667,P0163,1,62.66,France,2024-10-31
T0014835,C00216,P0088,1,86.47,Spain,2024-03-31
T0014836,C01980,P0145,2,308.94,USA,2024-09-13
T0014837,C00974,P0067,2,229.56,Canada,2024-07-14
T0014838,C01840,P0021,3,154.93,Italy,2024-10-09
T0014839,C00352,P0076,1,283.87,Spain,2024-12-08
T0014840,C01977,P0077,1,78.75,France,2024-01-01
T0014841,C00231,P0134,4,222.2,Italy,2024-03-01
T0014842,C00718,P0131,4,107.3,Israel,2024-04-11
T0014843,C00597,P0156,1,265.52,Canada,2024-02-22
T0014844,C00189,P0164,2,284.85,USA,2024-02-05
T0014845,C00621,P0129,5,38.88,Canada,2024-08-01
T0014846,C01263,P0156,2,272.08,USA,2024-04-12
T0014847,C00077,P0069,5,187.06,USA,2024-10-19
T0014848,C00794,P0105,3,174.38,Canada,2024-03-30
T0014849,C01135,P0046,2,367.18,UK,2024-05-26
T0014850,C01160,P0180,1,404.28,Germany,2024-12-25
T0014851,C00931,P0190,2,350.55,Italy,2024-03-04
T0014852,C01076,P0023,4,494.65,UK,2024-08-14
T0014853,C00703,P0023,1,439.45,Spain,2024-01-26
T0014854,C00912,P0019,5,214.0,Israel,2024-11-12
T0014855,C00255,P0080,2,46.36,Israel,2024-02-20
T0014856,C01082,P0148,3,263.39,Spain,2024-01-19
T0014857,C00791,P0062,1,176.0,Israel,2024-08-20
T0014858,C00150,P0082,1,120.01,Israel,2024-05-14
T0014859,C01653,P0154,1,46.68,Israel,2024-05-03
T0014860,C00740,P0131,1,121.53,Spain,2024-10-19
T0014861,C00911,P0013,1,138.33,Japan,2024-06-03
T0014862,C01828,P0101,1,484.6,Germany,2024-01-07
T0014863,C01872,P0103,5,367.82,Italy,2024-12-08
T0014864,C01183,P0049,2,297.35,Spain,2024-11-06
T0014865,C01155,P0156,2,238.59,France,2024-11-17
T0014866,C00717,P0159,1,214.09,Italy,2024-01-10
T0014867,C00160,P0113,5,326.71,Israel,2024-03-25
T0014868,C00454,P0194,1,423.16,UK,2024-07-30
T0014869,C01407,P0185,3,390.53,Italy,2024-03-16
T0014870,C00958,P0185,1,398.04,Spain,2024-07-28
T0014871,C01410,P0045,4,53.9,Israel,2024-08-07
T0014872,C01667,P0176,4,176.47,Italy,2024-07-09
T0014873,C00732,P0028,2,404.45,Brazil,2024-07-14
T0014874,C01780,P0057,5,111.24,Spain,2024-09-26
T0014875,C00991,P0013,5,134.34,Italy,2024-10-03
T0014876,C00166,P0131,1,101.65,France,2024-06-10
T0014877,C00640,P0136,2,139.99,Israel,2024-12-23
T0014878,C00185,P0121,4,264.91,France,2024-06-27
T0014879,C00120,P0065,2,260.88,USA,2024-03-10
T0014880,C01940,P0084,4,239.14,USA,2024-02-03
T0014881,C01505,P0175,5,213.06,USA,2024-12-04
T0014882,C01268,P0101,5,455.5,Japan,2024-08-05
T0014883,C00065,P0190,2,358.74,Israel,2024-05-07
T0014884,C01443,P0163,2,56.63,Canada,2024-09-25
T0014885,C01962,P0136,4,160.95,Spain,2024-09-19
T0014886,C01121,P0142,1,58.46,Italy,2024-09-10
T0014887,C00940,P0146,2,231.59,USA,2024-01-10
T0014888,C01956,P0008,1,344.76,Germany,2024-07-10
T0014889,C00226,P0076,5,304.76,Brazil,2024-09-15
T0014890,C00477,P0024,5,404.1,UK,2024-07-15
T0014891,C00743,P0034,5,142.74,Spain,2024-07-07
T0014892,C00897,P0199,4,364.39,Brazil,2024-04-13
T0014893,C00953,P0048,2,287.0,Spain,2024-09-03
T0014894,C00038,P0048,1,321.77,Germany,2024-05-08
T0014895,C00089,P0169,2,66.79,USA,2024-03-13
T0014896,C01273,P0072,1,272.96,Israel,2024-02-06
T0014897,C01988,P0190,1,372.34,UK,2024-09-02
T0014898,C00690,P0073,3,190.62,USA,2024-01-30
T0014899,C00585,P0034,4,160.16,Brazil,2024-02-10
T0014900,C01705,P0196,5,107.72,Israel,2024-05-15
T0014901,C01419,P0045,5,53.45,France,2024-04-13
T0014902,C01550,P0180,3,345.87,Japan,2024-05-13
T0014903,C00656,P0171,5,375.94,Spain,2024-09-03
T0014904,C01020,P0105,4,191.27,Canada,2024-11-11
T0014905,C01026,P0177,4,123.14,UK,2024-11-15
T0014906,C01002,P0125,5,133.88,Japan,2024-04-29
T0014907,C01616,P0180,1,349.53,Japan,2024-06-02
T0014908,C01845,P0109,1,50.5,Italy,2024-02-16
T0014909,C00533,P0177,3,134.28,Italy,2024-06-01
T0014910,C00562,P0121,2,294.72,Spain,2024-09-04
T0014911,C01621,P0192,5,210.54,France,2024-05-15
T0014912,C00299,P0109,1,52.3,UK,2024-04-26
T0014913,C00440,P0058,1,224.47,USA,2024-04-10
T0014914,C00383,P0056,3,316.33,Japan,2024-07-29
T0014915,C00203,P0060,3,422.3,Germany,2024-01-30
T0014916,C00230,P0129,1,33.86,Brazil,2024-04-10
T0014917,C00253,P0190,2,412.69,UK,2024-08-27
T0014918,C01534,P0075,4,354.42,Brazil,2024-02-17
T0014919,C01072,P0137,4,250.53,Japan,2024-07-03
T0014920,C00009,P0113,3,392.07,Israel,2024-06-03
T0014921,C00295,P0136,5,162.38,Canada,2024-09-16
T0014922,C00945,P0180,4,334.48,France,2024-09-22
T0014923,C00957,P0101,5,423.94,Italy,2024-01-17
T0014924,C00496,P0100,4,110.88,Israel,2024-08-25
T0014925,C00432,P0007,1,434.49,Germany,2024-03-03
T0014926,C00324,P0141,5,210.29,Germany,2024-01-31
T0014927,C01167,P0048,4,312.72,France,2024-05-06
T0014928,C00059,P0198,5,336.34,Israel,2024-11-09
T0014929,C00711,P0101,3,449.73,Israel,2024-01-21
T0014930,C01537,P0164,1,294.16,Japan,2024-03-22
T0014931,C00059,P0179,4,210.63,Israel,2024-03-11
T0014932,C01515,P0155,2,32.34,USA,2024-07-29
T0014933,C00300,P0194,3,372.09,Italy,2024-04-15
T0014934,C01288,P0103,4,347.09,USA,2024-08-27
T0014935,C00241,P0177,1,145.43,Germany,2024-11-25
T0014936,C01644,P0194,4,363.57,Germany,2024-03-14
T0014937,C01790,P0177,1,129.97,USA,2024-11-13
T0014938,C00008,P0054,4,241.23,Germany,2024-11-01
T0014939,C00624,P0134,5,218.93,Canada,2024-09-10
T0014940,C01170,P0101,3,425.46,Canada,2024-09-15
T0014941,C01333,P0109,5,51.93,Canada,2024-11-17
T0014942,C00723,P0185,2,334.28,France,2024-04-23
T0014943,C00491,P0136,5,154.33,UK,2024-12-21
T0014944,C01544,P0194,5,419.56,Italy,2024-01-16
T0014945,C01980,P0048,3,342.81,Brazil,2024-03-26
T0014946,C01392,P0187,5,403.02,Canada,2024-12-18
T0014947,C01018,P0177,4,138.86,Italy,2024-07-28
T0014948,C01590,P0103,4,370.69,France,2024-07-10
T0014949,C01681,P0032,3,377.62,Germany,2024-10-19
T0014950,C01634,P0048,3,329.26,USA,2024-09-23
T0014951,C01573,P0075,4,355.1,Italy,2024-12-12
T0014952,C01314,P0185,2,393.96,UK,2024-09-04
T0014953,C01345,P0136,3,150.5,Germany,2024-10-09
T0014954,C01992,P0156,4,267.26,Japan,2024-01-20
T0014955,C00253,P0075,4,378.06,Canada,2024-05-16
T0014956,C01161,P0090,4,183.16,Brazil,2024-06-27
T0014957,C01198,P0194,4,390.61,Italy,2024-06-07
T0014958,C01445,P0065,3,278.97,Israel,2024-01-22
T0014959,C00859,P0013,4,139.42,UK,2024-11-09
T0014960,C01855,P0048,2,313.99,UK,2024-11-12
T0014961,C01794,P0096,2,337.11,Spain,2024-05-15
T0014962,C00291,P0127,5,445.3,France,2024-03-05
T0014963,C00413,P0075,2,366.77,Spain,2024-06-25
T0014964,C01173,P0125,5,122.9,Spain,2024-01-24
T0014965,C00857,P0146,2,234.14,France,2024-05-03
T0014966,C00003,P0025,5,312.93,France,2024-09-01
T0014967,C00511,P0047,2,249.26,Canada,2024-05-06
T0014968,C01434,P0198,2,316.59,Spain,2024-11-01
T0014969,C00682,P0036,3,183.93,Japan,2024-01-14
T0014970,C01160,P0150,5,220.28,Spain,2024-09-13
T0014971,C01606,P0185,4,356.21,UK,2024-11-28
T0014972,C01301,P0102,5,105.89,Canada,2024-11-30
T0014973,C01591,P0086,3,53.84,Germany,2024-06-08
T0014974,C00099,P0094,2,275.68,Italy,2024-05-15
T0014975,C01571,P0129,1,38.32,France,2024-12-23
T0014976,C00513,P0046,5,341.47,Spain,2024-09-02
T0014977,C00309,P0102,2,122.57,USA,2024-05-24
T0014978,C01585,P0159,5,206.98,France,2024-12-01
T0014979,C00086,P0156,2,275.67,Israel,2024-12-09
T0014980,C00409,P0084,5,228.13,Italy,2024-02-17
T0014981,C01070,P0134,5,202.57,Spain,2024-11-17
T0014982,C00099,P0187,4,382.77,Brazil,2024-07-18
T0014983,C00721,P0017,5,235.08,USA,2024-12-08
T0014984,C00085,P0133,3,294.24,Japan,2024-03-27
T0014985,C00741,P0125,4,130.26,Japan,2024-06-09
T0014986,C00989,P0075,1,353.52,USA,2024-08-15
T0014987,C01488,P0046,2,349.44,France,2024-08-26
T0014988,C01493,P0160,1,267.21,Japan,2024-03-13
T0014989,C01066,P0008,2,366.92,Brazil,2024-06-13
T0014990,C01570,P0184,4,446.98,Brazil,2024-06-10
T0014991,C01413,P0109,4,48.47,France,2024-05-26
T0014992,C00524,P0046,4,368.92,UK,2024-11-28
T0014993,C00559,P0136,1,156.68,Japan,2024-08-06
T0014994,C00592,P0099,4,166.29,Israel,2024-10-02
T0014995,C01257,P0103,2,409.28,Japan,2024-07-21
T0014996,C01184,P0131,4,108.58,USA,2024-06-01
T0014997,C01498,P0075,1,324.17,Brazil,2024-09-07
T0014998,C00088,P0180,4,341.08,Japan,2024-03-06
T0014999,C01472,P0167,4,274.35,Israel,2024-03-05
